<?xml version="1.0"?>
<Ontology xmlns="http://www.w3.org/2002/07/owl#"
     xml:base="http://www.biopax.org/release/biopax-level3.owl"
     xmlns:rdf="http://www.w3.org/1999/02/22-rdf-syntax-ns#"
     xmlns:xml="http://www.w3.org/XML/1998/namespace"
     xmlns:xsd="http://www.w3.org/2001/XMLSchema#"
     xmlns:rdfs="http://www.w3.org/2000/01/rdf-schema#"
     ontologyIRI="http://www.biopax.org/release/biopax-level3.owl">
    <Prefix name="owl" IRI="http://www.w3.org/2002/07/owl#"/>
    <Prefix name="rdf" IRI="http://www.w3.org/1999/02/22-rdf-syntax-ns#"/>
    <Prefix name="xml" IRI="http://www.w3.org/XML/1998/namespace"/>
    <Prefix name="xsd" IRI="http://www.w3.org/2001/XMLSchema#"/>
    <Prefix name="rdfs" IRI="http://www.w3.org/2000/01/rdf-schema#"/>
    <Declaration>
        <Class IRI="#ExperimentalFormVocabulary"/>
    </Declaration>
    <Declaration>
        <Class IRI="#BiochemicalPathwayStep"/>
    </Declaration>
    <Declaration>
        <Class IRI="#Gene"/>
    </Declaration>
    <Declaration>
        <ObjectProperty IRI="#subRegion"/>
    </Declaration>
    <Declaration>
        <ObjectProperty IRI="#componentStoichiometry"/>
    </Declaration>
    <Declaration>
        <DataProperty IRI="#eCNumber"/>
    </Declaration>
    <Declaration>
        <DataProperty IRI="#source"/>
    </Declaration>
    <Declaration>
        <ObjectProperty IRI="#left"/>
    </Declaration>
    <Declaration>
        <Class IRI="#GeneticInteraction"/>
    </Declaration>
    <Declaration>
        <ObjectProperty IRI="#structure"/>
    </Declaration>
    <Declaration>
        <ObjectProperty IRI="#phenotype"/>
    </Declaration>
    <Declaration>
        <Class IRI="#RnaRegionReference"/>
    </Declaration>
    <Declaration>
        <ObjectProperty IRI="#pathwayComponent"/>
    </Declaration>
    <Declaration>
        <ObjectProperty IRI="#xref"/>
    </Declaration>
    <Declaration>
        <ObjectProperty IRI="#entityReference"/>
    </Declaration>
    <Declaration>
        <ObjectProperty IRI="#regionType"/>
    </Declaration>
    <Declaration>
        <Class IRI="#Xref"/>
    </Declaration>
    <Declaration>
        <Class IRI="#Dna"/>
    </Declaration>
    <Declaration>
        <DataProperty IRI="#url"/>
    </Declaration>
    <Declaration>
        <ObjectProperty IRI="#memberEntityReference"/>
    </Declaration>
    <Declaration>
        <DataProperty IRI="#kPrime"/>
    </Declaration>
    <Declaration>
        <ObjectProperty IRI="#stepProcess"/>
    </Declaration>
    <Declaration>
        <Class IRI="#RnaRegion"/>
    </Declaration>
    <Declaration>
        <Class IRI="#RnaReference"/>
    </Declaration>
    <Declaration>
        <ObjectProperty IRI="#tissue"/>
    </Declaration>
    <Declaration>
        <DataProperty IRI="#comment"/>
    </Declaration>
    <Declaration>
        <Class IRI="#EvidenceCodeVocabulary"/>
    </Declaration>
    <Declaration>
        <Class IRI="#DeltaG"/>
    </Declaration>
    <Declaration>
        <DataProperty IRI="#db"/>
    </Declaration>
    <Declaration>
        <Class IRI="#PublicationXref"/>
    </Declaration>
    <Declaration>
        <ObjectProperty IRI="#sequenceIntervalEnd"/>
    </Declaration>
    <Declaration>
        <DataProperty IRI="#controlType"/>
    </Declaration>
    <Declaration>
        <Class IRI="#Entity"/>
    </Declaration>
    <Declaration>
        <ObjectProperty IRI="#experimentalForm"/>
    </Declaration>
    <Declaration>
        <Class IRI="#SmallMoleculeReference"/>
    </Declaration>
    <Declaration>
        <Class IRI="#CellVocabulary"/>
    </Declaration>
    <Declaration>
        <Class IRI="#RelationshipXref"/>
    </Declaration>
    <Declaration>
        <DataProperty IRI="#availability"/>
    </Declaration>
    <Declaration>
        <Class IRI="#SmallMolecule"/>
    </Declaration>
    <Declaration>
        <Class IRI="#BioSource"/>
    </Declaration>
    <Declaration>
        <ObjectProperty IRI="#physicalEntity"/>
    </Declaration>
    <Declaration>
        <Class IRI="#PathwayStep"/>
    </Declaration>
    <Declaration>
        <Class IRI="#SequenceSite"/>
    </Declaration>
    <Declaration>
        <Class IRI="#BiochemicalReaction"/>
    </Declaration>
    <Declaration>
        <ObjectProperty IRI="#controller"/>
    </Declaration>
    <Declaration>
        <Class IRI="#RelationshipTypeVocabulary"/>
    </Declaration>
    <Declaration>
        <DataProperty IRI="#conversionDirection"/>
    </Declaration>
    <Declaration>
        <DataProperty IRI="#value"/>
    </Declaration>
    <Declaration>
        <Class IRI="#FragmentFeature"/>
    </Declaration>
    <Declaration>
        <Class IRI="#KPrime"/>
    </Declaration>
    <Declaration>
        <Class IRI="#SequenceRegionVocabulary"/>
    </Declaration>
    <Declaration>
        <Class IRI="#ComplexAssembly"/>
    </Declaration>
    <Declaration>
        <ObjectProperty IRI="#right"/>
    </Declaration>
    <Declaration>
        <ObjectProperty IRI="#participantStoichiometry"/>
    </Declaration>
    <Declaration>
        <Class IRI="#Catalysis"/>
    </Declaration>
    <Declaration>
        <ObjectProperty IRI="#featureLocationType"/>
    </Declaration>
    <Declaration>
        <Class IRI="#Degradation"/>
    </Declaration>
    <Declaration>
        <Class IRI="#DnaRegion"/>
    </Declaration>
    <Declaration>
        <ObjectProperty IRI="#entityFeature"/>
    </Declaration>
    <Declaration>
        <ObjectProperty IRI="#evidenceCode"/>
    </Declaration>
    <Declaration>
        <ObjectProperty IRI="#memberPhysicalEntity"/>
    </Declaration>
    <Declaration>
        <DataProperty IRI="#intraMolecular"/>
    </Declaration>
    <Declaration>
        <ObjectProperty IRI="#memberFeature"/>
    </Declaration>
    <Declaration>
        <Class IRI="#EntityReference"/>
    </Declaration>
    <Declaration>
        <DataProperty IRI="#pMg"/>
    </Declaration>
    <Declaration>
        <Class IRI="#DnaReference"/>
    </Declaration>
    <Declaration>
        <Class IRI="#ExperimentalForm"/>
    </Declaration>
    <Declaration>
        <Class IRI="#TransportWithBiochemicalReaction"/>
    </Declaration>
    <Declaration>
        <Class IRI="#ModificationFeature"/>
    </Declaration>
    <Declaration>
        <ObjectProperty IRI="#controlled"/>
    </Declaration>
    <Declaration>
        <ObjectProperty IRI="#component"/>
    </Declaration>
    <Declaration>
        <ObjectProperty IRI="#bindsTo"/>
    </Declaration>
    <Declaration>
        <DataProperty IRI="#chemicalFormula"/>
    </Declaration>
    <Declaration>
        <Class IRI="#CovalentBindingFeature"/>
    </Declaration>
    <Declaration>
        <DataProperty IRI="#sequence"/>
    </Declaration>
    <Declaration>
        <ObjectProperty IRI="#organism"/>
    </Declaration>
    <Declaration>
        <DataProperty IRI="#spontaneous"/>
    </Declaration>
    <Declaration>
        <Class IRI="#ProteinReference"/>
    </Declaration>
    <Declaration>
        <DataProperty IRI="#structureData"/>
    </Declaration>
    <Declaration>
        <DataProperty IRI="#catalysisDirection"/>
    </Declaration>
    <Declaration>
        <Class IRI="#UnificationXref"/>
    </Declaration>
    <Declaration>
        <ObjectProperty IRI="#pathwayOrder"/>
    </Declaration>
    <Declaration>
        <ObjectProperty IRI="#product"/>
    </Declaration>
    <Declaration>
        <ObjectProperty IRI="#feature"/>
    </Declaration>
    <Declaration>
        <ObjectProperty IRI="#kEQ"/>
    </Declaration>
    <Declaration>
        <DataProperty IRI="#patoData"/>
    </Declaration>
    <Declaration>
        <ObjectProperty IRI="#modificationType"/>
    </Declaration>
    <Declaration>
        <Class IRI="#Protein"/>
    </Declaration>
    <Declaration>
        <Class IRI="#Conversion"/>
    </Declaration>
    <Declaration>
        <DataProperty IRI="#id"/>
    </Declaration>
    <Declaration>
        <DataProperty IRI="#stoichiometricCoefficient"/>
    </Declaration>
    <Declaration>
        <DataProperty IRI="#sequencePosition"/>
    </Declaration>
    <Declaration>
        <ObjectProperty IRI="#scoreSource"/>
    </Declaration>
    <Declaration>
        <Class IRI="#TemplateReaction"/>
    </Declaration>
    <Declaration>
        <ObjectProperty IRI="#interactionType"/>
    </Declaration>
    <Declaration>
        <Class IRI="#CellularLocationVocabulary"/>
    </Declaration>
    <Declaration>
        <DataProperty IRI="#deltaH"/>
    </Declaration>
    <Declaration>
        <DataProperty IRI="#positionStatus"/>
    </Declaration>
    <Declaration>
        <Class IRI="#Pathway"/>
    </Declaration>
    <Declaration>
        <Class IRI="#TissueVocabulary"/>
    </Declaration>
    <Declaration>
        <DataProperty IRI="#deltaS"/>
    </Declaration>
    <Declaration>
        <ObjectProperty IRI="#template"/>
    </Declaration>
    <Declaration>
        <ObjectProperty IRI="#cofactor"/>
    </Declaration>
    <Declaration>
        <DataProperty IRI="#templateDirection"/>
    </Declaration>
    <Declaration>
        <Class IRI="#Complex"/>
    </Declaration>
    <Declaration>
        <ObjectProperty IRI="#cellularLocation"/>
    </Declaration>
    <Declaration>
        <Class IRI="#SequenceInterval"/>
    </Declaration>
    <Declaration>
        <ObjectProperty IRI="#dataSource"/>
    </Declaration>
    <Declaration>
        <DataProperty IRI="#ph"/>
    </Declaration>
    <Declaration>
        <Class IRI="#Rna"/>
    </Declaration>
    <Declaration>
        <Class IRI="#ControlledVocabulary"/>
    </Declaration>
    <Declaration>
        <ObjectProperty IRI="#interactionScore"/>
    </Declaration>
    <Declaration>
        <ObjectProperty IRI="#stepConversion"/>
    </Declaration>
    <Declaration>
        <DataProperty IRI="#year"/>
    </Declaration>
    <Declaration>
        <Class IRI="#PhysicalEntity"/>
    </Declaration>
    <Declaration>
        <ObjectProperty IRI="#notFeature"/>
    </Declaration>
    <Declaration>
        <ObjectProperty IRI="#absoluteRegion"/>
    </Declaration>
    <Declaration>
        <Class IRI="#Provenance"/>
    </Declaration>
    <Declaration>
        <ObjectProperty IRI="#featureLocation"/>
    </Declaration>
    <Declaration>
        <ObjectProperty IRI="#experimentalFeature"/>
    </Declaration>
    <Declaration>
        <ObjectProperty IRI="#nextStep"/>
    </Declaration>
    <Declaration>
        <DataProperty IRI="#idVersion"/>
    </Declaration>
    <Declaration>
        <DataProperty IRI="#standardName"/>
    </Declaration>
    <Declaration>
        <ObjectProperty IRI="#relationshipType"/>
    </Declaration>
    <Declaration>
        <Class IRI="#Transport"/>
    </Declaration>
    <Declaration>
        <Class IRI="#SequenceModificationVocabulary"/>
    </Declaration>
    <Declaration>
        <ObjectProperty IRI="#confidence"/>
    </Declaration>
    <Declaration>
        <Class IRI="#Modulation"/>
    </Declaration>
    <Declaration>
        <DataProperty IRI="#title"/>
    </Declaration>
    <Declaration>
        <DataProperty IRI="#stepDirection"/>
    </Declaration>
    <Declaration>
        <DataProperty IRI="#ionicStrength"/>
    </Declaration>
    <Declaration>
        <Class IRI="#Control"/>
    </Declaration>
    <Declaration>
        <Class IRI="#PhenotypeVocabulary"/>
    </Declaration>
    <Declaration>
        <ObjectProperty IRI="#experimentalFormDescription"/>
    </Declaration>
    <Declaration>
        <DataProperty IRI="#temperature"/>
    </Declaration>
    <Declaration>
        <ObjectProperty IRI="#deltaG"/>
    </Declaration>
    <Declaration>
        <DataProperty IRI="#structureFormat"/>
    </Declaration>
    <Declaration>
        <DataProperty IRI="#deltaGPrime0"/>
    </Declaration>
    <Declaration>
        <Class IRI="#Evidence"/>
    </Declaration>
    <Declaration>
        <ObjectProperty IRI="#evidence"/>
    </Declaration>
    <Declaration>
        <Class IRI="#BindingFeature"/>
    </Declaration>
    <Declaration>
        <DataProperty IRI="#displayName"/>
    </Declaration>
    <Declaration>
        <Class IRI="#DnaRegionReference"/>
    </Declaration>
    <Declaration>
        <Class IRI="#EntityFeature"/>
    </Declaration>
    <Declaration>
        <DataProperty IRI="#dbVersion"/>
    </Declaration>
    <Declaration>
        <ObjectProperty IRI="#sequenceIntervalBegin"/>
    </Declaration>
    <Declaration>
        <ObjectProperty IRI="#experimentalFormEntity"/>
    </Declaration>
    <Declaration>
        <Class IRI="#InteractionVocabulary"/>
    </Declaration>
    <Declaration>
        <DataProperty IRI="#molecularWeight"/>
    </Declaration>
    <Declaration>
        <Class IRI="#MolecularInteraction"/>
    </Declaration>
    <Declaration>
        <ObjectProperty IRI="#participant"/>
    </Declaration>
    <Declaration>
        <Class IRI="#TemplateReactionRegulation"/>
    </Declaration>
    <Declaration>
        <Class IRI="#Score"/>
    </Declaration>
    <Declaration>
        <DataProperty IRI="#term"/>
    </Declaration>
    <Declaration>
        <Class IRI="#SequenceLocation"/>
    </Declaration>
    <Declaration>
        <Class IRI="#ChemicalStructure"/>
    </Declaration>
    <Declaration>
        <Class IRI="#UtilityClass"/>
    </Declaration>
    <Declaration>
        <DataProperty IRI="#author"/>
    </Declaration>
    <Declaration>
        <DataProperty IRI="#name"/>
    </Declaration>
    <Declaration>
        <ObjectProperty IRI="#cellType"/>
    </Declaration>
    <Declaration>
        <Class IRI="#Stoichiometry"/>
    </Declaration>
    <Declaration>
        <Class IRI="#Interaction"/>
    </Declaration>
    <Declaration>
        <Class IRI="#EntityReferenceTypeVocabulary"/>
    </Declaration>
    <Declaration>
        <ObjectProperty IRI="#entityReferenceType"/>
    </Declaration>
    <SubClassOf>
        <Class IRI="#BindingFeature"/>
        <Class IRI="#EntityFeature"/>
    </SubClassOf>
    <SubClassOf>
        <Class IRI="#BioSource"/>
        <Class IRI="#UtilityClass"/>
    </SubClassOf>
    <SubClassOf>
        <Class IRI="#BiochemicalPathwayStep"/>
        <Class IRI="#PathwayStep"/>
    </SubClassOf>
    <SubClassOf>
        <Class IRI="#BiochemicalPathwayStep"/>
        <ObjectAllValuesFrom>
            <ObjectProperty IRI="#stepProcess"/>
            <Class IRI="#Control"/>
        </ObjectAllValuesFrom>
    </SubClassOf>
    <SubClassOf>
        <Class IRI="#BiochemicalReaction"/>
        <Class IRI="#Conversion"/>
    </SubClassOf>
    <SubClassOf>
        <Class IRI="#Catalysis"/>
        <Class IRI="#Control"/>
    </SubClassOf>
    <SubClassOf>
        <Class IRI="#Catalysis"/>
        <ObjectAllValuesFrom>
            <ObjectProperty IRI="#controlled"/>
            <Class IRI="#Conversion"/>
        </ObjectAllValuesFrom>
    </SubClassOf>
    <SubClassOf>
        <Class IRI="#Catalysis"/>
        <DataHasValue>
            <DataProperty IRI="#controlType"/>
            <Literal datatypeIRI="http://www.w3.org/2001/XMLSchema#string">ACTIVATION</Literal>
        </DataHasValue>
    </SubClassOf>
    <SubClassOf>
        <Class IRI="#CellVocabulary"/>
        <Class IRI="#ControlledVocabulary"/>
    </SubClassOf>
    <SubClassOf>
        <Class IRI="#CellularLocationVocabulary"/>
        <Class IRI="#ControlledVocabulary"/>
    </SubClassOf>
    <SubClassOf>
        <Class IRI="#ChemicalStructure"/>
        <Class IRI="#UtilityClass"/>
    </SubClassOf>
    <SubClassOf>
        <Class IRI="#ChemicalStructure"/>
        <DataExactCardinality cardinality="1">
            <DataProperty IRI="#structureData"/>
        </DataExactCardinality>
    </SubClassOf>
    <SubClassOf>
        <Class IRI="#ChemicalStructure"/>
        <DataExactCardinality cardinality="1">
            <DataProperty IRI="#structureFormat"/>
        </DataExactCardinality>
    </SubClassOf>
    <SubClassOf>
        <Class IRI="#Complex"/>
        <Class IRI="#PhysicalEntity"/>
    </SubClassOf>
    <SubClassOf>
        <Class IRI="#Complex"/>
        <ObjectAllValuesFrom>
            <ObjectProperty IRI="#memberPhysicalEntity"/>
            <Class IRI="#Complex"/>
        </ObjectAllValuesFrom>
    </SubClassOf>
    <SubClassOf>
        <Class IRI="#ComplexAssembly"/>
        <Class IRI="#Conversion"/>
    </SubClassOf>
    <SubClassOf>
        <Class IRI="#Control"/>
        <Class IRI="#Interaction"/>
    </SubClassOf>
    <SubClassOf>
        <Class IRI="#ControlledVocabulary"/>
        <Class IRI="#UtilityClass"/>
    </SubClassOf>
    <SubClassOf>
        <Class IRI="#ControlledVocabulary"/>
        <ObjectAllValuesFrom>
            <ObjectProperty IRI="#xref"/>
            <Class IRI="#UnificationXref"/>
        </ObjectAllValuesFrom>
    </SubClassOf>
    <SubClassOf>
        <Class IRI="#Conversion"/>
        <Class IRI="#Interaction"/>
    </SubClassOf>
    <SubClassOf>
        <Class IRI="#Conversion"/>
        <ObjectAllValuesFrom>
            <ObjectProperty IRI="#participant"/>
            <Class IRI="#PhysicalEntity"/>
        </ObjectAllValuesFrom>
    </SubClassOf>
    <SubClassOf>
        <Class IRI="#CovalentBindingFeature"/>
        <Class IRI="#BindingFeature"/>
    </SubClassOf>
    <SubClassOf>
        <Class IRI="#CovalentBindingFeature"/>
        <Class IRI="#ModificationFeature"/>
    </SubClassOf>
    <SubClassOf>
        <Class IRI="#Degradation"/>
        <Class IRI="#Conversion"/>
    </SubClassOf>
    <SubClassOf>
        <Class IRI="#Degradation"/>
        <DataHasValue>
            <DataProperty IRI="#conversionDirection"/>
            <Literal datatypeIRI="http://www.w3.org/2001/XMLSchema#string">LEFT-TO-RIGHT</Literal>
        </DataHasValue>
    </SubClassOf>
    <SubClassOf>
        <Class IRI="#DeltaG"/>
        <Class IRI="#UtilityClass"/>
    </SubClassOf>
    <SubClassOf>
        <Class IRI="#DeltaG"/>
        <DataExactCardinality cardinality="1">
            <DataProperty IRI="#deltaGPrime0"/>
        </DataExactCardinality>
    </SubClassOf>
    <SubClassOf>
        <Class IRI="#Dna"/>
        <Class IRI="#PhysicalEntity"/>
    </SubClassOf>
    <SubClassOf>
        <Class IRI="#Dna"/>
        <ObjectAllValuesFrom>
            <ObjectProperty IRI="#entityReference"/>
            <Class IRI="#DnaReference"/>
        </ObjectAllValuesFrom>
    </SubClassOf>
    <SubClassOf>
        <Class IRI="#Dna"/>
        <ObjectAllValuesFrom>
            <ObjectProperty IRI="#memberPhysicalEntity"/>
            <Class IRI="#Dna"/>
        </ObjectAllValuesFrom>
    </SubClassOf>
    <SubClassOf>
        <Class IRI="#DnaReference"/>
        <Class IRI="#EntityReference"/>
    </SubClassOf>
    <SubClassOf>
        <Class IRI="#DnaReference"/>
        <ObjectAllValuesFrom>
            <ObjectProperty IRI="#memberEntityReference"/>
            <Class IRI="#DnaReference"/>
        </ObjectAllValuesFrom>
    </SubClassOf>
    <SubClassOf>
        <Class IRI="#DnaReference"/>
        <ObjectAllValuesFrom>
            <ObjectProperty IRI="#subRegion"/>
            <Class IRI="#DnaRegionReference"/>
        </ObjectAllValuesFrom>
    </SubClassOf>
    <SubClassOf>
        <Class IRI="#DnaRegion"/>
        <Class IRI="#PhysicalEntity"/>
    </SubClassOf>
    <SubClassOf>
        <Class IRI="#DnaRegion"/>
        <ObjectAllValuesFrom>
            <ObjectProperty IRI="#entityReference"/>
            <Class IRI="#DnaRegionReference"/>
        </ObjectAllValuesFrom>
    </SubClassOf>
    <SubClassOf>
        <Class IRI="#DnaRegion"/>
        <ObjectAllValuesFrom>
            <ObjectProperty IRI="#memberPhysicalEntity"/>
            <Class IRI="#DnaRegion"/>
        </ObjectAllValuesFrom>
    </SubClassOf>
    <SubClassOf>
        <Class IRI="#DnaRegionReference"/>
        <Class IRI="#EntityReference"/>
    </SubClassOf>
    <SubClassOf>
        <Class IRI="#DnaRegionReference"/>
        <ObjectAllValuesFrom>
            <ObjectProperty IRI="#subRegion"/>
            <Class IRI="#DnaRegionReference"/>
        </ObjectAllValuesFrom>
    </SubClassOf>
    <SubClassOf>
        <Class IRI="#EntityFeature"/>
        <Class IRI="#UtilityClass"/>
    </SubClassOf>
    <SubClassOf>
        <Class IRI="#EntityReference"/>
        <Class IRI="#UtilityClass"/>
    </SubClassOf>
    <SubClassOf>
        <Class IRI="#EntityReferenceTypeVocabulary"/>
        <Class IRI="#ControlledVocabulary"/>
    </SubClassOf>
    <SubClassOf>
        <Class IRI="#Evidence"/>
        <Class IRI="#UtilityClass"/>
    </SubClassOf>
    <SubClassOf>
        <Class IRI="#Evidence"/>
        <ObjectUnionOf>
            <ObjectMinCardinality cardinality="1">
                <ObjectProperty IRI="#confidence"/>
            </ObjectMinCardinality>
            <ObjectMinCardinality cardinality="1">
                <ObjectProperty IRI="#evidenceCode"/>
            </ObjectMinCardinality>
            <ObjectMinCardinality cardinality="1">
                <ObjectProperty IRI="#experimentalForm"/>
            </ObjectMinCardinality>
        </ObjectUnionOf>
    </SubClassOf>
    <SubClassOf>
        <Class IRI="#EvidenceCodeVocabulary"/>
        <Class IRI="#ControlledVocabulary"/>
    </SubClassOf>
    <SubClassOf>
        <Class IRI="#ExperimentalForm"/>
        <Class IRI="#UtilityClass"/>
    </SubClassOf>
    <SubClassOf>
        <Class IRI="#ExperimentalForm"/>
        <ObjectMinCardinality cardinality="1">
            <ObjectProperty IRI="#experimentalFormDescription"/>
        </ObjectMinCardinality>
    </SubClassOf>
    <SubClassOf>
        <Class IRI="#ExperimentalFormVocabulary"/>
        <Class IRI="#ControlledVocabulary"/>
    </SubClassOf>
    <SubClassOf>
        <Class IRI="#FragmentFeature"/>
        <Class IRI="#EntityFeature"/>
    </SubClassOf>
    <SubClassOf>
        <Class IRI="#Gene"/>
        <Class IRI="#Entity"/>
    </SubClassOf>
    <SubClassOf>
        <Class IRI="#Gene"/>
        <ObjectMaxCardinality cardinality="1">
            <ObjectProperty IRI="#organism"/>
        </ObjectMaxCardinality>
    </SubClassOf>
    <SubClassOf>
        <Class IRI="#GeneticInteraction"/>
        <Class IRI="#Interaction"/>
    </SubClassOf>
    <SubClassOf>
        <Class IRI="#GeneticInteraction"/>
        <ObjectAllValuesFrom>
            <ObjectProperty IRI="#participant"/>
            <Class IRI="#Gene"/>
        </ObjectAllValuesFrom>
    </SubClassOf>
    <SubClassOf>
        <Class IRI="#GeneticInteraction"/>
        <ObjectMinCardinality cardinality="2">
            <ObjectProperty IRI="#participant"/>
        </ObjectMinCardinality>
    </SubClassOf>
    <SubClassOf>
        <Class IRI="#GeneticInteraction"/>
        <ObjectExactCardinality cardinality="1">
            <ObjectProperty IRI="#phenotype"/>
        </ObjectExactCardinality>
    </SubClassOf>
    <SubClassOf>
        <Class IRI="#GeneticInteraction"/>
        <ObjectMaxCardinality cardinality="1">
            <ObjectProperty IRI="#interactionType"/>
        </ObjectMaxCardinality>
    </SubClassOf>
    <SubClassOf>
        <Class IRI="#Interaction"/>
        <Class IRI="#Entity"/>
    </SubClassOf>
    <SubClassOf>
        <Class IRI="#InteractionVocabulary"/>
        <Class IRI="#ControlledVocabulary"/>
    </SubClassOf>
    <SubClassOf>
        <Class IRI="#KPrime"/>
        <Class IRI="#UtilityClass"/>
    </SubClassOf>
    <SubClassOf>
        <Class IRI="#KPrime"/>
        <DataExactCardinality cardinality="1">
            <DataProperty IRI="#kPrime"/>
        </DataExactCardinality>
    </SubClassOf>
    <SubClassOf>
        <Class IRI="#ModificationFeature"/>
        <Class IRI="#EntityFeature"/>
    </SubClassOf>
    <SubClassOf>
        <Class IRI="#Modulation"/>
        <Class IRI="#Control"/>
    </SubClassOf>
    <SubClassOf>
        <Class IRI="#Modulation"/>
        <ObjectAllValuesFrom>
            <ObjectProperty IRI="#controlled"/>
            <Class IRI="#Catalysis"/>
        </ObjectAllValuesFrom>
    </SubClassOf>
    <SubClassOf>
        <Class IRI="#Modulation"/>
        <ObjectAllValuesFrom>
            <ObjectProperty IRI="#controller"/>
            <Class IRI="#PhysicalEntity"/>
        </ObjectAllValuesFrom>
    </SubClassOf>
    <SubClassOf>
        <Class IRI="#MolecularInteraction"/>
        <Class IRI="#Interaction"/>
    </SubClassOf>
    <SubClassOf>
        <Class IRI="#MolecularInteraction"/>
        <ObjectAllValuesFrom>
            <ObjectProperty IRI="#participant"/>
            <Class IRI="#PhysicalEntity"/>
        </ObjectAllValuesFrom>
    </SubClassOf>
    <SubClassOf>
        <Class IRI="#Pathway"/>
        <Class IRI="#Entity"/>
    </SubClassOf>
    <SubClassOf>
        <Class IRI="#PathwayStep"/>
        <Class IRI="#UtilityClass"/>
    </SubClassOf>
    <SubClassOf>
        <Class IRI="#PhenotypeVocabulary"/>
        <Class IRI="#ControlledVocabulary"/>
    </SubClassOf>
    <SubClassOf>
        <Class IRI="#PhysicalEntity"/>
        <Class IRI="#Entity"/>
    </SubClassOf>
    <SubClassOf>
        <Class IRI="#Protein"/>
        <Class IRI="#PhysicalEntity"/>
    </SubClassOf>
    <SubClassOf>
        <Class IRI="#Protein"/>
        <ObjectAllValuesFrom>
            <ObjectProperty IRI="#entityReference"/>
            <Class IRI="#ProteinReference"/>
        </ObjectAllValuesFrom>
    </SubClassOf>
    <SubClassOf>
        <Class IRI="#Protein"/>
        <ObjectAllValuesFrom>
            <ObjectProperty IRI="#memberPhysicalEntity"/>
            <Class IRI="#Protein"/>
        </ObjectAllValuesFrom>
    </SubClassOf>
    <SubClassOf>
        <Class IRI="#ProteinReference"/>
        <Class IRI="#EntityReference"/>
    </SubClassOf>
    <SubClassOf>
        <Class IRI="#ProteinReference"/>
        <ObjectAllValuesFrom>
            <ObjectProperty IRI="#memberEntityReference"/>
            <Class IRI="#ProteinReference"/>
        </ObjectAllValuesFrom>
    </SubClassOf>
    <SubClassOf>
        <Class IRI="#Provenance"/>
        <Class IRI="#UtilityClass"/>
    </SubClassOf>
    <SubClassOf>
        <Class IRI="#Provenance"/>
        <ObjectAllValuesFrom>
            <ObjectProperty IRI="#xref"/>
            <ObjectUnionOf>
                <Class IRI="#PublicationXref"/>
                <Class IRI="#UnificationXref"/>
            </ObjectUnionOf>
        </ObjectAllValuesFrom>
    </SubClassOf>
    <SubClassOf>
        <Class IRI="#PublicationXref"/>
        <Class IRI="#Xref"/>
    </SubClassOf>
    <SubClassOf>
        <Class IRI="#RelationshipTypeVocabulary"/>
        <Class IRI="#ControlledVocabulary"/>
    </SubClassOf>
    <SubClassOf>
        <Class IRI="#RelationshipXref"/>
        <Class IRI="#Xref"/>
    </SubClassOf>
    <SubClassOf>
        <Class IRI="#Rna"/>
        <Class IRI="#PhysicalEntity"/>
    </SubClassOf>
    <SubClassOf>
        <Class IRI="#Rna"/>
        <ObjectAllValuesFrom>
            <ObjectProperty IRI="#entityReference"/>
            <Class IRI="#RnaReference"/>
        </ObjectAllValuesFrom>
    </SubClassOf>
    <SubClassOf>
        <Class IRI="#Rna"/>
        <ObjectAllValuesFrom>
            <ObjectProperty IRI="#memberPhysicalEntity"/>
            <Class IRI="#Rna"/>
        </ObjectAllValuesFrom>
    </SubClassOf>
    <SubClassOf>
        <Class IRI="#RnaReference"/>
        <Class IRI="#EntityReference"/>
    </SubClassOf>
    <SubClassOf>
        <Class IRI="#RnaReference"/>
        <ObjectAllValuesFrom>
            <ObjectProperty IRI="#memberEntityReference"/>
            <Class IRI="#RnaReference"/>
        </ObjectAllValuesFrom>
    </SubClassOf>
    <SubClassOf>
        <Class IRI="#RnaReference"/>
        <ObjectAllValuesFrom>
            <ObjectProperty IRI="#subRegion"/>
            <Class IRI="#RnaRegionReference"/>
        </ObjectAllValuesFrom>
    </SubClassOf>
    <SubClassOf>
        <Class IRI="#RnaRegion"/>
        <Class IRI="#PhysicalEntity"/>
    </SubClassOf>
    <SubClassOf>
        <Class IRI="#RnaRegion"/>
        <ObjectAllValuesFrom>
            <ObjectProperty IRI="#entityReference"/>
            <Class IRI="#RnaRegionReference"/>
        </ObjectAllValuesFrom>
    </SubClassOf>
    <SubClassOf>
        <Class IRI="#RnaRegion"/>
        <ObjectAllValuesFrom>
            <ObjectProperty IRI="#memberPhysicalEntity"/>
            <Class IRI="#RnaRegion"/>
        </ObjectAllValuesFrom>
    </SubClassOf>
    <SubClassOf>
        <Class IRI="#RnaRegionReference"/>
        <Class IRI="#EntityReference"/>
    </SubClassOf>
    <SubClassOf>
        <Class IRI="#RnaRegionReference"/>
        <ObjectAllValuesFrom>
            <ObjectProperty IRI="#subRegion"/>
            <Class IRI="#RnaRegionReference"/>
        </ObjectAllValuesFrom>
    </SubClassOf>
    <SubClassOf>
        <Class IRI="#Score"/>
        <Class IRI="#UtilityClass"/>
    </SubClassOf>
    <SubClassOf>
        <Class IRI="#Score"/>
        <DataExactCardinality cardinality="1">
            <DataProperty IRI="#value"/>
        </DataExactCardinality>
    </SubClassOf>
    <SubClassOf>
        <Class IRI="#SequenceInterval"/>
        <Class IRI="#SequenceLocation"/>
    </SubClassOf>
    <SubClassOf>
        <Class IRI="#SequenceLocation"/>
        <Class IRI="#UtilityClass"/>
    </SubClassOf>
    <SubClassOf>
        <Class IRI="#SequenceModificationVocabulary"/>
        <Class IRI="#ControlledVocabulary"/>
    </SubClassOf>
    <SubClassOf>
        <Class IRI="#SequenceRegionVocabulary"/>
        <Class IRI="#ControlledVocabulary"/>
    </SubClassOf>
    <SubClassOf>
        <Class IRI="#SequenceSite"/>
        <Class IRI="#SequenceLocation"/>
    </SubClassOf>
    <SubClassOf>
        <Class IRI="#SmallMolecule"/>
        <Class IRI="#PhysicalEntity"/>
    </SubClassOf>
    <SubClassOf>
        <Class IRI="#SmallMolecule"/>
        <ObjectAllValuesFrom>
            <ObjectProperty IRI="#entityReference"/>
            <Class IRI="#SmallMoleculeReference"/>
        </ObjectAllValuesFrom>
    </SubClassOf>
    <SubClassOf>
        <Class IRI="#SmallMolecule"/>
        <ObjectAllValuesFrom>
            <ObjectProperty IRI="#feature"/>
            <Class IRI="#BindingFeature"/>
        </ObjectAllValuesFrom>
    </SubClassOf>
    <SubClassOf>
        <Class IRI="#SmallMolecule"/>
        <ObjectAllValuesFrom>
            <ObjectProperty IRI="#memberPhysicalEntity"/>
            <Class IRI="#SmallMolecule"/>
        </ObjectAllValuesFrom>
    </SubClassOf>
    <SubClassOf>
        <Class IRI="#SmallMolecule"/>
        <ObjectAllValuesFrom>
            <ObjectProperty IRI="#notFeature"/>
            <Class IRI="#BindingFeature"/>
        </ObjectAllValuesFrom>
    </SubClassOf>
    <SubClassOf>
        <Class IRI="#SmallMoleculeReference"/>
        <Class IRI="#EntityReference"/>
    </SubClassOf>
    <SubClassOf>
        <Class IRI="#SmallMoleculeReference"/>
        <ObjectAllValuesFrom>
            <ObjectProperty IRI="#memberEntityReference"/>
            <Class IRI="#SmallMoleculeReference"/>
        </ObjectAllValuesFrom>
    </SubClassOf>
    <SubClassOf>
        <Class IRI="#Stoichiometry"/>
        <Class IRI="#UtilityClass"/>
    </SubClassOf>
    <SubClassOf>
        <Class IRI="#Stoichiometry"/>
        <ObjectExactCardinality cardinality="1">
            <ObjectProperty IRI="#physicalEntity"/>
        </ObjectExactCardinality>
    </SubClassOf>
    <SubClassOf>
        <Class IRI="#Stoichiometry"/>
        <DataExactCardinality cardinality="1">
            <DataProperty IRI="#stoichiometricCoefficient"/>
        </DataExactCardinality>
    </SubClassOf>
    <SubClassOf>
        <Class IRI="#TemplateReaction"/>
        <Class IRI="#Interaction"/>
    </SubClassOf>
    <SubClassOf>
        <Class IRI="#TemplateReaction"/>
        <ObjectAllValuesFrom>
            <ObjectProperty IRI="#participant"/>
            <Class IRI="#PhysicalEntity"/>
        </ObjectAllValuesFrom>
    </SubClassOf>
    <SubClassOf>
        <Class IRI="#TemplateReactionRegulation"/>
        <Class IRI="#Control"/>
    </SubClassOf>
    <SubClassOf>
        <Class IRI="#TemplateReactionRegulation"/>
        <ObjectAllValuesFrom>
            <ObjectProperty IRI="#controlled"/>
            <Class IRI="#TemplateReaction"/>
        </ObjectAllValuesFrom>
    </SubClassOf>
    <SubClassOf>
        <Class IRI="#TemplateReactionRegulation"/>
        <ObjectAllValuesFrom>
            <ObjectProperty IRI="#controller"/>
            <Class IRI="#PhysicalEntity"/>
        </ObjectAllValuesFrom>
    </SubClassOf>
    <SubClassOf>
        <Class IRI="#TemplateReactionRegulation"/>
        <DataAllValuesFrom>
            <DataProperty IRI="#controlType"/>
            <DataOneOf>
                <Literal datatypeIRI="http://www.w3.org/2001/XMLSchema#string">ACTIVATION</Literal>
                <Literal datatypeIRI="http://www.w3.org/2001/XMLSchema#string">INHIBITION</Literal>
            </DataOneOf>
        </DataAllValuesFrom>
    </SubClassOf>
    <SubClassOf>
        <Class IRI="#TissueVocabulary"/>
        <Class IRI="#ControlledVocabulary"/>
    </SubClassOf>
    <SubClassOf>
        <Class IRI="#Transport"/>
        <Class IRI="#Conversion"/>
    </SubClassOf>
    <SubClassOf>
        <Class IRI="#TransportWithBiochemicalReaction"/>
        <Class IRI="#BiochemicalReaction"/>
    </SubClassOf>
    <SubClassOf>
        <Class IRI="#TransportWithBiochemicalReaction"/>
        <Class IRI="#Transport"/>
    </SubClassOf>
    <SubClassOf>
        <Class IRI="#UnificationXref"/>
        <Class IRI="#Xref"/>
    </SubClassOf>
    <SubClassOf>
        <Class IRI="#UnificationXref"/>
        <DataExactCardinality cardinality="1">
            <DataProperty IRI="#db"/>
        </DataExactCardinality>
    </SubClassOf>
    <SubClassOf>
        <Class IRI="#UnificationXref"/>
        <DataExactCardinality cardinality="1">
            <DataProperty IRI="#id"/>
        </DataExactCardinality>
    </SubClassOf>
    <SubClassOf>
        <Class IRI="#Xref"/>
        <Class IRI="#UtilityClass"/>
    </SubClassOf>
    <DisjointClasses>
        <Class IRI="#Control"/>
        <Class IRI="#GeneticInteraction"/>
    </DisjointClasses>
    <DisjointClasses>
        <Class IRI="#Conversion"/>
        <Class IRI="#GeneticInteraction"/>
    </DisjointClasses>
    <DisjointClasses>
        <Class IRI="#Dna"/>
        <Class IRI="#Protein"/>
    </DisjointClasses>
    <DisjointClasses>
        <Class IRI="#Dna"/>
        <Class IRI="#Rna"/>
    </DisjointClasses>
    <DisjointClasses>
        <Class IRI="#Gene"/>
        <Class IRI="#Interaction"/>
    </DisjointClasses>
    <DisjointClasses>
        <Class IRI="#Gene"/>
        <Class IRI="#Pathway"/>
    </DisjointClasses>
    <DisjointClasses>
        <Class IRI="#Gene"/>
        <Class IRI="#PhysicalEntity"/>
    </DisjointClasses>
    <DisjointClasses>
        <Class IRI="#GeneticInteraction"/>
        <Class IRI="#MolecularInteraction"/>
    </DisjointClasses>
    <DisjointClasses>
        <Class IRI="#GeneticInteraction"/>
        <Class IRI="#TemplateReaction"/>
    </DisjointClasses>
    <DisjointClasses>
        <Class IRI="#Interaction"/>
        <Class IRI="#Pathway"/>
    </DisjointClasses>
    <DisjointClasses>
        <Class IRI="#Interaction"/>
        <Class IRI="#PhysicalEntity"/>
    </DisjointClasses>
    <DisjointClasses>
        <Class IRI="#Pathway"/>
        <Class IRI="#PhysicalEntity"/>
    </DisjointClasses>
    <DisjointClasses>
        <Class IRI="#Protein"/>
        <Class IRI="#Rna"/>
    </DisjointClasses>
    <SubObjectPropertyOf>
        <ObjectProperty IRI="#cofactor"/>
        <ObjectProperty IRI="#participant"/>
    </SubObjectPropertyOf>
    <SubObjectPropertyOf>
        <ObjectProperty IRI="#controlled"/>
        <ObjectProperty IRI="#participant"/>
    </SubObjectPropertyOf>
    <SubObjectPropertyOf>
        <ObjectProperty IRI="#controller"/>
        <ObjectProperty IRI="#participant"/>
    </SubObjectPropertyOf>
    <SubObjectPropertyOf>
        <ObjectProperty IRI="#left"/>
        <ObjectProperty IRI="#participant"/>
    </SubObjectPropertyOf>
    <SubObjectPropertyOf>
        <ObjectProperty IRI="#product"/>
        <ObjectProperty IRI="#participant"/>
    </SubObjectPropertyOf>
    <SubObjectPropertyOf>
        <ObjectProperty IRI="#right"/>
        <ObjectProperty IRI="#participant"/>
    </SubObjectPropertyOf>
    <SubObjectPropertyOf>
        <ObjectProperty IRI="#stepConversion"/>
        <ObjectProperty IRI="#stepProcess"/>
    </SubObjectPropertyOf>
    <SubObjectPropertyOf>
        <ObjectProperty IRI="#template"/>
        <ObjectProperty IRI="#participant"/>
    </SubObjectPropertyOf>
    <InverseObjectProperties>
        <ObjectProperty IRI="#bindsTo"/>
        <ObjectProperty IRI="#bindsTo"/>
    </InverseObjectProperties>
    <FunctionalObjectProperty>
        <ObjectProperty IRI="#absoluteRegion"/>
    </FunctionalObjectProperty>
    <FunctionalObjectProperty>
        <ObjectProperty IRI="#bindsTo"/>
    </FunctionalObjectProperty>
    <FunctionalObjectProperty>
        <ObjectProperty IRI="#cellType"/>
    </FunctionalObjectProperty>
    <FunctionalObjectProperty>
        <ObjectProperty IRI="#cellularLocation"/>
    </FunctionalObjectProperty>
    <FunctionalObjectProperty>
        <ObjectProperty IRI="#controlled"/>
    </FunctionalObjectProperty>
    <FunctionalObjectProperty>
        <ObjectProperty IRI="#entityReference"/>
    </FunctionalObjectProperty>
    <FunctionalObjectProperty>
        <ObjectProperty IRI="#entityReferenceType"/>
    </FunctionalObjectProperty>
    <FunctionalObjectProperty>
        <ObjectProperty IRI="#modificationType"/>
    </FunctionalObjectProperty>
    <FunctionalObjectProperty>
        <ObjectProperty IRI="#organism"/>
    </FunctionalObjectProperty>
    <FunctionalObjectProperty>
        <ObjectProperty IRI="#phenotype"/>
    </FunctionalObjectProperty>
    <FunctionalObjectProperty>
        <ObjectProperty IRI="#physicalEntity"/>
    </FunctionalObjectProperty>
    <FunctionalObjectProperty>
        <ObjectProperty IRI="#regionType"/>
    </FunctionalObjectProperty>
    <FunctionalObjectProperty>
        <ObjectProperty IRI="#scoreSource"/>
    </FunctionalObjectProperty>
    <FunctionalObjectProperty>
        <ObjectProperty IRI="#sequenceIntervalBegin"/>
    </FunctionalObjectProperty>
    <FunctionalObjectProperty>
        <ObjectProperty IRI="#sequenceIntervalEnd"/>
    </FunctionalObjectProperty>
    <FunctionalObjectProperty>
        <ObjectProperty IRI="#stepConversion"/>
    </FunctionalObjectProperty>
    <FunctionalObjectProperty>
        <ObjectProperty IRI="#structure"/>
    </FunctionalObjectProperty>
    <FunctionalObjectProperty>
        <ObjectProperty IRI="#template"/>
    </FunctionalObjectProperty>
    <FunctionalObjectProperty>
        <ObjectProperty IRI="#tissue"/>
    </FunctionalObjectProperty>
    <InverseFunctionalObjectProperty>
        <ObjectProperty IRI="#bindsTo"/>
    </InverseFunctionalObjectProperty>
    <InverseFunctionalObjectProperty>
        <ObjectProperty IRI="#component"/>
    </InverseFunctionalObjectProperty>
    <InverseFunctionalObjectProperty>
        <ObjectProperty IRI="#entityFeature"/>
    </InverseFunctionalObjectProperty>
    <SymmetricObjectProperty>
        <ObjectProperty IRI="#bindsTo"/>
    </SymmetricObjectProperty>
    <TransitiveObjectProperty>
        <ObjectProperty IRI="#memberFeature"/>
    </TransitiveObjectProperty>
    <TransitiveObjectProperty>
        <ObjectProperty IRI="#memberPhysicalEntity"/>
    </TransitiveObjectProperty>
    <ObjectPropertyDomain>
        <ObjectProperty IRI="#absoluteRegion"/>
        <ObjectUnionOf>
            <Class IRI="#DnaRegionReference"/>
            <Class IRI="#RnaRegionReference"/>
        </ObjectUnionOf>
    </ObjectPropertyDomain>
    <ObjectPropertyDomain>
        <ObjectProperty IRI="#bindsTo"/>
        <Class IRI="#BindingFeature"/>
    </ObjectPropertyDomain>
    <ObjectPropertyDomain>
        <ObjectProperty IRI="#cellType"/>
        <Class IRI="#BioSource"/>
    </ObjectPropertyDomain>
    <ObjectPropertyDomain>
        <ObjectProperty IRI="#cellularLocation"/>
        <Class IRI="#PhysicalEntity"/>
    </ObjectPropertyDomain>
    <ObjectPropertyDomain>
        <ObjectProperty IRI="#cofactor"/>
        <Class IRI="#Catalysis"/>
    </ObjectPropertyDomain>
    <ObjectPropertyDomain>
        <ObjectProperty IRI="#component"/>
        <Class IRI="#Complex"/>
    </ObjectPropertyDomain>
    <ObjectPropertyDomain>
        <ObjectProperty IRI="#componentStoichiometry"/>
        <Class IRI="#Complex"/>
    </ObjectPropertyDomain>
    <ObjectPropertyDomain>
        <ObjectProperty IRI="#confidence"/>
        <Class IRI="#Evidence"/>
    </ObjectPropertyDomain>
    <ObjectPropertyDomain>
        <ObjectProperty IRI="#controlled"/>
        <Class IRI="#Control"/>
    </ObjectPropertyDomain>
    <ObjectPropertyDomain>
        <ObjectProperty IRI="#controller"/>
        <Class IRI="#Control"/>
    </ObjectPropertyDomain>
    <ObjectPropertyDomain>
        <ObjectProperty IRI="#dataSource"/>
        <Class IRI="#Entity"/>
    </ObjectPropertyDomain>
    <ObjectPropertyDomain>
        <ObjectProperty IRI="#deltaG"/>
        <Class IRI="#BiochemicalReaction"/>
    </ObjectPropertyDomain>
    <ObjectPropertyDomain>
        <ObjectProperty IRI="#entityFeature"/>
        <Class IRI="#EntityReference"/>
    </ObjectPropertyDomain>
    <ObjectPropertyDomain>
        <ObjectProperty IRI="#entityReference"/>
        <ObjectUnionOf>
            <Class IRI="#Dna"/>
            <Class IRI="#DnaRegion"/>
            <Class IRI="#Protein"/>
            <Class IRI="#Rna"/>
            <Class IRI="#RnaRegion"/>
            <Class IRI="#SmallMolecule"/>
        </ObjectUnionOf>
    </ObjectPropertyDomain>
    <ObjectPropertyDomain>
        <ObjectProperty IRI="#entityReferenceType"/>
        <Class IRI="#EntityReference"/>
    </ObjectPropertyDomain>
    <ObjectPropertyDomain>
        <ObjectProperty IRI="#evidence"/>
        <ObjectUnionOf>
            <Class IRI="#Entity"/>
            <Class IRI="#EntityFeature"/>
            <Class IRI="#EntityReference"/>
            <Class IRI="#PathwayStep"/>
        </ObjectUnionOf>
    </ObjectPropertyDomain>
    <ObjectPropertyDomain>
        <ObjectProperty IRI="#evidenceCode"/>
        <Class IRI="#Evidence"/>
    </ObjectPropertyDomain>
    <ObjectPropertyDomain>
        <ObjectProperty IRI="#experimentalFeature"/>
        <Class IRI="#ExperimentalForm"/>
    </ObjectPropertyDomain>
    <ObjectPropertyDomain>
        <ObjectProperty IRI="#experimentalForm"/>
        <Class IRI="#Evidence"/>
    </ObjectPropertyDomain>
    <ObjectPropertyDomain>
        <ObjectProperty IRI="#experimentalFormDescription"/>
        <Class IRI="#ExperimentalForm"/>
    </ObjectPropertyDomain>
    <ObjectPropertyDomain>
        <ObjectProperty IRI="#experimentalFormEntity"/>
        <Class IRI="#ExperimentalForm"/>
    </ObjectPropertyDomain>
    <ObjectPropertyDomain>
        <ObjectProperty IRI="#feature"/>
        <Class IRI="#PhysicalEntity"/>
    </ObjectPropertyDomain>
    <ObjectPropertyDomain>
        <ObjectProperty IRI="#featureLocation"/>
        <Class IRI="#EntityFeature"/>
    </ObjectPropertyDomain>
    <ObjectPropertyDomain>
        <ObjectProperty IRI="#featureLocationType"/>
        <Class IRI="#EntityFeature"/>
    </ObjectPropertyDomain>
    <ObjectPropertyDomain>
        <ObjectProperty IRI="#interactionScore"/>
        <Class IRI="#GeneticInteraction"/>
    </ObjectPropertyDomain>
    <ObjectPropertyDomain>
        <ObjectProperty IRI="#interactionType"/>
        <Class IRI="#Interaction"/>
    </ObjectPropertyDomain>
    <ObjectPropertyDomain>
        <ObjectProperty IRI="#kEQ"/>
        <Class IRI="#BiochemicalReaction"/>
    </ObjectPropertyDomain>
    <ObjectPropertyDomain>
        <ObjectProperty IRI="#left"/>
        <Class IRI="#Conversion"/>
    </ObjectPropertyDomain>
    <ObjectPropertyDomain>
        <ObjectProperty IRI="#memberEntityReference"/>
        <Class IRI="#EntityReference"/>
    </ObjectPropertyDomain>
    <ObjectPropertyDomain>
        <ObjectProperty IRI="#memberFeature"/>
        <Class IRI="#EntityFeature"/>
    </ObjectPropertyDomain>
    <ObjectPropertyDomain>
        <ObjectProperty IRI="#memberPhysicalEntity"/>
        <Class IRI="#PhysicalEntity"/>
    </ObjectPropertyDomain>
    <ObjectPropertyDomain>
        <ObjectProperty IRI="#modificationType"/>
        <Class IRI="#ModificationFeature"/>
    </ObjectPropertyDomain>
    <ObjectPropertyDomain>
        <ObjectProperty IRI="#nextStep"/>
        <Class IRI="#PathwayStep"/>
    </ObjectPropertyDomain>
    <ObjectPropertyDomain>
        <ObjectProperty IRI="#notFeature"/>
        <Class IRI="#PhysicalEntity"/>
    </ObjectPropertyDomain>
    <ObjectPropertyDomain>
        <ObjectProperty IRI="#organism"/>
        <ObjectUnionOf>
            <Class IRI="#DnaReference"/>
            <Class IRI="#DnaRegionReference"/>
            <Class IRI="#Gene"/>
            <Class IRI="#Pathway"/>
            <Class IRI="#ProteinReference"/>
            <Class IRI="#RnaReference"/>
            <Class IRI="#RnaRegionReference"/>
        </ObjectUnionOf>
    </ObjectPropertyDomain>
    <ObjectPropertyDomain>
        <ObjectProperty IRI="#participant"/>
        <Class IRI="#Interaction"/>
    </ObjectPropertyDomain>
    <ObjectPropertyDomain>
        <ObjectProperty IRI="#participantStoichiometry"/>
        <Class IRI="#Conversion"/>
    </ObjectPropertyDomain>
    <ObjectPropertyDomain>
        <ObjectProperty IRI="#pathwayComponent"/>
        <Class IRI="#Pathway"/>
    </ObjectPropertyDomain>
    <ObjectPropertyDomain>
        <ObjectProperty IRI="#pathwayOrder"/>
        <Class IRI="#Pathway"/>
    </ObjectPropertyDomain>
    <ObjectPropertyDomain>
        <ObjectProperty IRI="#phenotype"/>
        <Class IRI="#GeneticInteraction"/>
    </ObjectPropertyDomain>
    <ObjectPropertyDomain>
        <ObjectProperty IRI="#physicalEntity"/>
        <Class IRI="#Stoichiometry"/>
    </ObjectPropertyDomain>
    <ObjectPropertyDomain>
        <ObjectProperty IRI="#product"/>
        <Class IRI="#TemplateReaction"/>
    </ObjectPropertyDomain>
    <ObjectPropertyDomain>
        <ObjectProperty IRI="#regionType"/>
        <ObjectUnionOf>
            <Class IRI="#DnaRegionReference"/>
            <Class IRI="#RnaRegionReference"/>
        </ObjectUnionOf>
    </ObjectPropertyDomain>
    <ObjectPropertyDomain>
        <ObjectProperty IRI="#relationshipType"/>
        <Class IRI="#RelationshipXref"/>
    </ObjectPropertyDomain>
    <ObjectPropertyDomain>
        <ObjectProperty IRI="#right"/>
        <Class IRI="#Conversion"/>
    </ObjectPropertyDomain>
    <ObjectPropertyDomain>
        <ObjectProperty IRI="#scoreSource"/>
        <Class IRI="#Score"/>
    </ObjectPropertyDomain>
    <ObjectPropertyDomain>
        <ObjectProperty IRI="#sequenceIntervalBegin"/>
        <Class IRI="#SequenceInterval"/>
    </ObjectPropertyDomain>
    <ObjectPropertyDomain>
        <ObjectProperty IRI="#sequenceIntervalEnd"/>
        <Class IRI="#SequenceInterval"/>
    </ObjectPropertyDomain>
    <ObjectPropertyDomain>
        <ObjectProperty IRI="#stepConversion"/>
        <Class IRI="#BiochemicalPathwayStep"/>
    </ObjectPropertyDomain>
    <ObjectPropertyDomain>
        <ObjectProperty IRI="#stepProcess"/>
        <Class IRI="#PathwayStep"/>
    </ObjectPropertyDomain>
    <ObjectPropertyDomain>
        <ObjectProperty IRI="#structure"/>
        <Class IRI="#SmallMoleculeReference"/>
    </ObjectPropertyDomain>
    <ObjectPropertyDomain>
        <ObjectProperty IRI="#subRegion"/>
        <ObjectUnionOf>
            <Class IRI="#DnaReference"/>
            <Class IRI="#DnaRegionReference"/>
            <Class IRI="#RnaReference"/>
            <Class IRI="#RnaRegionReference"/>
        </ObjectUnionOf>
    </ObjectPropertyDomain>
    <ObjectPropertyDomain>
        <ObjectProperty IRI="#template"/>
        <Class IRI="#TemplateReaction"/>
    </ObjectPropertyDomain>
    <ObjectPropertyDomain>
        <ObjectProperty IRI="#tissue"/>
        <Class IRI="#BioSource"/>
    </ObjectPropertyDomain>
    <ObjectPropertyDomain>
        <ObjectProperty IRI="#xref"/>
        <ObjectUnionOf>
            <Class IRI="#BioSource"/>
            <Class IRI="#ControlledVocabulary"/>
            <Class IRI="#Entity"/>
            <Class IRI="#EntityReference"/>
            <Class IRI="#Evidence"/>
            <Class IRI="#Provenance"/>
        </ObjectUnionOf>
    </ObjectPropertyDomain>
    <ObjectPropertyRange>
        <ObjectProperty IRI="#absoluteRegion"/>
        <Class IRI="#SequenceLocation"/>
    </ObjectPropertyRange>
    <ObjectPropertyRange>
        <ObjectProperty IRI="#bindsTo"/>
        <Class IRI="#BindingFeature"/>
    </ObjectPropertyRange>
    <ObjectPropertyRange>
        <ObjectProperty IRI="#cellType"/>
        <Class IRI="#CellVocabulary"/>
    </ObjectPropertyRange>
    <ObjectPropertyRange>
        <ObjectProperty IRI="#cellularLocation"/>
        <Class IRI="#CellularLocationVocabulary"/>
    </ObjectPropertyRange>
    <ObjectPropertyRange>
        <ObjectProperty IRI="#cofactor"/>
        <Class IRI="#PhysicalEntity"/>
    </ObjectPropertyRange>
    <ObjectPropertyRange>
        <ObjectProperty IRI="#component"/>
        <Class IRI="#PhysicalEntity"/>
    </ObjectPropertyRange>
    <ObjectPropertyRange>
        <ObjectProperty IRI="#componentStoichiometry"/>
        <Class IRI="#Stoichiometry"/>
    </ObjectPropertyRange>
    <ObjectPropertyRange>
        <ObjectProperty IRI="#confidence"/>
        <Class IRI="#Score"/>
    </ObjectPropertyRange>
    <ObjectPropertyRange>
        <ObjectProperty IRI="#controlled"/>
        <ObjectUnionOf>
            <Class IRI="#Interaction"/>
            <Class IRI="#Pathway"/>
        </ObjectUnionOf>
    </ObjectPropertyRange>
    <ObjectPropertyRange>
        <ObjectProperty IRI="#controller"/>
        <ObjectUnionOf>
            <Class IRI="#Pathway"/>
            <Class IRI="#PhysicalEntity"/>
        </ObjectUnionOf>
    </ObjectPropertyRange>
    <ObjectPropertyRange>
        <ObjectProperty IRI="#dataSource"/>
        <Class IRI="#Provenance"/>
    </ObjectPropertyRange>
    <ObjectPropertyRange>
        <ObjectProperty IRI="#deltaG"/>
        <Class IRI="#DeltaG"/>
    </ObjectPropertyRange>
    <ObjectPropertyRange>
        <ObjectProperty IRI="#entityFeature"/>
        <Class IRI="#EntityFeature"/>
    </ObjectPropertyRange>
    <ObjectPropertyRange>
        <ObjectProperty IRI="#entityReference"/>
        <Class IRI="#EntityReference"/>
    </ObjectPropertyRange>
    <ObjectPropertyRange>
        <ObjectProperty IRI="#entityReferenceType"/>
        <Class IRI="#EntityReferenceTypeVocabulary"/>
    </ObjectPropertyRange>
    <ObjectPropertyRange>
        <ObjectProperty IRI="#evidence"/>
        <Class IRI="#Evidence"/>
    </ObjectPropertyRange>
    <ObjectPropertyRange>
        <ObjectProperty IRI="#evidenceCode"/>
        <Class IRI="#EvidenceCodeVocabulary"/>
    </ObjectPropertyRange>
    <ObjectPropertyRange>
        <ObjectProperty IRI="#experimentalFeature"/>
        <Class IRI="#EntityFeature"/>
    </ObjectPropertyRange>
    <ObjectPropertyRange>
        <ObjectProperty IRI="#experimentalForm"/>
        <Class IRI="#ExperimentalForm"/>
    </ObjectPropertyRange>
    <ObjectPropertyRange>
        <ObjectProperty IRI="#experimentalFormDescription"/>
        <Class IRI="#ExperimentalFormVocabulary"/>
    </ObjectPropertyRange>
    <ObjectPropertyRange>
        <ObjectProperty IRI="#experimentalFormEntity"/>
        <ObjectUnionOf>
            <Class IRI="#Gene"/>
            <Class IRI="#PhysicalEntity"/>
        </ObjectUnionOf>
    </ObjectPropertyRange>
    <ObjectPropertyRange>
        <ObjectProperty IRI="#feature"/>
        <Class IRI="#EntityFeature"/>
    </ObjectPropertyRange>
    <ObjectPropertyRange>
        <ObjectProperty IRI="#featureLocation"/>
        <Class IRI="#SequenceLocation"/>
    </ObjectPropertyRange>
    <ObjectPropertyRange>
        <ObjectProperty IRI="#featureLocationType"/>
        <Class IRI="#SequenceRegionVocabulary"/>
    </ObjectPropertyRange>
    <ObjectPropertyRange>
        <ObjectProperty IRI="#interactionScore"/>
        <Class IRI="#Score"/>
    </ObjectPropertyRange>
    <ObjectPropertyRange>
        <ObjectProperty IRI="#interactionType"/>
        <Class IRI="#InteractionVocabulary"/>
    </ObjectPropertyRange>
    <ObjectPropertyRange>
        <ObjectProperty IRI="#kEQ"/>
        <Class IRI="#KPrime"/>
    </ObjectPropertyRange>
    <ObjectPropertyRange>
        <ObjectProperty IRI="#left"/>
        <Class IRI="#PhysicalEntity"/>
    </ObjectPropertyRange>
    <ObjectPropertyRange>
        <ObjectProperty IRI="#memberEntityReference"/>
        <Class IRI="#EntityReference"/>
    </ObjectPropertyRange>
    <ObjectPropertyRange>
        <ObjectProperty IRI="#memberFeature"/>
        <Class IRI="#EntityFeature"/>
    </ObjectPropertyRange>
    <ObjectPropertyRange>
        <ObjectProperty IRI="#memberPhysicalEntity"/>
        <Class IRI="#PhysicalEntity"/>
    </ObjectPropertyRange>
    <ObjectPropertyRange>
        <ObjectProperty IRI="#modificationType"/>
        <Class IRI="#SequenceModificationVocabulary"/>
    </ObjectPropertyRange>
    <ObjectPropertyRange>
        <ObjectProperty IRI="#nextStep"/>
        <Class IRI="#PathwayStep"/>
    </ObjectPropertyRange>
    <ObjectPropertyRange>
        <ObjectProperty IRI="#notFeature"/>
        <Class IRI="#EntityFeature"/>
    </ObjectPropertyRange>
    <ObjectPropertyRange>
        <ObjectProperty IRI="#organism"/>
        <Class IRI="#BioSource"/>
    </ObjectPropertyRange>
    <ObjectPropertyRange>
        <ObjectProperty IRI="#participant"/>
        <Class IRI="#Entity"/>
    </ObjectPropertyRange>
    <ObjectPropertyRange>
        <ObjectProperty IRI="#participantStoichiometry"/>
        <Class IRI="#Stoichiometry"/>
    </ObjectPropertyRange>
    <ObjectPropertyRange>
        <ObjectProperty IRI="#pathwayComponent"/>
        <ObjectUnionOf>
            <Class IRI="#Interaction"/>
            <Class IRI="#Pathway"/>
        </ObjectUnionOf>
    </ObjectPropertyRange>
    <ObjectPropertyRange>
        <ObjectProperty IRI="#pathwayOrder"/>
        <Class IRI="#PathwayStep"/>
    </ObjectPropertyRange>
    <ObjectPropertyRange>
        <ObjectProperty IRI="#phenotype"/>
        <Class IRI="#PhenotypeVocabulary"/>
    </ObjectPropertyRange>
    <ObjectPropertyRange>
        <ObjectProperty IRI="#physicalEntity"/>
        <Class IRI="#PhysicalEntity"/>
    </ObjectPropertyRange>
    <ObjectPropertyRange>
        <ObjectProperty IRI="#product"/>
        <ObjectUnionOf>
            <Class IRI="#Dna"/>
            <Class IRI="#Protein"/>
            <Class IRI="#Rna"/>
        </ObjectUnionOf>
    </ObjectPropertyRange>
    <ObjectPropertyRange>
        <ObjectProperty IRI="#regionType"/>
        <Class IRI="#SequenceRegionVocabulary"/>
    </ObjectPropertyRange>
    <ObjectPropertyRange>
        <ObjectProperty IRI="#relationshipType"/>
        <Class IRI="#RelationshipTypeVocabulary"/>
    </ObjectPropertyRange>
    <ObjectPropertyRange>
        <ObjectProperty IRI="#right"/>
        <Class IRI="#PhysicalEntity"/>
    </ObjectPropertyRange>
    <ObjectPropertyRange>
        <ObjectProperty IRI="#scoreSource"/>
        <Class IRI="#Provenance"/>
    </ObjectPropertyRange>
    <ObjectPropertyRange>
        <ObjectProperty IRI="#sequenceIntervalBegin"/>
        <Class IRI="#SequenceSite"/>
    </ObjectPropertyRange>
    <ObjectPropertyRange>
        <ObjectProperty IRI="#sequenceIntervalEnd"/>
        <Class IRI="#SequenceSite"/>
    </ObjectPropertyRange>
    <ObjectPropertyRange>
        <ObjectProperty IRI="#stepConversion"/>
        <Class IRI="#Conversion"/>
    </ObjectPropertyRange>
    <ObjectPropertyRange>
        <ObjectProperty IRI="#stepProcess"/>
        <ObjectUnionOf>
            <Class IRI="#Interaction"/>
            <Class IRI="#Pathway"/>
        </ObjectUnionOf>
    </ObjectPropertyRange>
    <ObjectPropertyRange>
        <ObjectProperty IRI="#structure"/>
        <Class IRI="#ChemicalStructure"/>
    </ObjectPropertyRange>
    <ObjectPropertyRange>
        <ObjectProperty IRI="#subRegion"/>
        <ObjectUnionOf>
            <Class IRI="#DnaRegionReference"/>
            <Class IRI="#RnaRegionReference"/>
        </ObjectUnionOf>
    </ObjectPropertyRange>
    <ObjectPropertyRange>
        <ObjectProperty IRI="#template"/>
        <ObjectUnionOf>
            <Class IRI="#Dna"/>
            <Class IRI="#DnaRegion"/>
            <Class IRI="#Rna"/>
            <Class IRI="#RnaRegion"/>
        </ObjectUnionOf>
    </ObjectPropertyRange>
    <ObjectPropertyRange>
        <ObjectProperty IRI="#tissue"/>
        <Class IRI="#TissueVocabulary"/>
    </ObjectPropertyRange>
    <ObjectPropertyRange>
        <ObjectProperty IRI="#xref"/>
        <Class IRI="#Xref"/>
    </ObjectPropertyRange>
    <SubDataPropertyOf>
        <DataProperty IRI="#displayName"/>
        <DataProperty IRI="#name"/>
    </SubDataPropertyOf>
    <SubDataPropertyOf>
        <DataProperty IRI="#standardName"/>
        <DataProperty IRI="#name"/>
    </SubDataPropertyOf>
    <FunctionalDataProperty>
        <DataProperty IRI="#catalysisDirection"/>
    </FunctionalDataProperty>
    <FunctionalDataProperty>
        <DataProperty IRI="#chemicalFormula"/>
    </FunctionalDataProperty>
    <FunctionalDataProperty>
        <DataProperty IRI="#controlType"/>
    </FunctionalDataProperty>
    <FunctionalDataProperty>
        <DataProperty IRI="#conversionDirection"/>
    </FunctionalDataProperty>
    <FunctionalDataProperty>
        <DataProperty IRI="#db"/>
    </FunctionalDataProperty>
    <FunctionalDataProperty>
        <DataProperty IRI="#dbVersion"/>
    </FunctionalDataProperty>
    <FunctionalDataProperty>
        <DataProperty IRI="#deltaGPrime0"/>
    </FunctionalDataProperty>
    <FunctionalDataProperty>
        <DataProperty IRI="#displayName"/>
    </FunctionalDataProperty>
    <FunctionalDataProperty>
        <DataProperty IRI="#id"/>
    </FunctionalDataProperty>
    <FunctionalDataProperty>
        <DataProperty IRI="#idVersion"/>
    </FunctionalDataProperty>
    <FunctionalDataProperty>
        <DataProperty IRI="#intraMolecular"/>
    </FunctionalDataProperty>
    <FunctionalDataProperty>
        <DataProperty IRI="#ionicStrength"/>
    </FunctionalDataProperty>
    <FunctionalDataProperty>
        <DataProperty IRI="#kPrime"/>
    </FunctionalDataProperty>
    <FunctionalDataProperty>
        <DataProperty IRI="#molecularWeight"/>
    </FunctionalDataProperty>
    <FunctionalDataProperty>
        <DataProperty IRI="#pMg"/>
    </FunctionalDataProperty>
    <FunctionalDataProperty>
        <DataProperty IRI="#patoData"/>
    </FunctionalDataProperty>
    <FunctionalDataProperty>
        <DataProperty IRI="#ph"/>
    </FunctionalDataProperty>
    <FunctionalDataProperty>
        <DataProperty IRI="#positionStatus"/>
    </FunctionalDataProperty>
    <FunctionalDataProperty>
        <DataProperty IRI="#sequence"/>
    </FunctionalDataProperty>
    <FunctionalDataProperty>
        <DataProperty IRI="#sequencePosition"/>
    </FunctionalDataProperty>
    <FunctionalDataProperty>
        <DataProperty IRI="#spontaneous"/>
    </FunctionalDataProperty>
    <FunctionalDataProperty>
        <DataProperty IRI="#standardName"/>
    </FunctionalDataProperty>
    <FunctionalDataProperty>
        <DataProperty IRI="#stepDirection"/>
    </FunctionalDataProperty>
    <FunctionalDataProperty>
        <DataProperty IRI="#stoichiometricCoefficient"/>
    </FunctionalDataProperty>
    <FunctionalDataProperty>
        <DataProperty IRI="#structureData"/>
    </FunctionalDataProperty>
    <FunctionalDataProperty>
        <DataProperty IRI="#structureFormat"/>
    </FunctionalDataProperty>
    <FunctionalDataProperty>
        <DataProperty IRI="#temperature"/>
    </FunctionalDataProperty>
    <FunctionalDataProperty>
        <DataProperty IRI="#templateDirection"/>
    </FunctionalDataProperty>
    <FunctionalDataProperty>
        <DataProperty IRI="#title"/>
    </FunctionalDataProperty>
    <FunctionalDataProperty>
        <DataProperty IRI="#value"/>
    </FunctionalDataProperty>
    <FunctionalDataProperty>
        <DataProperty IRI="#year"/>
    </FunctionalDataProperty>
    <DataPropertyDomain>
        <DataProperty IRI="#author"/>
        <Class IRI="#PublicationXref"/>
    </DataPropertyDomain>
    <DataPropertyDomain>
        <DataProperty IRI="#availability"/>
        <Class IRI="#Entity"/>
    </DataPropertyDomain>
    <DataPropertyDomain>
        <DataProperty IRI="#catalysisDirection"/>
        <Class IRI="#Catalysis"/>
    </DataPropertyDomain>
    <DataPropertyDomain>
        <DataProperty IRI="#chemicalFormula"/>
        <Class IRI="#SmallMoleculeReference"/>
    </DataPropertyDomain>
    <DataPropertyDomain>
        <DataProperty IRI="#comment"/>
        <ObjectUnionOf>
            <Class IRI="#Entity"/>
            <Class IRI="#UtilityClass"/>
        </ObjectUnionOf>
    </DataPropertyDomain>
    <DataPropertyDomain>
        <DataProperty IRI="#controlType"/>
        <Class IRI="#Control"/>
    </DataPropertyDomain>
    <DataPropertyDomain>
        <DataProperty IRI="#conversionDirection"/>
        <Class IRI="#Conversion"/>
    </DataPropertyDomain>
    <DataPropertyDomain>
        <DataProperty IRI="#db"/>
        <Class IRI="#Xref"/>
    </DataPropertyDomain>
    <DataPropertyDomain>
        <DataProperty IRI="#dbVersion"/>
        <Class IRI="#Xref"/>
    </DataPropertyDomain>
    <DataPropertyDomain>
        <DataProperty IRI="#deltaGPrime0"/>
        <Class IRI="#DeltaG"/>
    </DataPropertyDomain>
    <DataPropertyDomain>
        <DataProperty IRI="#deltaH"/>
        <Class IRI="#BiochemicalReaction"/>
    </DataPropertyDomain>
    <DataPropertyDomain>
        <DataProperty IRI="#deltaS"/>
        <Class IRI="#BiochemicalReaction"/>
    </DataPropertyDomain>
    <DataPropertyDomain>
        <DataProperty IRI="#eCNumber"/>
        <Class IRI="#BiochemicalReaction"/>
    </DataPropertyDomain>
    <DataPropertyDomain>
        <DataProperty IRI="#id"/>
        <Class IRI="#Xref"/>
    </DataPropertyDomain>
    <DataPropertyDomain>
        <DataProperty IRI="#idVersion"/>
        <Class IRI="#Xref"/>
    </DataPropertyDomain>
    <DataPropertyDomain>
        <DataProperty IRI="#intraMolecular"/>
        <Class IRI="#BindingFeature"/>
    </DataPropertyDomain>
    <DataPropertyDomain>
        <DataProperty IRI="#ionicStrength"/>
        <ObjectUnionOf>
            <Class IRI="#DeltaG"/>
            <Class IRI="#KPrime"/>
        </ObjectUnionOf>
    </DataPropertyDomain>
    <DataPropertyDomain>
        <DataProperty IRI="#kPrime"/>
        <Class IRI="#KPrime"/>
    </DataPropertyDomain>
    <DataPropertyDomain>
        <DataProperty IRI="#molecularWeight"/>
        <Class IRI="#SmallMoleculeReference"/>
    </DataPropertyDomain>
    <DataPropertyDomain>
        <DataProperty IRI="#name"/>
        <ObjectUnionOf>
            <Class IRI="#BioSource"/>
            <Class IRI="#Entity"/>
            <Class IRI="#EntityReference"/>
            <Class IRI="#Provenance"/>
        </ObjectUnionOf>
    </DataPropertyDomain>
    <DataPropertyDomain>
        <DataProperty IRI="#pMg"/>
        <ObjectUnionOf>
            <Class IRI="#DeltaG"/>
            <Class IRI="#KPrime"/>
        </ObjectUnionOf>
    </DataPropertyDomain>
    <DataPropertyDomain>
        <DataProperty IRI="#patoData"/>
        <Class IRI="#PhenotypeVocabulary"/>
    </DataPropertyDomain>
    <DataPropertyDomain>
        <DataProperty IRI="#ph"/>
        <ObjectUnionOf>
            <Class IRI="#DeltaG"/>
            <Class IRI="#KPrime"/>
        </ObjectUnionOf>
    </DataPropertyDomain>
    <DataPropertyDomain>
        <DataProperty IRI="#positionStatus"/>
        <Class IRI="#SequenceSite"/>
    </DataPropertyDomain>
    <DataPropertyDomain>
        <DataProperty IRI="#sequence"/>
        <ObjectUnionOf>
            <Class IRI="#DnaReference"/>
            <Class IRI="#DnaRegionReference"/>
            <Class IRI="#ProteinReference"/>
            <Class IRI="#RnaReference"/>
            <Class IRI="#RnaRegionReference"/>
        </ObjectUnionOf>
    </DataPropertyDomain>
    <DataPropertyDomain>
        <DataProperty IRI="#sequencePosition"/>
        <Class IRI="#SequenceSite"/>
    </DataPropertyDomain>
    <DataPropertyDomain>
        <DataProperty IRI="#source"/>
        <Class IRI="#PublicationXref"/>
    </DataPropertyDomain>
    <DataPropertyDomain>
        <DataProperty IRI="#spontaneous"/>
        <Class IRI="#Conversion"/>
    </DataPropertyDomain>
    <DataPropertyDomain>
        <DataProperty IRI="#stepDirection"/>
        <Class IRI="#BiochemicalPathwayStep"/>
    </DataPropertyDomain>
    <DataPropertyDomain>
        <DataProperty IRI="#stoichiometricCoefficient"/>
        <Class IRI="#Stoichiometry"/>
    </DataPropertyDomain>
    <DataPropertyDomain>
        <DataProperty IRI="#structureData"/>
        <Class IRI="#ChemicalStructure"/>
    </DataPropertyDomain>
    <DataPropertyDomain>
        <DataProperty IRI="#structureFormat"/>
        <Class IRI="#ChemicalStructure"/>
    </DataPropertyDomain>
    <DataPropertyDomain>
        <DataProperty IRI="#temperature"/>
        <ObjectUnionOf>
            <Class IRI="#DeltaG"/>
            <Class IRI="#KPrime"/>
        </ObjectUnionOf>
    </DataPropertyDomain>
    <DataPropertyDomain>
        <DataProperty IRI="#templateDirection"/>
        <Class IRI="#TemplateReaction"/>
    </DataPropertyDomain>
    <DataPropertyDomain>
        <DataProperty IRI="#term"/>
        <Class IRI="#ControlledVocabulary"/>
    </DataPropertyDomain>
    <DataPropertyDomain>
        <DataProperty IRI="#title"/>
        <Class IRI="#PublicationXref"/>
    </DataPropertyDomain>
    <DataPropertyDomain>
        <DataProperty IRI="#url"/>
        <Class IRI="#PublicationXref"/>
    </DataPropertyDomain>
    <DataPropertyDomain>
        <DataProperty IRI="#value"/>
        <Class IRI="#Score"/>
    </DataPropertyDomain>
    <DataPropertyDomain>
        <DataProperty IRI="#year"/>
        <Class IRI="#PublicationXref"/>
    </DataPropertyDomain>
    <DataPropertyRange>
        <DataProperty IRI="#author"/>
        <Datatype abbreviatedIRI="xsd:string"/>
    </DataPropertyRange>
    <DataPropertyRange>
        <DataProperty IRI="#availability"/>
        <Datatype abbreviatedIRI="xsd:string"/>
    </DataPropertyRange>
    <DataPropertyRange>
        <DataProperty IRI="#catalysisDirection"/>
        <DataOneOf>
            <Literal datatypeIRI="http://www.w3.org/2001/XMLSchema#string">LEFT-TO-RIGHT</Literal>
            <Literal datatypeIRI="http://www.w3.org/2001/XMLSchema#string">RIGHT-TO-LEFT</Literal>
        </DataOneOf>
    </DataPropertyRange>
    <DataPropertyRange>
        <DataProperty IRI="#chemicalFormula"/>
        <Datatype abbreviatedIRI="xsd:string"/>
    </DataPropertyRange>
    <DataPropertyRange>
        <DataProperty IRI="#comment"/>
        <Datatype abbreviatedIRI="xsd:string"/>
    </DataPropertyRange>
    <DataPropertyRange>
        <DataProperty IRI="#controlType"/>
        <DataOneOf>
            <Literal datatypeIRI="http://www.w3.org/2001/XMLSchema#string">ACTIVATION</Literal>
            <Literal datatypeIRI="http://www.w3.org/2001/XMLSchema#string">ACTIVATION-ALLOSTERIC</Literal>
            <Literal datatypeIRI="http://www.w3.org/2001/XMLSchema#string">ACTIVATION-NONALLOSTERIC</Literal>
            <Literal datatypeIRI="http://www.w3.org/2001/XMLSchema#string">INHIBITION</Literal>
            <Literal datatypeIRI="http://www.w3.org/2001/XMLSchema#string">INHIBITION-ALLOSTERIC</Literal>
            <Literal datatypeIRI="http://www.w3.org/2001/XMLSchema#string">INHIBITION-COMPETITIVE</Literal>
            <Literal datatypeIRI="http://www.w3.org/2001/XMLSchema#string">INHIBITION-IRREVERSIBLE</Literal>
            <Literal datatypeIRI="http://www.w3.org/2001/XMLSchema#string">INHIBITION-NONCOMPETITIVE</Literal>
            <Literal datatypeIRI="http://www.w3.org/2001/XMLSchema#string">INHIBITION-OTHER</Literal>
            <Literal datatypeIRI="http://www.w3.org/2001/XMLSchema#string">INHIBITION-UNCOMPETITIVE</Literal>
        </DataOneOf>
    </DataPropertyRange>
    <DataPropertyRange>
        <DataProperty IRI="#conversionDirection"/>
        <DataOneOf>
            <Literal datatypeIRI="http://www.w3.org/2001/XMLSchema#string">LEFT-TO-RIGHT</Literal>
            <Literal datatypeIRI="http://www.w3.org/2001/XMLSchema#string">REVERSIBLE</Literal>
            <Literal datatypeIRI="http://www.w3.org/2001/XMLSchema#string">RIGHT-TO-LEFT</Literal>
        </DataOneOf>
    </DataPropertyRange>
    <DataPropertyRange>
        <DataProperty IRI="#db"/>
        <Datatype abbreviatedIRI="xsd:string"/>
    </DataPropertyRange>
    <DataPropertyRange>
        <DataProperty IRI="#dbVersion"/>
        <Datatype abbreviatedIRI="xsd:string"/>
    </DataPropertyRange>
    <DataPropertyRange>
        <DataProperty IRI="#deltaGPrime0"/>
        <Datatype abbreviatedIRI="xsd:float"/>
    </DataPropertyRange>
    <DataPropertyRange>
        <DataProperty IRI="#deltaH"/>
        <Datatype abbreviatedIRI="xsd:float"/>
    </DataPropertyRange>
    <DataPropertyRange>
        <DataProperty IRI="#deltaS"/>
        <Datatype abbreviatedIRI="xsd:float"/>
    </DataPropertyRange>
    <DataPropertyRange>
        <DataProperty IRI="#displayName"/>
        <Datatype abbreviatedIRI="xsd:string"/>
    </DataPropertyRange>
    <DataPropertyRange>
        <DataProperty IRI="#eCNumber"/>
        <Datatype abbreviatedIRI="xsd:string"/>
    </DataPropertyRange>
    <DataPropertyRange>
        <DataProperty IRI="#id"/>
        <Datatype abbreviatedIRI="xsd:string"/>
    </DataPropertyRange>
    <DataPropertyRange>
        <DataProperty IRI="#idVersion"/>
        <Datatype abbreviatedIRI="xsd:string"/>
    </DataPropertyRange>
    <DataPropertyRange>
        <DataProperty IRI="#intraMolecular"/>
        <Datatype abbreviatedIRI="xsd:boolean"/>
    </DataPropertyRange>
    <DataPropertyRange>
        <DataProperty IRI="#ionicStrength"/>
        <Datatype abbreviatedIRI="xsd:float"/>
    </DataPropertyRange>
    <DataPropertyRange>
        <DataProperty IRI="#kPrime"/>
        <Datatype abbreviatedIRI="xsd:float"/>
    </DataPropertyRange>
    <DataPropertyRange>
        <DataProperty IRI="#molecularWeight"/>
        <Datatype abbreviatedIRI="xsd:float"/>
    </DataPropertyRange>
    <DataPropertyRange>
        <DataProperty IRI="#name"/>
        <Datatype abbreviatedIRI="xsd:string"/>
    </DataPropertyRange>
    <DataPropertyRange>
        <DataProperty IRI="#pMg"/>
        <Datatype abbreviatedIRI="xsd:float"/>
    </DataPropertyRange>
    <DataPropertyRange>
        <DataProperty IRI="#patoData"/>
        <Datatype abbreviatedIRI="xsd:string"/>
    </DataPropertyRange>
    <DataPropertyRange>
        <DataProperty IRI="#ph"/>
        <Datatype abbreviatedIRI="xsd:float"/>
    </DataPropertyRange>
    <DataPropertyRange>
        <DataProperty IRI="#positionStatus"/>
        <DataOneOf>
            <Literal datatypeIRI="http://www.w3.org/2001/XMLSchema#string">EQUAL</Literal>
            <Literal datatypeIRI="http://www.w3.org/2001/XMLSchema#string">GREATER-THAN</Literal>
            <Literal datatypeIRI="http://www.w3.org/2001/XMLSchema#string">LESS-THAN</Literal>
        </DataOneOf>
    </DataPropertyRange>
    <DataPropertyRange>
        <DataProperty IRI="#sequence"/>
        <Datatype abbreviatedIRI="xsd:string"/>
    </DataPropertyRange>
    <DataPropertyRange>
        <DataProperty IRI="#sequencePosition"/>
        <Datatype abbreviatedIRI="xsd:int"/>
    </DataPropertyRange>
    <DataPropertyRange>
        <DataProperty IRI="#source"/>
        <Datatype abbreviatedIRI="xsd:string"/>
    </DataPropertyRange>
    <DataPropertyRange>
        <DataProperty IRI="#spontaneous"/>
        <Datatype abbreviatedIRI="xsd:boolean"/>
    </DataPropertyRange>
    <DataPropertyRange>
        <DataProperty IRI="#standardName"/>
        <Datatype abbreviatedIRI="xsd:string"/>
    </DataPropertyRange>
    <DataPropertyRange>
        <DataProperty IRI="#stepDirection"/>
        <DataOneOf>
            <Literal datatypeIRI="http://www.w3.org/2001/XMLSchema#string">LEFT-TO-RIGHT</Literal>
            <Literal datatypeIRI="http://www.w3.org/2001/XMLSchema#string">REVERSIBLE</Literal>
            <Literal datatypeIRI="http://www.w3.org/2001/XMLSchema#string">RIGHT-TO-LEFT</Literal>
        </DataOneOf>
    </DataPropertyRange>
    <DataPropertyRange>
        <DataProperty IRI="#stoichiometricCoefficient"/>
        <Datatype abbreviatedIRI="xsd:float"/>
    </DataPropertyRange>
    <DataPropertyRange>
        <DataProperty IRI="#structureData"/>
        <Datatype abbreviatedIRI="xsd:string"/>
    </DataPropertyRange>
    <DataPropertyRange>
        <DataProperty IRI="#structureFormat"/>
        <DataOneOf>
            <Literal datatypeIRI="http://www.w3.org/2001/XMLSchema#string">CML</Literal>
            <Literal datatypeIRI="http://www.w3.org/2001/XMLSchema#string">InChI</Literal>
            <Literal datatypeIRI="http://www.w3.org/2001/XMLSchema#string">SMILES</Literal>
        </DataOneOf>
    </DataPropertyRange>
    <DataPropertyRange>
        <DataProperty IRI="#temperature"/>
        <Datatype abbreviatedIRI="xsd:float"/>
    </DataPropertyRange>
    <DataPropertyRange>
        <DataProperty IRI="#templateDirection"/>
        <DataOneOf>
            <Literal datatypeIRI="http://www.w3.org/2001/XMLSchema#string">FORWARD</Literal>
            <Literal datatypeIRI="http://www.w3.org/2001/XMLSchema#string">REVERSE</Literal>
        </DataOneOf>
    </DataPropertyRange>
    <DataPropertyRange>
        <DataProperty IRI="#term"/>
        <Datatype abbreviatedIRI="xsd:string"/>
    </DataPropertyRange>
    <DataPropertyRange>
        <DataProperty IRI="#title"/>
        <Datatype abbreviatedIRI="xsd:string"/>
    </DataPropertyRange>
    <DataPropertyRange>
        <DataProperty IRI="#url"/>
        <Datatype abbreviatedIRI="xsd:string"/>
    </DataPropertyRange>
    <DataPropertyRange>
        <DataProperty IRI="#value"/>
        <Datatype abbreviatedIRI="xsd:string"/>
    </DataPropertyRange>
    <DataPropertyRange>
        <DataProperty IRI="#year"/>
        <Datatype abbreviatedIRI="xsd:int"/>
    </DataPropertyRange>
</Ontology>



<!-- Generated by the OWL API (version 4.2.8) https://github.com/owlcs/owlapi -->

