<?xml version="1.0"?>
<Ontology xmlns="http://www.w3.org/2002/07/owl#"
     xml:base="http://purl.obolibrary.org/obo/bspo.owl"
     xmlns:rdf="http://www.w3.org/1999/02/22-rdf-syntax-ns#"
     xmlns:xml="http://www.w3.org/XML/1998/namespace"
     xmlns:xsd="http://www.w3.org/2001/XMLSchema#"
     xmlns:rdfs="http://www.w3.org/2000/01/rdf-schema#"
     ontologyIRI="http://purl.obolibrary.org/obo/bspo.owl">
    <Prefix name="owl" IRI="http://www.w3.org/2002/07/owl#"/>
    <Prefix name="rdf" IRI="http://www.w3.org/1999/02/22-rdf-syntax-ns#"/>
    <Prefix name="xml" IRI="http://www.w3.org/XML/1998/namespace"/>
    <Prefix name="xsd" IRI="http://www.w3.org/2001/XMLSchema#"/>
    <Prefix name="rdfs" IRI="http://www.w3.org/2000/01/rdf-schema#"/>
    <Declaration>
        <Class IRI="http://purl.obolibrary.org/obo/BSPO_0000679"/>
    </Declaration>
    <Declaration>
        <Class IRI="http://purl.obolibrary.org/obo/BSPO_0000039"/>
    </Declaration>
    <Declaration>
        <Class IRI="http://purl.obolibrary.org/obo/BSPO_0000677"/>
    </Declaration>
    <Declaration>
        <Class IRI="http://purl.obolibrary.org/obo/BSPO_0000678"/>
    </Declaration>
    <Declaration>
        <Class IRI="http://purl.obolibrary.org/obo/BSPO_0000037"/>
    </Declaration>
    <Declaration>
        <Class IRI="http://purl.obolibrary.org/obo/BSPO_0000038"/>
    </Declaration>
    <Declaration>
        <Class IRI="http://purl.obolibrary.org/obo/BSPO_0000046"/>
    </Declaration>
    <Declaration>
        <Class IRI="http://purl.obolibrary.org/obo/BSPO_0000684"/>
    </Declaration>
    <Declaration>
        <Class IRI="http://purl.obolibrary.org/obo/BSPO_0000047"/>
    </Declaration>
    <Declaration>
        <Class IRI="http://purl.obolibrary.org/obo/BSPO_0000685"/>
    </Declaration>
    <Declaration>
        <Class IRI="http://purl.obolibrary.org/obo/BSPO_0000044"/>
    </Declaration>
    <Declaration>
        <Class IRI="http://purl.obolibrary.org/obo/BSPO_0000682"/>
    </Declaration>
    <Declaration>
        <Class IRI="http://purl.obolibrary.org/obo/BSPO_0000045"/>
    </Declaration>
    <Declaration>
        <Class IRI="http://purl.obolibrary.org/obo/BSPO_0000683"/>
    </Declaration>
    <Declaration>
        <Class IRI="http://purl.obolibrary.org/obo/BSPO_0000042"/>
    </Declaration>
    <Declaration>
        <Class IRI="http://purl.obolibrary.org/obo/BSPO_0000680"/>
    </Declaration>
    <Declaration>
        <Class IRI="http://purl.obolibrary.org/obo/BSPO_0000043"/>
    </Declaration>
    <Declaration>
        <Class IRI="http://purl.obolibrary.org/obo/BSPO_0000040"/>
    </Declaration>
    <Declaration>
        <Class IRI="http://purl.obolibrary.org/obo/BSPO_0000041"/>
    </Declaration>
    <Declaration>
        <Class IRI="http://purl.obolibrary.org/obo/BSPO_0000688"/>
    </Declaration>
    <Declaration>
        <Class IRI="http://purl.obolibrary.org/obo/BSPO_0000689"/>
    </Declaration>
    <Declaration>
        <Class IRI="http://purl.obolibrary.org/obo/BSPO_0000048"/>
    </Declaration>
    <Declaration>
        <Class IRI="http://purl.obolibrary.org/obo/BSPO_0000686"/>
    </Declaration>
    <Declaration>
        <Class IRI="http://purl.obolibrary.org/obo/BSPO_0000049"/>
    </Declaration>
    <Declaration>
        <Class IRI="http://purl.obolibrary.org/obo/BSPO_0000687"/>
    </Declaration>
    <Declaration>
        <Class IRI="http://purl.obolibrary.org/obo/BSPO_0000050"/>
    </Declaration>
    <Declaration>
        <Class IRI="http://purl.obolibrary.org/obo/BSPO_0000057"/>
    </Declaration>
    <Declaration>
        <Class IRI="http://purl.obolibrary.org/obo/BSPO_0000058"/>
    </Declaration>
    <Declaration>
        <Class IRI="http://purl.obolibrary.org/obo/BSPO_0000055"/>
    </Declaration>
    <Declaration>
        <Class IRI="http://purl.obolibrary.org/obo/BSPO_0000056"/>
    </Declaration>
    <Declaration>
        <Class IRI="http://purl.obolibrary.org/obo/BSPO_0000053"/>
    </Declaration>
    <Declaration>
        <Class IRI="http://purl.obolibrary.org/obo/BSPO_0000054"/>
    </Declaration>
    <Declaration>
        <Class IRI="http://purl.obolibrary.org/obo/BSPO_0000051"/>
    </Declaration>
    <Declaration>
        <Class IRI="http://purl.obolibrary.org/obo/BSPO_0000052"/>
    </Declaration>
    <Declaration>
        <Class IRI="http://purl.obolibrary.org/obo/BSPO_0000059"/>
    </Declaration>
    <Declaration>
        <Class IRI="http://purl.obolibrary.org/obo/BSPO_0000060"/>
    </Declaration>
    <Declaration>
        <Class IRI="http://purl.obolibrary.org/obo/BSPO_0000061"/>
    </Declaration>
    <Declaration>
        <Class IRI="http://purl.obolibrary.org/obo/BSPO_0000068"/>
    </Declaration>
    <Declaration>
        <Class IRI="http://purl.obolibrary.org/obo/BSPO_0000069"/>
    </Declaration>
    <Declaration>
        <ObjectProperty IRI="http://purl.obolibrary.org/obo/bspo#has_axis"/>
    </Declaration>
    <Declaration>
        <Class IRI="http://purl.obolibrary.org/obo/BSPO_0000066"/>
    </Declaration>
    <Declaration>
        <Class IRI="http://purl.obolibrary.org/obo/BSPO_0000067"/>
    </Declaration>
    <Declaration>
        <Class IRI="http://purl.obolibrary.org/obo/BSPO_0000064"/>
    </Declaration>
    <Declaration>
        <Class IRI="http://purl.obolibrary.org/obo/BSPO_0000065"/>
    </Declaration>
    <Declaration>
        <Class IRI="http://purl.obolibrary.org/obo/BSPO_0000062"/>
    </Declaration>
    <Declaration>
        <ObjectProperty IRI="http://purl.obolibrary.org/obo/bspo#has_start_point"/>
    </Declaration>
    <Declaration>
        <Class IRI="http://purl.obolibrary.org/obo/BSPO_0000063"/>
    </Declaration>
    <Declaration>
        <ObjectProperty IRI="http://purl.obolibrary.org/obo/bspo#has_end_point"/>
    </Declaration>
    <Declaration>
        <Class IRI="http://purl.obolibrary.org/obo/BSPO_0000071"/>
    </Declaration>
    <Declaration>
        <Class IRI="http://purl.obolibrary.org/obo/BSPO_0000072"/>
    </Declaration>
    <Declaration>
        <Class IRI="http://purl.obolibrary.org/obo/BSPO_0000070"/>
    </Declaration>
    <Declaration>
        <Class IRI="http://purl.obolibrary.org/obo/BSPO_0000079"/>
    </Declaration>
    <Declaration>
        <Class IRI="http://purl.obolibrary.org/obo/BSPO_0000112"/>
    </Declaration>
    <Declaration>
        <Class IRI="http://purl.obolibrary.org/obo/BSPO_0000077"/>
    </Declaration>
    <Declaration>
        <Class IRI="http://purl.obolibrary.org/obo/BSPO_0000078"/>
    </Declaration>
    <Declaration>
        <Class IRI="http://purl.obolibrary.org/obo/BSPO_0000075"/>
    </Declaration>
    <Declaration>
        <Class IRI="http://purl.obolibrary.org/obo/BSPO_0000076"/>
    </Declaration>
    <Declaration>
        <Class IRI="http://purl.obolibrary.org/obo/BSPO_0000073"/>
    </Declaration>
    <Declaration>
        <Class IRI="http://purl.obolibrary.org/obo/BSPO_0000074"/>
    </Declaration>
    <Declaration>
        <Class IRI="http://purl.obolibrary.org/obo/BSPO_0000082"/>
    </Declaration>
    <Declaration>
        <Class IRI="http://purl.obolibrary.org/obo/CARO_0000000"/>
    </Declaration>
    <Declaration>
        <Class IRI="http://purl.obolibrary.org/obo/BSPO_0000083"/>
    </Declaration>
    <Declaration>
        <Class IRI="http://purl.obolibrary.org/obo/BSPO_0000080"/>
    </Declaration>
    <Declaration>
        <Class IRI="http://purl.obolibrary.org/obo/BSPO_0000081"/>
    </Declaration>
    <Declaration>
        <Class IRI="http://purl.obolibrary.org/obo/BSPO_0000002"/>
    </Declaration>
    <Declaration>
        <ObjectProperty IRI="http://purl.obolibrary.org/obo/BSPO_0000106"/>
    </Declaration>
    <Declaration>
        <Class IRI="http://purl.obolibrary.org/obo/BSPO_0000003"/>
    </Declaration>
    <Declaration>
        <ObjectProperty IRI="http://purl.obolibrary.org/obo/BSPO_0000105"/>
    </Declaration>
    <Declaration>
        <Class IRI="http://purl.obolibrary.org/obo/BSPO_0000000"/>
    </Declaration>
    <Declaration>
        <Class IRI="http://purl.obolibrary.org/obo/BSPO_0000088"/>
    </Declaration>
    <Declaration>
        <ObjectProperty IRI="http://purl.obolibrary.org/obo/BSPO_0000104"/>
    </Declaration>
    <Declaration>
        <Class IRI="http://purl.obolibrary.org/obo/BSPO_0000089"/>
    </Declaration>
    <Declaration>
        <Class IRI="http://purl.obolibrary.org/obo/BSPO_0000001"/>
    </Declaration>
    <Declaration>
        <Class IRI="http://purl.obolibrary.org/obo/BSPO_0000086"/>
    </Declaration>
    <Declaration>
        <ObjectProperty IRI="http://purl.obolibrary.org/obo/BSPO_0000102"/>
    </Declaration>
    <Declaration>
        <ObjectProperty IRI="http://purl.obolibrary.org/obo/bspo#finishes_axis"/>
    </Declaration>
    <Declaration>
        <Class IRI="http://purl.obolibrary.org/obo/BSPO_0000087"/>
    </Declaration>
    <Declaration>
        <ObjectProperty IRI="http://purl.obolibrary.org/obo/BSPO_0000101"/>
    </Declaration>
    <Declaration>
        <Class IRI="http://purl.obolibrary.org/obo/BSPO_0000084"/>
    </Declaration>
    <Declaration>
        <ObjectProperty IRI="http://purl.obolibrary.org/obo/BSPO_0000100"/>
    </Declaration>
    <Declaration>
        <Class IRI="http://purl.obolibrary.org/obo/BSPO_0000085"/>
    </Declaration>
    <Declaration>
        <Class IRI="http://purl.obolibrary.org/obo/BSPO_0000129"/>
    </Declaration>
    <Declaration>
        <Class IRI="http://purl.obolibrary.org/obo/BSPO_0000008"/>
    </Declaration>
    <Declaration>
        <Class IRI="http://purl.obolibrary.org/obo/BSPO_0000009"/>
    </Declaration>
    <Declaration>
        <Class IRI="http://purl.obolibrary.org/obo/BSPO_0000127"/>
    </Declaration>
    <Declaration>
        <Class IRI="http://purl.obolibrary.org/obo/BSPO_0000006"/>
    </Declaration>
    <Declaration>
        <Class IRI="http://purl.obolibrary.org/obo/BSPO_0000128"/>
    </Declaration>
    <Declaration>
        <Class IRI="http://purl.obolibrary.org/obo/BSPO_0000007"/>
    </Declaration>
    <Declaration>
        <ObjectProperty IRI="http://purl.obolibrary.org/obo/BSPO_0000109"/>
    </Declaration>
    <Declaration>
        <Class IRI="http://purl.obolibrary.org/obo/BSPO_0000400"/>
    </Declaration>
    <Declaration>
        <Class IRI="http://purl.obolibrary.org/obo/BSPO_0000004"/>
    </Declaration>
    <Declaration>
        <ObjectProperty IRI="http://purl.obolibrary.org/obo/BSPO_0000108"/>
    </Declaration>
    <Declaration>
        <Class IRI="http://purl.obolibrary.org/obo/BSPO_0000005"/>
    </Declaration>
    <Declaration>
        <ObjectProperty IRI="http://purl.obolibrary.org/obo/BSPO_0000107"/>
    </Declaration>
    <Declaration>
        <Class IRI="http://purl.obolibrary.org/obo/BSPO_0000093"/>
    </Declaration>
    <Declaration>
        <Class IRI="http://purl.obolibrary.org/obo/BSPO_0000094"/>
    </Declaration>
    <Declaration>
        <Class IRI="http://purl.obolibrary.org/obo/BSPO_0000091"/>
    </Declaration>
    <Declaration>
        <Class IRI="http://purl.obolibrary.org/obo/BSPO_0000092"/>
    </Declaration>
    <Declaration>
        <Class IRI="http://purl.obolibrary.org/obo/BSPO_0000090"/>
    </Declaration>
    <Declaration>
        <ObjectProperty IRI="http://purl.obolibrary.org/obo/bspo#overlaps"/>
    </Declaration>
    <Declaration>
        <Class IRI="http://purl.obolibrary.org/obo/BSPO_0000376"/>
    </Declaration>
    <Declaration>
        <Class IRI="http://purl.obolibrary.org/obo/BSPO_0000013"/>
    </Declaration>
    <Declaration>
        <Class IRI="http://purl.obolibrary.org/obo/BSPO_0000377"/>
    </Declaration>
    <Declaration>
        <Class IRI="http://purl.obolibrary.org/obo/BSPO_0000014"/>
    </Declaration>
    <Declaration>
        <Class IRI="http://purl.obolibrary.org/obo/BSPO_0000374"/>
    </Declaration>
    <Declaration>
        <Class IRI="http://purl.obolibrary.org/obo/BSPO_0000011"/>
    </Declaration>
    <Declaration>
        <Class IRI="http://purl.obolibrary.org/obo/BSPO_0000012"/>
    </Declaration>
    <Declaration>
        <Class IRI="http://purl.obolibrary.org/obo/BSPO_0000372"/>
    </Declaration>
    <Declaration>
        <Class IRI="http://purl.obolibrary.org/obo/BSPO_0000130"/>
    </Declaration>
    <Declaration>
        <ObjectProperty IRI="http://purl.obolibrary.org/obo/BSPO_0000113"/>
    </Declaration>
    <Declaration>
        <Class IRI="http://purl.obolibrary.org/obo/BSPO_0000373"/>
    </Declaration>
    <Declaration>
        <Class IRI="http://purl.obolibrary.org/obo/BSPO_0000010"/>
    </Declaration>
    <Declaration>
        <ObjectProperty IRI="http://purl.obolibrary.org/obo/BSPO_0000111"/>
    </Declaration>
    <Declaration>
        <Class IRI="http://purl.obolibrary.org/obo/BSPO_0000371"/>
    </Declaration>
    <Declaration>
        <ObjectProperty IRI="http://purl.obolibrary.org/obo/BSPO_0000110"/>
    </Declaration>
    <Declaration>
        <Class IRI="http://purl.obolibrary.org/obo/BSPO_0000417"/>
    </Declaration>
    <Declaration>
        <Class IRI="http://purl.obolibrary.org/obo/BSPO_0000019"/>
    </Declaration>
    <Declaration>
        <ObjectProperty IRI="http://purl.obolibrary.org/obo/BFO_0000050"/>
    </Declaration>
    <Declaration>
        <ObjectProperty IRI="http://purl.obolibrary.org/obo/BFO_0000051"/>
    </Declaration>
    <Declaration>
        <Class IRI="http://purl.obolibrary.org/obo/BSPO_0000017"/>
    </Declaration>
    <Declaration>
        <Class IRI="http://purl.obolibrary.org/obo/BSPO_0000018"/>
    </Declaration>
    <Declaration>
        <Class IRI="http://purl.obolibrary.org/obo/BSPO_0000378"/>
    </Declaration>
    <Declaration>
        <Class IRI="http://purl.obolibrary.org/obo/BSPO_0000015"/>
    </Declaration>
    <Declaration>
        <Class IRI="http://purl.obolibrary.org/obo/BSPO_0000379"/>
    </Declaration>
    <Declaration>
        <Class IRI="http://purl.obolibrary.org/obo/BSPO_0000016"/>
    </Declaration>
    <Declaration>
        <ObjectProperty IRI="http://purl.obolibrary.org/obo/bspo#surface_of"/>
    </Declaration>
    <Declaration>
        <ObjectProperty IRI="http://purl.obolibrary.org/obo/bspo#orthogonal_to"/>
    </Declaration>
    <Declaration>
        <ObjectProperty IRI="http://purl.obolibrary.org/obo/bspo#follows_axis"/>
    </Declaration>
    <Declaration>
        <ObjectProperty IRI="http://purl.obolibrary.org/obo/BSPO_0000120"/>
    </Declaration>
    <Declaration>
        <Class IRI="http://purl.obolibrary.org/obo/BSPO_0000024"/>
    </Declaration>
    <Declaration>
        <Class IRI="http://purl.obolibrary.org/obo/BSPO_0000025"/>
    </Declaration>
    <Declaration>
        <Class IRI="http://purl.obolibrary.org/obo/BSPO_0000022"/>
    </Declaration>
    <Declaration>
        <ObjectProperty IRI="http://purl.obolibrary.org/obo/BSPO_0000126"/>
    </Declaration>
    <Declaration>
        <Class IRI="http://purl.obolibrary.org/obo/BSPO_0000023"/>
    </Declaration>
    <Declaration>
        <Class IRI="http://purl.obolibrary.org/obo/BSPO_0000020"/>
    </Declaration>
    <Declaration>
        <Class IRI="http://purl.obolibrary.org/obo/BSPO_0000383"/>
    </Declaration>
    <Declaration>
        <Class IRI="http://purl.obolibrary.org/obo/BSPO_0000021"/>
    </Declaration>
    <Declaration>
        <Class IRI="http://purl.obolibrary.org/obo/BSPO_0000384"/>
    </Declaration>
    <Declaration>
        <Class IRI="http://purl.obolibrary.org/obo/BSPO_0000381"/>
    </Declaration>
    <Declaration>
        <Class IRI="http://purl.obolibrary.org/obo/BSPO_0000382"/>
    </Declaration>
    <Declaration>
        <ObjectProperty IRI="http://purl.obolibrary.org/obo/bspo#passes_through"/>
    </Declaration>
    <Declaration>
        <ObjectProperty IRI="http://purl.obolibrary.org/obo/BSPO_0000121"/>
    </Declaration>
    <Declaration>
        <Class IRI="http://purl.obolibrary.org/obo/BSPO_0000028"/>
    </Declaration>
    <Declaration>
        <ObjectProperty IRI="http://purl.obolibrary.org/obo/bspo#starts_axis"/>
    </Declaration>
    <Declaration>
        <Class IRI="http://purl.obolibrary.org/obo/BSPO_0000029"/>
    </Declaration>
    <Declaration>
        <Class IRI="http://purl.obolibrary.org/obo/BSPO_0000026"/>
    </Declaration>
    <Declaration>
        <Class IRI="http://purl.obolibrary.org/obo/BSPO_0000027"/>
    </Declaration>
    <Declaration>
        <ObjectProperty IRI="http://purl.obolibrary.org/obo/BSPO_0000098"/>
    </Declaration>
    <Declaration>
        <ObjectProperty IRI="http://purl.obolibrary.org/obo/BSPO_0000097"/>
    </Declaration>
    <Declaration>
        <ObjectProperty IRI="http://purl.obolibrary.org/obo/BSPO_0000096"/>
    </Declaration>
    <Declaration>
        <ObjectProperty IRI="http://purl.obolibrary.org/obo/BSPO_0001107"/>
    </Declaration>
    <Declaration>
        <Class IRI="http://purl.obolibrary.org/obo/BSPO_0000035"/>
    </Declaration>
    <Declaration>
        <Class IRI="http://purl.obolibrary.org/obo/BSPO_0000673"/>
    </Declaration>
    <Declaration>
        <Class IRI="http://purl.obolibrary.org/obo/BSPO_0000036"/>
    </Declaration>
    <Declaration>
        <Class IRI="http://purl.obolibrary.org/obo/BSPO_0000674"/>
    </Declaration>
    <Declaration>
        <Class IRI="http://purl.obolibrary.org/obo/BSPO_0000033"/>
    </Declaration>
    <Declaration>
        <Class IRI="http://purl.obolibrary.org/obo/BSPO_0000671"/>
    </Declaration>
    <Declaration>
        <Class IRI="http://purl.obolibrary.org/obo/BSPO_0001001"/>
    </Declaration>
    <Declaration>
        <Class IRI="http://purl.obolibrary.org/obo/BSPO_0000034"/>
    </Declaration>
    <Declaration>
        <Class IRI="http://purl.obolibrary.org/obo/BSPO_0000672"/>
    </Declaration>
    <Declaration>
        <Class IRI="http://purl.obolibrary.org/obo/BSPO_0000031"/>
    </Declaration>
    <Declaration>
        <Class IRI="http://purl.obolibrary.org/obo/BSPO_0000032"/>
    </Declaration>
    <Declaration>
        <Class IRI="http://purl.obolibrary.org/obo/BSPO_0000030"/>
    </Declaration>
    <Declaration>
        <ObjectProperty IRI="http://purl.obolibrary.org/obo/BSPO_0000099"/>
    </Declaration>
    <EquivalentClasses>
        <Class IRI="http://purl.obolibrary.org/obo/BSPO_0000017"/>
        <ObjectIntersectionOf>
            <Class IRI="http://purl.obolibrary.org/obo/BSPO_0000010"/>
            <ObjectSomeValuesFrom>
                <ObjectProperty IRI="http://purl.obolibrary.org/obo/bspo#orthogonal_to"/>
                <Class IRI="http://purl.obolibrary.org/obo/BSPO_0000417"/>
            </ObjectSomeValuesFrom>
        </ObjectIntersectionOf>
    </EquivalentClasses>
    <EquivalentClasses>
        <Class IRI="http://purl.obolibrary.org/obo/BSPO_0000020"/>
        <ObjectIntersectionOf>
            <Class IRI="http://purl.obolibrary.org/obo/BSPO_0000051"/>
            <ObjectSomeValuesFrom>
                <ObjectProperty IRI="http://purl.obolibrary.org/obo/bspo#follows_axis"/>
                <Class IRI="http://purl.obolibrary.org/obo/BSPO_0000011"/>
            </ObjectSomeValuesFrom>
        </ObjectIntersectionOf>
    </EquivalentClasses>
    <EquivalentClasses>
        <Class IRI="http://purl.obolibrary.org/obo/BSPO_0000021"/>
        <ObjectIntersectionOf>
            <Class IRI="http://purl.obolibrary.org/obo/BSPO_0000051"/>
            <ObjectSomeValuesFrom>
                <ObjectProperty IRI="http://purl.obolibrary.org/obo/bspo#follows_axis"/>
                <Class IRI="http://purl.obolibrary.org/obo/BSPO_0000012"/>
            </ObjectSomeValuesFrom>
        </ObjectIntersectionOf>
    </EquivalentClasses>
    <EquivalentClasses>
        <Class IRI="http://purl.obolibrary.org/obo/BSPO_0000023"/>
        <ObjectIntersectionOf>
            <Class IRI="http://purl.obolibrary.org/obo/BSPO_0000051"/>
            <ObjectSomeValuesFrom>
                <ObjectProperty IRI="http://purl.obolibrary.org/obo/bspo#follows_axis"/>
                <Class IRI="http://purl.obolibrary.org/obo/BSPO_0000014"/>
            </ObjectSomeValuesFrom>
        </ObjectIntersectionOf>
    </EquivalentClasses>
    <EquivalentClasses>
        <Class IRI="http://purl.obolibrary.org/obo/BSPO_0000024"/>
        <ObjectIntersectionOf>
            <Class IRI="http://purl.obolibrary.org/obo/BSPO_0000051"/>
            <ObjectSomeValuesFrom>
                <ObjectProperty IRI="http://purl.obolibrary.org/obo/bspo#follows_axis"/>
                <Class IRI="http://purl.obolibrary.org/obo/BSPO_0000015"/>
            </ObjectSomeValuesFrom>
        </ObjectIntersectionOf>
    </EquivalentClasses>
    <EquivalentClasses>
        <Class IRI="http://purl.obolibrary.org/obo/BSPO_0000026"/>
        <ObjectIntersectionOf>
            <Class IRI="http://purl.obolibrary.org/obo/BSPO_0000070"/>
            <ObjectSomeValuesFrom>
                <ObjectProperty IRI="http://purl.obolibrary.org/obo/bspo#overlaps"/>
                <Class IRI="http://purl.obolibrary.org/obo/BSPO_0000055"/>
            </ObjectSomeValuesFrom>
            <ObjectSomeValuesFrom>
                <ObjectProperty IRI="http://purl.obolibrary.org/obo/bspo#overlaps"/>
                <Class IRI="http://purl.obolibrary.org/obo/BSPO_0000063"/>
            </ObjectSomeValuesFrom>
        </ObjectIntersectionOf>
    </EquivalentClasses>
    <EquivalentClasses>
        <Class IRI="http://purl.obolibrary.org/obo/BSPO_0000027"/>
        <ObjectIntersectionOf>
            <Class IRI="http://purl.obolibrary.org/obo/BSPO_0000070"/>
            <ObjectSomeValuesFrom>
                <ObjectProperty IRI="http://purl.obolibrary.org/obo/bspo#overlaps"/>
                <Class IRI="http://purl.obolibrary.org/obo/BSPO_0000055"/>
            </ObjectSomeValuesFrom>
            <ObjectSomeValuesFrom>
                <ObjectProperty IRI="http://purl.obolibrary.org/obo/bspo#overlaps"/>
                <Class IRI="http://purl.obolibrary.org/obo/BSPO_0000068"/>
            </ObjectSomeValuesFrom>
        </ObjectIntersectionOf>
    </EquivalentClasses>
    <EquivalentClasses>
        <Class IRI="http://purl.obolibrary.org/obo/BSPO_0000028"/>
        <ObjectIntersectionOf>
            <Class IRI="http://purl.obolibrary.org/obo/BSPO_0000070"/>
            <ObjectSomeValuesFrom>
                <ObjectProperty IRI="http://purl.obolibrary.org/obo/bspo#overlaps"/>
                <Class IRI="http://purl.obolibrary.org/obo/BSPO_0000056"/>
            </ObjectSomeValuesFrom>
            <ObjectSomeValuesFrom>
                <ObjectProperty IRI="http://purl.obolibrary.org/obo/bspo#overlaps"/>
                <Class IRI="http://purl.obolibrary.org/obo/BSPO_0000066"/>
            </ObjectSomeValuesFrom>
        </ObjectIntersectionOf>
    </EquivalentClasses>
    <EquivalentClasses>
        <Class IRI="http://purl.obolibrary.org/obo/BSPO_0000029"/>
        <ObjectIntersectionOf>
            <Class IRI="http://purl.obolibrary.org/obo/BSPO_0000070"/>
            <ObjectSomeValuesFrom>
                <ObjectProperty IRI="http://purl.obolibrary.org/obo/bspo#overlaps"/>
                <Class IRI="http://purl.obolibrary.org/obo/BSPO_0000055"/>
            </ObjectSomeValuesFrom>
            <ObjectSomeValuesFrom>
                <ObjectProperty IRI="http://purl.obolibrary.org/obo/bspo#overlaps"/>
                <Class IRI="http://purl.obolibrary.org/obo/BSPO_0000066"/>
            </ObjectSomeValuesFrom>
        </ObjectIntersectionOf>
    </EquivalentClasses>
    <EquivalentClasses>
        <Class IRI="http://purl.obolibrary.org/obo/BSPO_0000030"/>
        <ObjectIntersectionOf>
            <Class IRI="http://purl.obolibrary.org/obo/BSPO_0000070"/>
            <ObjectSomeValuesFrom>
                <ObjectProperty IRI="http://purl.obolibrary.org/obo/bspo#overlaps"/>
                <Class IRI="http://purl.obolibrary.org/obo/BSPO_0000056"/>
            </ObjectSomeValuesFrom>
            <ObjectSomeValuesFrom>
                <ObjectProperty IRI="http://purl.obolibrary.org/obo/bspo#overlaps"/>
                <Class IRI="http://purl.obolibrary.org/obo/BSPO_0000063"/>
            </ObjectSomeValuesFrom>
        </ObjectIntersectionOf>
    </EquivalentClasses>
    <EquivalentClasses>
        <Class IRI="http://purl.obolibrary.org/obo/BSPO_0000031"/>
        <ObjectIntersectionOf>
            <Class IRI="http://purl.obolibrary.org/obo/BSPO_0000070"/>
            <ObjectSomeValuesFrom>
                <ObjectProperty IRI="http://purl.obolibrary.org/obo/bspo#overlaps"/>
                <Class IRI="http://purl.obolibrary.org/obo/BSPO_0000001"/>
            </ObjectSomeValuesFrom>
        </ObjectIntersectionOf>
    </EquivalentClasses>
    <EquivalentClasses>
        <Class IRI="http://purl.obolibrary.org/obo/BSPO_0000032"/>
        <ObjectIntersectionOf>
            <Class IRI="http://purl.obolibrary.org/obo/BSPO_0000070"/>
            <ObjectSomeValuesFrom>
                <ObjectProperty IRI="http://purl.obolibrary.org/obo/bspo#overlaps"/>
                <Class IRI="http://purl.obolibrary.org/obo/BSPO_0000002"/>
            </ObjectSomeValuesFrom>
        </ObjectIntersectionOf>
    </EquivalentClasses>
    <EquivalentClasses>
        <Class IRI="http://purl.obolibrary.org/obo/BSPO_0000033"/>
        <ObjectIntersectionOf>
            <Class IRI="http://purl.obolibrary.org/obo/BSPO_0000070"/>
            <ObjectSomeValuesFrom>
                <ObjectProperty IRI="http://purl.obolibrary.org/obo/bspo#overlaps"/>
                <Class IRI="http://purl.obolibrary.org/obo/BSPO_0000003"/>
            </ObjectSomeValuesFrom>
        </ObjectIntersectionOf>
    </EquivalentClasses>
    <EquivalentClasses>
        <Class IRI="http://purl.obolibrary.org/obo/BSPO_0000034"/>
        <ObjectIntersectionOf>
            <Class IRI="http://purl.obolibrary.org/obo/BSPO_0000070"/>
            <ObjectSomeValuesFrom>
                <ObjectProperty IRI="http://purl.obolibrary.org/obo/bspo#overlaps"/>
                <Class IRI="http://purl.obolibrary.org/obo/BSPO_0000004"/>
            </ObjectSomeValuesFrom>
        </ObjectIntersectionOf>
    </EquivalentClasses>
    <EquivalentClasses>
        <Class IRI="http://purl.obolibrary.org/obo/BSPO_0000035"/>
        <ObjectIntersectionOf>
            <Class IRI="http://purl.obolibrary.org/obo/BSPO_0000070"/>
            <ObjectSomeValuesFrom>
                <ObjectProperty IRI="http://purl.obolibrary.org/obo/bspo#overlaps"/>
                <Class IRI="http://purl.obolibrary.org/obo/BSPO_0000056"/>
            </ObjectSomeValuesFrom>
            <ObjectSomeValuesFrom>
                <ObjectProperty IRI="http://purl.obolibrary.org/obo/bspo#overlaps"/>
                <Class IRI="http://purl.obolibrary.org/obo/BSPO_0000068"/>
            </ObjectSomeValuesFrom>
        </ObjectIntersectionOf>
    </EquivalentClasses>
    <EquivalentClasses>
        <Class IRI="http://purl.obolibrary.org/obo/BSPO_0000040"/>
        <ObjectIntersectionOf>
            <Class IRI="http://purl.obolibrary.org/obo/BSPO_0000092"/>
            <ObjectSomeValuesFrom>
                <ObjectProperty IRI="http://purl.obolibrary.org/obo/bspo#has_axis"/>
                <Class IRI="http://purl.obolibrary.org/obo/BSPO_0000011"/>
            </ObjectSomeValuesFrom>
        </ObjectIntersectionOf>
    </EquivalentClasses>
    <EquivalentClasses>
        <Class IRI="http://purl.obolibrary.org/obo/BSPO_0000041"/>
        <ObjectIntersectionOf>
            <Class IRI="http://purl.obolibrary.org/obo/BSPO_0000092"/>
            <ObjectSomeValuesFrom>
                <ObjectProperty IRI="http://purl.obolibrary.org/obo/bspo#has_axis"/>
                <Class IRI="http://purl.obolibrary.org/obo/BSPO_0000012"/>
            </ObjectSomeValuesFrom>
        </ObjectIntersectionOf>
    </EquivalentClasses>
    <EquivalentClasses>
        <Class IRI="http://purl.obolibrary.org/obo/BSPO_0000042"/>
        <ObjectIntersectionOf>
            <Class IRI="http://purl.obolibrary.org/obo/BSPO_0000006"/>
            <ObjectSomeValuesFrom>
                <ObjectProperty IRI="http://purl.obolibrary.org/obo/bspo#overlaps"/>
                <Class IRI="http://purl.obolibrary.org/obo/BSPO_0000055"/>
            </ObjectSomeValuesFrom>
            <ObjectSomeValuesFrom>
                <ObjectProperty IRI="http://purl.obolibrary.org/obo/bspo#overlaps"/>
                <Class IRI="http://purl.obolibrary.org/obo/BSPO_0000067"/>
            </ObjectSomeValuesFrom>
        </ObjectIntersectionOf>
    </EquivalentClasses>
    <EquivalentClasses>
        <Class IRI="http://purl.obolibrary.org/obo/BSPO_0000043"/>
        <ObjectIntersectionOf>
            <Class IRI="http://purl.obolibrary.org/obo/BSPO_0000092"/>
            <ObjectSomeValuesFrom>
                <ObjectProperty IRI="http://purl.obolibrary.org/obo/bspo#has_axis"/>
                <Class IRI="http://purl.obolibrary.org/obo/BSPO_0000014"/>
            </ObjectSomeValuesFrom>
        </ObjectIntersectionOf>
    </EquivalentClasses>
    <EquivalentClasses>
        <Class IRI="http://purl.obolibrary.org/obo/BSPO_0000044"/>
        <ObjectIntersectionOf>
            <Class IRI="http://purl.obolibrary.org/obo/BSPO_0000092"/>
            <ObjectSomeValuesFrom>
                <ObjectProperty IRI="http://purl.obolibrary.org/obo/bspo#has_axis"/>
                <Class IRI="http://purl.obolibrary.org/obo/BSPO_0000015"/>
            </ObjectSomeValuesFrom>
        </ObjectIntersectionOf>
    </EquivalentClasses>
    <EquivalentClasses>
        <Class IRI="http://purl.obolibrary.org/obo/BSPO_0000045"/>
        <ObjectIntersectionOf>
            <Class IRI="http://purl.obolibrary.org/obo/BSPO_0000006"/>
            <ObjectSomeValuesFrom>
                <ObjectProperty IRI="http://purl.obolibrary.org/obo/bspo#overlaps"/>
                <Class IRI="http://purl.obolibrary.org/obo/BSPO_0000055"/>
            </ObjectSomeValuesFrom>
            <ObjectSomeValuesFrom>
                <ObjectProperty IRI="http://purl.obolibrary.org/obo/bspo#overlaps"/>
                <Class IRI="http://purl.obolibrary.org/obo/BSPO_0000066"/>
            </ObjectSomeValuesFrom>
        </ObjectIntersectionOf>
    </EquivalentClasses>
    <EquivalentClasses>
        <Class IRI="http://purl.obolibrary.org/obo/BSPO_0000046"/>
        <ObjectIntersectionOf>
            <Class IRI="http://purl.obolibrary.org/obo/BSPO_0000006"/>
            <ObjectSomeValuesFrom>
                <ObjectProperty IRI="http://purl.obolibrary.org/obo/bspo#overlaps"/>
                <Class IRI="http://purl.obolibrary.org/obo/BSPO_0000056"/>
            </ObjectSomeValuesFrom>
            <ObjectSomeValuesFrom>
                <ObjectProperty IRI="http://purl.obolibrary.org/obo/bspo#overlaps"/>
                <Class IRI="http://purl.obolibrary.org/obo/BSPO_0000067"/>
            </ObjectSomeValuesFrom>
        </ObjectIntersectionOf>
    </EquivalentClasses>
    <EquivalentClasses>
        <Class IRI="http://purl.obolibrary.org/obo/BSPO_0000047"/>
        <ObjectIntersectionOf>
            <Class IRI="http://purl.obolibrary.org/obo/BSPO_0000006"/>
            <ObjectSomeValuesFrom>
                <ObjectProperty IRI="http://purl.obolibrary.org/obo/bspo#overlaps"/>
                <Class IRI="http://purl.obolibrary.org/obo/BSPO_0000056"/>
            </ObjectSomeValuesFrom>
            <ObjectSomeValuesFrom>
                <ObjectProperty IRI="http://purl.obolibrary.org/obo/bspo#overlaps"/>
                <Class IRI="http://purl.obolibrary.org/obo/BSPO_0000066"/>
            </ObjectSomeValuesFrom>
        </ObjectIntersectionOf>
    </EquivalentClasses>
    <EquivalentClasses>
        <Class IRI="http://purl.obolibrary.org/obo/BSPO_0000048"/>
        <ObjectIntersectionOf>
            <Class IRI="http://purl.obolibrary.org/obo/BSPO_0000006"/>
            <ObjectSomeValuesFrom>
                <ObjectProperty IRI="http://purl.obolibrary.org/obo/bspo#overlaps"/>
                <Class IRI="http://purl.obolibrary.org/obo/BSPO_0000063"/>
            </ObjectSomeValuesFrom>
            <ObjectSomeValuesFrom>
                <ObjectProperty IRI="http://purl.obolibrary.org/obo/bspo#overlaps"/>
                <Class IRI="http://purl.obolibrary.org/obo/BSPO_0000067"/>
            </ObjectSomeValuesFrom>
        </ObjectIntersectionOf>
    </EquivalentClasses>
    <EquivalentClasses>
        <Class IRI="http://purl.obolibrary.org/obo/BSPO_0000049"/>
        <ObjectIntersectionOf>
            <Class IRI="http://purl.obolibrary.org/obo/BSPO_0000006"/>
            <ObjectSomeValuesFrom>
                <ObjectProperty IRI="http://purl.obolibrary.org/obo/bspo#overlaps"/>
                <Class IRI="http://purl.obolibrary.org/obo/BSPO_0000067"/>
            </ObjectSomeValuesFrom>
            <ObjectSomeValuesFrom>
                <ObjectProperty IRI="http://purl.obolibrary.org/obo/bspo#overlaps"/>
                <Class IRI="http://purl.obolibrary.org/obo/BSPO_0000068"/>
            </ObjectSomeValuesFrom>
        </ObjectIntersectionOf>
    </EquivalentClasses>
    <EquivalentClasses>
        <Class IRI="http://purl.obolibrary.org/obo/BSPO_0000050"/>
        <ObjectIntersectionOf>
            <Class IRI="http://purl.obolibrary.org/obo/BSPO_0000070"/>
            <ObjectSomeValuesFrom>
                <ObjectProperty IRI="http://purl.obolibrary.org/obo/bspo#overlaps"/>
                <Class IRI="http://purl.obolibrary.org/obo/BSPO_0000055"/>
            </ObjectSomeValuesFrom>
            <ObjectSomeValuesFrom>
                <ObjectProperty IRI="http://purl.obolibrary.org/obo/bspo#overlaps"/>
                <Class IRI="http://purl.obolibrary.org/obo/BSPO_0000067"/>
            </ObjectSomeValuesFrom>
        </ObjectIntersectionOf>
    </EquivalentClasses>
    <EquivalentClasses>
        <Class IRI="http://purl.obolibrary.org/obo/BSPO_0000052"/>
        <ObjectIntersectionOf>
            <Class IRI="http://purl.obolibrary.org/obo/BSPO_0000051"/>
            <ObjectSomeValuesFrom>
                <ObjectProperty IRI="http://purl.obolibrary.org/obo/bspo#has_axis"/>
                <Class IRI="http://purl.obolibrary.org/obo/BSPO_0000013"/>
            </ObjectSomeValuesFrom>
        </ObjectIntersectionOf>
    </EquivalentClasses>
    <EquivalentClasses>
        <Class IRI="http://purl.obolibrary.org/obo/BSPO_0000053"/>
        <ObjectIntersectionOf>
            <Class IRI="http://purl.obolibrary.org/obo/BSPO_0000051"/>
            <ObjectSomeValuesFrom>
                <ObjectProperty IRI="http://purl.obolibrary.org/obo/bspo#has_axis"/>
                <Class IRI="http://purl.obolibrary.org/obo/BSPO_0000016"/>
            </ObjectSomeValuesFrom>
        </ObjectIntersectionOf>
    </EquivalentClasses>
    <EquivalentClasses>
        <Class IRI="http://purl.obolibrary.org/obo/BSPO_0000064"/>
        <ObjectIntersectionOf>
            <Class IRI="http://purl.obolibrary.org/obo/BSPO_0000070"/>
            <ObjectSomeValuesFrom>
                <ObjectProperty IRI="http://purl.obolibrary.org/obo/bspo#overlaps"/>
                <Class IRI="http://purl.obolibrary.org/obo/BSPO_0000056"/>
            </ObjectSomeValuesFrom>
            <ObjectSomeValuesFrom>
                <ObjectProperty IRI="http://purl.obolibrary.org/obo/bspo#overlaps"/>
                <Class IRI="http://purl.obolibrary.org/obo/BSPO_0000067"/>
            </ObjectSomeValuesFrom>
        </ObjectIntersectionOf>
    </EquivalentClasses>
    <EquivalentClasses>
        <Class IRI="http://purl.obolibrary.org/obo/BSPO_0000069"/>
        <ObjectIntersectionOf>
            <Class IRI="http://purl.obolibrary.org/obo/BSPO_0000070"/>
            <ObjectSomeValuesFrom>
                <ObjectProperty IRI="http://purl.obolibrary.org/obo/bspo#overlaps"/>
                <Class IRI="http://purl.obolibrary.org/obo/BSPO_0000063"/>
            </ObjectSomeValuesFrom>
            <ObjectSomeValuesFrom>
                <ObjectProperty IRI="http://purl.obolibrary.org/obo/bspo#overlaps"/>
                <Class IRI="http://purl.obolibrary.org/obo/BSPO_0000067"/>
            </ObjectSomeValuesFrom>
        </ObjectIntersectionOf>
    </EquivalentClasses>
    <EquivalentClasses>
        <Class IRI="http://purl.obolibrary.org/obo/BSPO_0000071"/>
        <ObjectIntersectionOf>
            <Class IRI="http://purl.obolibrary.org/obo/BSPO_0000070"/>
            <ObjectSomeValuesFrom>
                <ObjectProperty IRI="http://purl.obolibrary.org/obo/bspo#overlaps"/>
                <Class IRI="http://purl.obolibrary.org/obo/BSPO_0000055"/>
            </ObjectSomeValuesFrom>
        </ObjectIntersectionOf>
    </EquivalentClasses>
    <EquivalentClasses>
        <Class IRI="http://purl.obolibrary.org/obo/BSPO_0000072"/>
        <ObjectIntersectionOf>
            <Class IRI="http://purl.obolibrary.org/obo/BSPO_0000070"/>
            <ObjectSomeValuesFrom>
                <ObjectProperty IRI="http://purl.obolibrary.org/obo/bspo#overlaps"/>
                <Class IRI="http://purl.obolibrary.org/obo/BSPO_0000056"/>
            </ObjectSomeValuesFrom>
        </ObjectIntersectionOf>
    </EquivalentClasses>
    <EquivalentClasses>
        <Class IRI="http://purl.obolibrary.org/obo/BSPO_0000073"/>
        <ObjectIntersectionOf>
            <Class IRI="http://purl.obolibrary.org/obo/BSPO_0000070"/>
            <ObjectSomeValuesFrom>
                <ObjectProperty IRI="http://purl.obolibrary.org/obo/bspo#overlaps"/>
                <Class IRI="http://purl.obolibrary.org/obo/BSPO_0000057"/>
            </ObjectSomeValuesFrom>
        </ObjectIntersectionOf>
    </EquivalentClasses>
    <EquivalentClasses>
        <Class IRI="http://purl.obolibrary.org/obo/BSPO_0000074"/>
        <ObjectIntersectionOf>
            <Class IRI="http://purl.obolibrary.org/obo/BSPO_0000070"/>
            <ObjectSomeValuesFrom>
                <ObjectProperty IRI="http://purl.obolibrary.org/obo/bspo#overlaps"/>
                <Class IRI="http://purl.obolibrary.org/obo/BSPO_0000058"/>
            </ObjectSomeValuesFrom>
        </ObjectIntersectionOf>
    </EquivalentClasses>
    <EquivalentClasses>
        <Class IRI="http://purl.obolibrary.org/obo/BSPO_0000075"/>
        <ObjectIntersectionOf>
            <Class IRI="http://purl.obolibrary.org/obo/BSPO_0000070"/>
            <ObjectSomeValuesFrom>
                <ObjectProperty IRI="http://purl.obolibrary.org/obo/bspo#overlaps"/>
                <Class IRI="http://purl.obolibrary.org/obo/BSPO_0000059"/>
            </ObjectSomeValuesFrom>
        </ObjectIntersectionOf>
    </EquivalentClasses>
    <EquivalentClasses>
        <Class IRI="http://purl.obolibrary.org/obo/BSPO_0000076"/>
        <ObjectIntersectionOf>
            <Class IRI="http://purl.obolibrary.org/obo/BSPO_0000070"/>
            <ObjectSomeValuesFrom>
                <ObjectProperty IRI="http://purl.obolibrary.org/obo/bspo#overlaps"/>
                <Class IRI="http://purl.obolibrary.org/obo/BSPO_0000060"/>
            </ObjectSomeValuesFrom>
        </ObjectIntersectionOf>
    </EquivalentClasses>
    <EquivalentClasses>
        <Class IRI="http://purl.obolibrary.org/obo/BSPO_0000077"/>
        <ObjectIntersectionOf>
            <Class IRI="http://purl.obolibrary.org/obo/BSPO_0000070"/>
            <ObjectSomeValuesFrom>
                <ObjectProperty IRI="http://purl.obolibrary.org/obo/bspo#overlaps"/>
                <Class IRI="http://purl.obolibrary.org/obo/BSPO_0000061"/>
            </ObjectSomeValuesFrom>
        </ObjectIntersectionOf>
    </EquivalentClasses>
    <EquivalentClasses>
        <Class IRI="http://purl.obolibrary.org/obo/BSPO_0000078"/>
        <ObjectIntersectionOf>
            <Class IRI="http://purl.obolibrary.org/obo/BSPO_0000070"/>
            <ObjectSomeValuesFrom>
                <ObjectProperty IRI="http://purl.obolibrary.org/obo/bspo#overlaps"/>
                <Class IRI="http://purl.obolibrary.org/obo/BSPO_0000062"/>
            </ObjectSomeValuesFrom>
        </ObjectIntersectionOf>
    </EquivalentClasses>
    <EquivalentClasses>
        <Class IRI="http://purl.obolibrary.org/obo/BSPO_0000079"/>
        <ObjectIntersectionOf>
            <Class IRI="http://purl.obolibrary.org/obo/BSPO_0000070"/>
            <ObjectSomeValuesFrom>
                <ObjectProperty IRI="http://purl.obolibrary.org/obo/bspo#overlaps"/>
                <Class IRI="http://purl.obolibrary.org/obo/BSPO_0000063"/>
            </ObjectSomeValuesFrom>
        </ObjectIntersectionOf>
    </EquivalentClasses>
    <EquivalentClasses>
        <Class IRI="http://purl.obolibrary.org/obo/BSPO_0000080"/>
        <ObjectIntersectionOf>
            <Class IRI="http://purl.obolibrary.org/obo/BSPO_0000070"/>
            <ObjectSomeValuesFrom>
                <ObjectProperty IRI="http://purl.obolibrary.org/obo/bspo#overlaps"/>
                <Class IRI="http://purl.obolibrary.org/obo/BSPO_0000063"/>
            </ObjectSomeValuesFrom>
            <ObjectSomeValuesFrom>
                <ObjectProperty IRI="http://purl.obolibrary.org/obo/bspo#overlaps"/>
                <Class IRI="http://purl.obolibrary.org/obo/BSPO_0000066"/>
            </ObjectSomeValuesFrom>
        </ObjectIntersectionOf>
    </EquivalentClasses>
    <EquivalentClasses>
        <Class IRI="http://purl.obolibrary.org/obo/BSPO_0000081"/>
        <ObjectIntersectionOf>
            <Class IRI="http://purl.obolibrary.org/obo/BSPO_0000070"/>
            <ObjectSomeValuesFrom>
                <ObjectProperty IRI="http://purl.obolibrary.org/obo/bspo#overlaps"/>
                <Class IRI="http://purl.obolibrary.org/obo/BSPO_0000065"/>
            </ObjectSomeValuesFrom>
        </ObjectIntersectionOf>
    </EquivalentClasses>
    <EquivalentClasses>
        <Class IRI="http://purl.obolibrary.org/obo/BSPO_0000082"/>
        <ObjectIntersectionOf>
            <Class IRI="http://purl.obolibrary.org/obo/BSPO_0000070"/>
            <ObjectSomeValuesFrom>
                <ObjectProperty IRI="http://purl.obolibrary.org/obo/bspo#overlaps"/>
                <Class IRI="http://purl.obolibrary.org/obo/BSPO_0000066"/>
            </ObjectSomeValuesFrom>
        </ObjectIntersectionOf>
    </EquivalentClasses>
    <EquivalentClasses>
        <Class IRI="http://purl.obolibrary.org/obo/BSPO_0000083"/>
        <ObjectIntersectionOf>
            <Class IRI="http://purl.obolibrary.org/obo/BSPO_0000070"/>
            <ObjectSomeValuesFrom>
                <ObjectProperty IRI="http://purl.obolibrary.org/obo/bspo#overlaps"/>
                <Class IRI="http://purl.obolibrary.org/obo/BSPO_0000067"/>
            </ObjectSomeValuesFrom>
        </ObjectIntersectionOf>
    </EquivalentClasses>
    <EquivalentClasses>
        <Class IRI="http://purl.obolibrary.org/obo/BSPO_0000084"/>
        <ObjectIntersectionOf>
            <Class IRI="http://purl.obolibrary.org/obo/BSPO_0000070"/>
            <ObjectSomeValuesFrom>
                <ObjectProperty IRI="http://purl.obolibrary.org/obo/bspo#overlaps"/>
                <Class IRI="http://purl.obolibrary.org/obo/BSPO_0000068"/>
            </ObjectSomeValuesFrom>
        </ObjectIntersectionOf>
    </EquivalentClasses>
    <EquivalentClasses>
        <Class IRI="http://purl.obolibrary.org/obo/BSPO_0000085"/>
        <ObjectIntersectionOf>
            <Class IRI="http://purl.obolibrary.org/obo/BSPO_0000070"/>
            <ObjectSomeValuesFrom>
                <ObjectProperty IRI="http://purl.obolibrary.org/obo/bspo#overlaps"/>
                <Class IRI="http://purl.obolibrary.org/obo/BSPO_0000066"/>
            </ObjectSomeValuesFrom>
            <ObjectSomeValuesFrom>
                <ObjectProperty IRI="http://purl.obolibrary.org/obo/bspo#overlaps"/>
                <Class IRI="http://purl.obolibrary.org/obo/BSPO_0000068"/>
            </ObjectSomeValuesFrom>
        </ObjectIntersectionOf>
    </EquivalentClasses>
    <EquivalentClasses>
        <Class IRI="http://purl.obolibrary.org/obo/BSPO_0000112"/>
        <ObjectIntersectionOf>
            <Class IRI="http://purl.obolibrary.org/obo/BSPO_0000070"/>
            <ObjectSomeValuesFrom>
                <ObjectProperty IRI="http://purl.obolibrary.org/obo/bspo#overlaps"/>
                <Class IRI="http://purl.obolibrary.org/obo/BSPO_0000067"/>
            </ObjectSomeValuesFrom>
            <ObjectSomeValuesFrom>
                <ObjectProperty IRI="http://purl.obolibrary.org/obo/bspo#overlaps"/>
                <Class IRI="http://purl.obolibrary.org/obo/BSPO_0000068"/>
            </ObjectSomeValuesFrom>
        </ObjectIntersectionOf>
    </EquivalentClasses>
    <EquivalentClasses>
        <Class IRI="http://purl.obolibrary.org/obo/BSPO_0000127"/>
        <ObjectIntersectionOf>
            <Class IRI="http://purl.obolibrary.org/obo/BSPO_0000070"/>
            <ObjectSomeValuesFrom>
                <ObjectProperty IRI="http://purl.obolibrary.org/obo/bspo#overlaps"/>
                <Class IRI="http://purl.obolibrary.org/obo/BSPO_0000129"/>
            </ObjectSomeValuesFrom>
        </ObjectIntersectionOf>
    </EquivalentClasses>
    <EquivalentClasses>
        <Class IRI="http://purl.obolibrary.org/obo/BSPO_0000128"/>
        <ObjectIntersectionOf>
            <Class IRI="http://purl.obolibrary.org/obo/BSPO_0000070"/>
            <ObjectSomeValuesFrom>
                <ObjectProperty IRI="http://purl.obolibrary.org/obo/bspo#overlaps"/>
                <Class IRI="http://purl.obolibrary.org/obo/BSPO_0000130"/>
            </ObjectSomeValuesFrom>
        </ObjectIntersectionOf>
    </EquivalentClasses>
    <EquivalentClasses>
        <Class IRI="http://purl.obolibrary.org/obo/BSPO_0000371"/>
        <ObjectIntersectionOf>
            <Class IRI="http://purl.obolibrary.org/obo/BSPO_0000005"/>
            <ObjectSomeValuesFrom>
                <ObjectProperty IRI="http://purl.obolibrary.org/obo/bspo#surface_of"/>
                <Class IRI="http://purl.obolibrary.org/obo/BSPO_0000055"/>
            </ObjectSomeValuesFrom>
        </ObjectIntersectionOf>
    </EquivalentClasses>
    <EquivalentClasses>
        <Class IRI="http://purl.obolibrary.org/obo/BSPO_0000372"/>
        <ObjectIntersectionOf>
            <Class IRI="http://purl.obolibrary.org/obo/BSPO_0000005"/>
            <ObjectSomeValuesFrom>
                <ObjectProperty IRI="http://purl.obolibrary.org/obo/bspo#surface_of"/>
                <Class IRI="http://purl.obolibrary.org/obo/BSPO_0000056"/>
            </ObjectSomeValuesFrom>
        </ObjectIntersectionOf>
    </EquivalentClasses>
    <EquivalentClasses>
        <Class IRI="http://purl.obolibrary.org/obo/BSPO_0000373"/>
        <ObjectIntersectionOf>
            <Class IRI="http://purl.obolibrary.org/obo/BSPO_0000005"/>
            <ObjectSomeValuesFrom>
                <ObjectProperty IRI="http://purl.obolibrary.org/obo/bspo#surface_of"/>
                <Class IRI="http://purl.obolibrary.org/obo/BSPO_0000057"/>
            </ObjectSomeValuesFrom>
        </ObjectIntersectionOf>
    </EquivalentClasses>
    <EquivalentClasses>
        <Class IRI="http://purl.obolibrary.org/obo/BSPO_0000374"/>
        <ObjectIntersectionOf>
            <Class IRI="http://purl.obolibrary.org/obo/BSPO_0000005"/>
            <ObjectSomeValuesFrom>
                <ObjectProperty IRI="http://purl.obolibrary.org/obo/bspo#surface_of"/>
                <Class IRI="http://purl.obolibrary.org/obo/BSPO_0000058"/>
            </ObjectSomeValuesFrom>
        </ObjectIntersectionOf>
    </EquivalentClasses>
    <EquivalentClasses>
        <Class IRI="http://purl.obolibrary.org/obo/BSPO_0000376"/>
        <ObjectIntersectionOf>
            <Class IRI="http://purl.obolibrary.org/obo/BSPO_0000005"/>
            <ObjectSomeValuesFrom>
                <ObjectProperty IRI="http://purl.obolibrary.org/obo/bspo#surface_of"/>
                <Class IRI="http://purl.obolibrary.org/obo/BSPO_0000060"/>
            </ObjectSomeValuesFrom>
        </ObjectIntersectionOf>
    </EquivalentClasses>
    <EquivalentClasses>
        <Class IRI="http://purl.obolibrary.org/obo/BSPO_0000377"/>
        <ObjectIntersectionOf>
            <Class IRI="http://purl.obolibrary.org/obo/BSPO_0000005"/>
            <ObjectSomeValuesFrom>
                <ObjectProperty IRI="http://purl.obolibrary.org/obo/bspo#surface_of"/>
                <Class IRI="http://purl.obolibrary.org/obo/BSPO_0000061"/>
            </ObjectSomeValuesFrom>
        </ObjectIntersectionOf>
    </EquivalentClasses>
    <EquivalentClasses>
        <Class IRI="http://purl.obolibrary.org/obo/BSPO_0000378"/>
        <ObjectIntersectionOf>
            <Class IRI="http://purl.obolibrary.org/obo/BSPO_0000005"/>
            <ObjectSomeValuesFrom>
                <ObjectProperty IRI="http://purl.obolibrary.org/obo/bspo#surface_of"/>
                <Class IRI="http://purl.obolibrary.org/obo/BSPO_0000062"/>
            </ObjectSomeValuesFrom>
        </ObjectIntersectionOf>
    </EquivalentClasses>
    <EquivalentClasses>
        <Class IRI="http://purl.obolibrary.org/obo/BSPO_0000379"/>
        <ObjectIntersectionOf>
            <Class IRI="http://purl.obolibrary.org/obo/BSPO_0000005"/>
            <ObjectSomeValuesFrom>
                <ObjectProperty IRI="http://purl.obolibrary.org/obo/bspo#surface_of"/>
                <Class IRI="http://purl.obolibrary.org/obo/BSPO_0000063"/>
            </ObjectSomeValuesFrom>
        </ObjectIntersectionOf>
    </EquivalentClasses>
    <EquivalentClasses>
        <Class IRI="http://purl.obolibrary.org/obo/BSPO_0000381"/>
        <ObjectIntersectionOf>
            <Class IRI="http://purl.obolibrary.org/obo/BSPO_0000005"/>
            <ObjectSomeValuesFrom>
                <ObjectProperty IRI="http://purl.obolibrary.org/obo/bspo#surface_of"/>
                <Class IRI="http://purl.obolibrary.org/obo/BSPO_0000065"/>
            </ObjectSomeValuesFrom>
        </ObjectIntersectionOf>
    </EquivalentClasses>
    <EquivalentClasses>
        <Class IRI="http://purl.obolibrary.org/obo/BSPO_0000382"/>
        <ObjectIntersectionOf>
            <Class IRI="http://purl.obolibrary.org/obo/BSPO_0000005"/>
            <ObjectSomeValuesFrom>
                <ObjectProperty IRI="http://purl.obolibrary.org/obo/bspo#surface_of"/>
                <Class IRI="http://purl.obolibrary.org/obo/BSPO_0000066"/>
            </ObjectSomeValuesFrom>
        </ObjectIntersectionOf>
    </EquivalentClasses>
    <EquivalentClasses>
        <Class IRI="http://purl.obolibrary.org/obo/BSPO_0000383"/>
        <ObjectIntersectionOf>
            <Class IRI="http://purl.obolibrary.org/obo/BSPO_0000005"/>
            <ObjectSomeValuesFrom>
                <ObjectProperty IRI="http://purl.obolibrary.org/obo/bspo#surface_of"/>
                <Class IRI="http://purl.obolibrary.org/obo/BSPO_0000067"/>
            </ObjectSomeValuesFrom>
        </ObjectIntersectionOf>
    </EquivalentClasses>
    <EquivalentClasses>
        <Class IRI="http://purl.obolibrary.org/obo/BSPO_0000384"/>
        <ObjectIntersectionOf>
            <Class IRI="http://purl.obolibrary.org/obo/BSPO_0000005"/>
            <ObjectSomeValuesFrom>
                <ObjectProperty IRI="http://purl.obolibrary.org/obo/bspo#surface_of"/>
                <Class IRI="http://purl.obolibrary.org/obo/BSPO_0000068"/>
            </ObjectSomeValuesFrom>
        </ObjectIntersectionOf>
    </EquivalentClasses>
    <EquivalentClasses>
        <Class IRI="http://purl.obolibrary.org/obo/BSPO_0000671"/>
        <ObjectIntersectionOf>
            <Class IRI="http://purl.obolibrary.org/obo/BSPO_0000006"/>
            <ObjectSomeValuesFrom>
                <ObjectProperty IRI="http://purl.obolibrary.org/obo/bspo#overlaps"/>
                <Class IRI="http://purl.obolibrary.org/obo/BSPO_0000055"/>
            </ObjectSomeValuesFrom>
        </ObjectIntersectionOf>
    </EquivalentClasses>
    <EquivalentClasses>
        <Class IRI="http://purl.obolibrary.org/obo/BSPO_0000672"/>
        <ObjectIntersectionOf>
            <Class IRI="http://purl.obolibrary.org/obo/BSPO_0000006"/>
            <ObjectSomeValuesFrom>
                <ObjectProperty IRI="http://purl.obolibrary.org/obo/bspo#overlaps"/>
                <Class IRI="http://purl.obolibrary.org/obo/BSPO_0000056"/>
            </ObjectSomeValuesFrom>
        </ObjectIntersectionOf>
    </EquivalentClasses>
    <EquivalentClasses>
        <Class IRI="http://purl.obolibrary.org/obo/BSPO_0000673"/>
        <ObjectIntersectionOf>
            <Class IRI="http://purl.obolibrary.org/obo/BSPO_0000006"/>
            <ObjectSomeValuesFrom>
                <ObjectProperty IRI="http://purl.obolibrary.org/obo/bspo#overlaps"/>
                <Class IRI="http://purl.obolibrary.org/obo/BSPO_0000057"/>
            </ObjectSomeValuesFrom>
        </ObjectIntersectionOf>
    </EquivalentClasses>
    <EquivalentClasses>
        <Class IRI="http://purl.obolibrary.org/obo/BSPO_0000674"/>
        <ObjectIntersectionOf>
            <Class IRI="http://purl.obolibrary.org/obo/BSPO_0000006"/>
            <ObjectSomeValuesFrom>
                <ObjectProperty IRI="http://purl.obolibrary.org/obo/bspo#overlaps"/>
                <Class IRI="http://purl.obolibrary.org/obo/BSPO_0000058"/>
            </ObjectSomeValuesFrom>
        </ObjectIntersectionOf>
    </EquivalentClasses>
    <EquivalentClasses>
        <Class IRI="http://purl.obolibrary.org/obo/BSPO_0000677"/>
        <ObjectIntersectionOf>
            <Class IRI="http://purl.obolibrary.org/obo/BSPO_0000006"/>
            <ObjectSomeValuesFrom>
                <ObjectProperty IRI="http://purl.obolibrary.org/obo/bspo#overlaps"/>
                <Class IRI="http://purl.obolibrary.org/obo/BSPO_0000061"/>
            </ObjectSomeValuesFrom>
        </ObjectIntersectionOf>
    </EquivalentClasses>
    <EquivalentClasses>
        <Class IRI="http://purl.obolibrary.org/obo/BSPO_0000678"/>
        <ObjectIntersectionOf>
            <Class IRI="http://purl.obolibrary.org/obo/BSPO_0000006"/>
            <ObjectSomeValuesFrom>
                <ObjectProperty IRI="http://purl.obolibrary.org/obo/bspo#overlaps"/>
                <Class IRI="http://purl.obolibrary.org/obo/BSPO_0000062"/>
            </ObjectSomeValuesFrom>
        </ObjectIntersectionOf>
    </EquivalentClasses>
    <EquivalentClasses>
        <Class IRI="http://purl.obolibrary.org/obo/BSPO_0000679"/>
        <ObjectIntersectionOf>
            <Class IRI="http://purl.obolibrary.org/obo/BSPO_0000006"/>
            <ObjectSomeValuesFrom>
                <ObjectProperty IRI="http://purl.obolibrary.org/obo/bspo#overlaps"/>
                <Class IRI="http://purl.obolibrary.org/obo/BSPO_0000063"/>
            </ObjectSomeValuesFrom>
        </ObjectIntersectionOf>
    </EquivalentClasses>
    <EquivalentClasses>
        <Class IRI="http://purl.obolibrary.org/obo/BSPO_0000680"/>
        <ObjectIntersectionOf>
            <Class IRI="http://purl.obolibrary.org/obo/BSPO_0000006"/>
            <ObjectSomeValuesFrom>
                <ObjectProperty IRI="http://purl.obolibrary.org/obo/bspo#overlaps"/>
                <Class IRI="http://purl.obolibrary.org/obo/BSPO_0000063"/>
            </ObjectSomeValuesFrom>
            <ObjectSomeValuesFrom>
                <ObjectProperty IRI="http://purl.obolibrary.org/obo/bspo#overlaps"/>
                <Class IRI="http://purl.obolibrary.org/obo/BSPO_0000066"/>
            </ObjectSomeValuesFrom>
        </ObjectIntersectionOf>
    </EquivalentClasses>
    <EquivalentClasses>
        <Class IRI="http://purl.obolibrary.org/obo/BSPO_0000682"/>
        <ObjectIntersectionOf>
            <Class IRI="http://purl.obolibrary.org/obo/BSPO_0000006"/>
            <ObjectSomeValuesFrom>
                <ObjectProperty IRI="http://purl.obolibrary.org/obo/bspo#overlaps"/>
                <Class IRI="http://purl.obolibrary.org/obo/BSPO_0000066"/>
            </ObjectSomeValuesFrom>
        </ObjectIntersectionOf>
    </EquivalentClasses>
    <EquivalentClasses>
        <Class IRI="http://purl.obolibrary.org/obo/BSPO_0000683"/>
        <ObjectIntersectionOf>
            <Class IRI="http://purl.obolibrary.org/obo/BSPO_0000006"/>
            <ObjectSomeValuesFrom>
                <ObjectProperty IRI="http://purl.obolibrary.org/obo/bspo#overlaps"/>
                <Class IRI="http://purl.obolibrary.org/obo/BSPO_0000067"/>
            </ObjectSomeValuesFrom>
        </ObjectIntersectionOf>
    </EquivalentClasses>
    <EquivalentClasses>
        <Class IRI="http://purl.obolibrary.org/obo/BSPO_0000684"/>
        <ObjectIntersectionOf>
            <Class IRI="http://purl.obolibrary.org/obo/BSPO_0000006"/>
            <ObjectSomeValuesFrom>
                <ObjectProperty IRI="http://purl.obolibrary.org/obo/bspo#overlaps"/>
                <Class IRI="http://purl.obolibrary.org/obo/BSPO_0000068"/>
            </ObjectSomeValuesFrom>
        </ObjectIntersectionOf>
    </EquivalentClasses>
    <EquivalentClasses>
        <Class IRI="http://purl.obolibrary.org/obo/BSPO_0000685"/>
        <ObjectIntersectionOf>
            <Class IRI="http://purl.obolibrary.org/obo/BSPO_0000006"/>
            <ObjectSomeValuesFrom>
                <ObjectProperty IRI="http://purl.obolibrary.org/obo/bspo#overlaps"/>
                <Class IRI="http://purl.obolibrary.org/obo/BSPO_0000066"/>
            </ObjectSomeValuesFrom>
            <ObjectSomeValuesFrom>
                <ObjectProperty IRI="http://purl.obolibrary.org/obo/bspo#overlaps"/>
                <Class IRI="http://purl.obolibrary.org/obo/BSPO_0000068"/>
            </ObjectSomeValuesFrom>
        </ObjectIntersectionOf>
    </EquivalentClasses>
    <EquivalentClasses>
        <Class IRI="http://purl.obolibrary.org/obo/BSPO_0000686"/>
        <ObjectIntersectionOf>
            <Class IRI="http://purl.obolibrary.org/obo/BSPO_0000006"/>
            <ObjectSomeValuesFrom>
                <ObjectProperty IRI="http://purl.obolibrary.org/obo/bspo#overlaps"/>
                <Class IRI="http://purl.obolibrary.org/obo/BSPO_0000055"/>
            </ObjectSomeValuesFrom>
            <ObjectSomeValuesFrom>
                <ObjectProperty IRI="http://purl.obolibrary.org/obo/bspo#overlaps"/>
                <Class IRI="http://purl.obolibrary.org/obo/BSPO_0000063"/>
            </ObjectSomeValuesFrom>
        </ObjectIntersectionOf>
    </EquivalentClasses>
    <EquivalentClasses>
        <Class IRI="http://purl.obolibrary.org/obo/BSPO_0000687"/>
        <ObjectIntersectionOf>
            <Class IRI="http://purl.obolibrary.org/obo/BSPO_0000006"/>
            <ObjectSomeValuesFrom>
                <ObjectProperty IRI="http://purl.obolibrary.org/obo/bspo#overlaps"/>
                <Class IRI="http://purl.obolibrary.org/obo/BSPO_0000056"/>
            </ObjectSomeValuesFrom>
            <ObjectSomeValuesFrom>
                <ObjectProperty IRI="http://purl.obolibrary.org/obo/bspo#overlaps"/>
                <Class IRI="http://purl.obolibrary.org/obo/BSPO_0000063"/>
            </ObjectSomeValuesFrom>
        </ObjectIntersectionOf>
    </EquivalentClasses>
    <EquivalentClasses>
        <Class IRI="http://purl.obolibrary.org/obo/BSPO_0000688"/>
        <ObjectIntersectionOf>
            <Class IRI="http://purl.obolibrary.org/obo/BSPO_0000006"/>
            <ObjectSomeValuesFrom>
                <ObjectProperty IRI="http://purl.obolibrary.org/obo/bspo#overlaps"/>
                <Class IRI="http://purl.obolibrary.org/obo/BSPO_0000055"/>
            </ObjectSomeValuesFrom>
            <ObjectSomeValuesFrom>
                <ObjectProperty IRI="http://purl.obolibrary.org/obo/bspo#overlaps"/>
                <Class IRI="http://purl.obolibrary.org/obo/BSPO_0000068"/>
            </ObjectSomeValuesFrom>
        </ObjectIntersectionOf>
    </EquivalentClasses>
    <EquivalentClasses>
        <Class IRI="http://purl.obolibrary.org/obo/BSPO_0000689"/>
        <ObjectIntersectionOf>
            <Class IRI="http://purl.obolibrary.org/obo/BSPO_0000006"/>
            <ObjectSomeValuesFrom>
                <ObjectProperty IRI="http://purl.obolibrary.org/obo/bspo#overlaps"/>
                <Class IRI="http://purl.obolibrary.org/obo/BSPO_0000056"/>
            </ObjectSomeValuesFrom>
            <ObjectSomeValuesFrom>
                <ObjectProperty IRI="http://purl.obolibrary.org/obo/bspo#overlaps"/>
                <Class IRI="http://purl.obolibrary.org/obo/BSPO_0000068"/>
            </ObjectSomeValuesFrom>
        </ObjectIntersectionOf>
    </EquivalentClasses>
    <SubClassOf>
        <Class IRI="http://purl.obolibrary.org/obo/BSPO_0000000"/>
        <Class IRI="http://purl.obolibrary.org/obo/BSPO_0000054"/>
    </SubClassOf>
    <SubClassOf>
        <Class IRI="http://purl.obolibrary.org/obo/BSPO_0000000"/>
        <ObjectSomeValuesFrom>
            <ObjectProperty IRI="http://purl.obolibrary.org/obo/BSPO_0000110"/>
            <Class IRI="http://purl.obolibrary.org/obo/BSPO_0000007"/>
        </ObjectSomeValuesFrom>
    </SubClassOf>
    <SubClassOf>
        <Class IRI="http://purl.obolibrary.org/obo/BSPO_0000000"/>
        <ObjectSomeValuesFrom>
            <ObjectProperty IRI="http://purl.obolibrary.org/obo/bspo#starts_axis"/>
            <Class IRI="http://purl.obolibrary.org/obo/BSPO_0000017"/>
        </ObjectSomeValuesFrom>
    </SubClassOf>
    <SubClassOf>
        <Class IRI="http://purl.obolibrary.org/obo/BSPO_0000001"/>
        <Class IRI="http://purl.obolibrary.org/obo/BSPO_0000054"/>
    </SubClassOf>
    <SubClassOf>
        <Class IRI="http://purl.obolibrary.org/obo/BSPO_0000001"/>
        <ObjectSomeValuesFrom>
            <ObjectProperty IRI="http://purl.obolibrary.org/obo/bspo#starts_axis"/>
            <Class IRI="http://purl.obolibrary.org/obo/BSPO_0000011"/>
        </ObjectSomeValuesFrom>
    </SubClassOf>
    <SubClassOf>
        <Class IRI="http://purl.obolibrary.org/obo/BSPO_0000002"/>
        <Class IRI="http://purl.obolibrary.org/obo/BSPO_0000054"/>
    </SubClassOf>
    <SubClassOf>
        <Class IRI="http://purl.obolibrary.org/obo/BSPO_0000002"/>
        <ObjectSomeValuesFrom>
            <ObjectProperty IRI="http://purl.obolibrary.org/obo/bspo#finishes_axis"/>
            <Class IRI="http://purl.obolibrary.org/obo/BSPO_0000011"/>
        </ObjectSomeValuesFrom>
    </SubClassOf>
    <SubClassOf>
        <Class IRI="http://purl.obolibrary.org/obo/BSPO_0000003"/>
        <Class IRI="http://purl.obolibrary.org/obo/BSPO_0000054"/>
    </SubClassOf>
    <SubClassOf>
        <Class IRI="http://purl.obolibrary.org/obo/BSPO_0000003"/>
        <ObjectSomeValuesFrom>
            <ObjectProperty IRI="http://purl.obolibrary.org/obo/BSPO_0000107"/>
            <Class IRI="http://purl.obolibrary.org/obo/BSPO_0000004"/>
        </ObjectSomeValuesFrom>
    </SubClassOf>
    <SubClassOf>
        <Class IRI="http://purl.obolibrary.org/obo/BSPO_0000003"/>
        <ObjectSomeValuesFrom>
            <ObjectProperty IRI="http://purl.obolibrary.org/obo/bspo#starts_axis"/>
            <Class IRI="http://purl.obolibrary.org/obo/BSPO_0000012"/>
        </ObjectSomeValuesFrom>
    </SubClassOf>
    <SubClassOf>
        <Class IRI="http://purl.obolibrary.org/obo/BSPO_0000004"/>
        <Class IRI="http://purl.obolibrary.org/obo/BSPO_0000054"/>
    </SubClassOf>
    <SubClassOf>
        <Class IRI="http://purl.obolibrary.org/obo/BSPO_0000004"/>
        <ObjectSomeValuesFrom>
            <ObjectProperty IRI="http://purl.obolibrary.org/obo/bspo#finishes_axis"/>
            <Class IRI="http://purl.obolibrary.org/obo/BSPO_0000012"/>
        </ObjectSomeValuesFrom>
    </SubClassOf>
    <SubClassOf>
        <Class IRI="http://purl.obolibrary.org/obo/BSPO_0000006"/>
        <Class IRI="http://purl.obolibrary.org/obo/BSPO_0000070"/>
    </SubClassOf>
    <SubClassOf>
        <Class IRI="http://purl.obolibrary.org/obo/BSPO_0000007"/>
        <Class IRI="http://purl.obolibrary.org/obo/BSPO_0000054"/>
    </SubClassOf>
    <SubClassOf>
        <Class IRI="http://purl.obolibrary.org/obo/BSPO_0000007"/>
        <ObjectSomeValuesFrom>
            <ObjectProperty IRI="http://purl.obolibrary.org/obo/bspo#finishes_axis"/>
            <Class IRI="http://purl.obolibrary.org/obo/BSPO_0000017"/>
        </ObjectSomeValuesFrom>
    </SubClassOf>
    <SubClassOf>
        <Class IRI="http://purl.obolibrary.org/obo/BSPO_0000008"/>
        <Class IRI="http://purl.obolibrary.org/obo/BSPO_0000417"/>
    </SubClassOf>
    <SubClassOf>
        <Class IRI="http://purl.obolibrary.org/obo/BSPO_0000009"/>
        <Class IRI="http://purl.obolibrary.org/obo/BSPO_0000417"/>
    </SubClassOf>
    <SubClassOf>
        <Class IRI="http://purl.obolibrary.org/obo/BSPO_0000010"/>
        <ObjectSomeValuesFrom>
            <ObjectProperty IRI="http://purl.obolibrary.org/obo/bspo#passes_through"/>
            <Class IRI="http://purl.obolibrary.org/obo/CARO_0000000"/>
        </ObjectSomeValuesFrom>
    </SubClassOf>
    <SubClassOf>
        <Class IRI="http://purl.obolibrary.org/obo/BSPO_0000011"/>
        <Class IRI="http://purl.obolibrary.org/obo/BSPO_0000010"/>
    </SubClassOf>
    <SubClassOf>
        <Class IRI="http://purl.obolibrary.org/obo/BSPO_0000012"/>
        <Class IRI="http://purl.obolibrary.org/obo/BSPO_0000010"/>
    </SubClassOf>
    <SubClassOf>
        <Class IRI="http://purl.obolibrary.org/obo/BSPO_0000013"/>
        <Class IRI="http://purl.obolibrary.org/obo/BSPO_0000010"/>
    </SubClassOf>
    <SubClassOf>
        <Class IRI="http://purl.obolibrary.org/obo/BSPO_0000013"/>
        <ObjectSomeValuesFrom>
            <ObjectProperty IRI="http://purl.obolibrary.org/obo/BSPO_0000104"/>
            <Class IRI="http://purl.obolibrary.org/obo/BSPO_0000016"/>
        </ObjectSomeValuesFrom>
    </SubClassOf>
    <SubClassOf>
        <Class IRI="http://purl.obolibrary.org/obo/BSPO_0000014"/>
        <Class IRI="http://purl.obolibrary.org/obo/BSPO_0000010"/>
    </SubClassOf>
    <SubClassOf>
        <Class IRI="http://purl.obolibrary.org/obo/BSPO_0000015"/>
        <Class IRI="http://purl.obolibrary.org/obo/BSPO_0000010"/>
    </SubClassOf>
    <SubClassOf>
        <Class IRI="http://purl.obolibrary.org/obo/BSPO_0000016"/>
        <Class IRI="http://purl.obolibrary.org/obo/BSPO_0000010"/>
    </SubClassOf>
    <SubClassOf>
        <Class IRI="http://purl.obolibrary.org/obo/BSPO_0000017"/>
        <Class IRI="http://purl.obolibrary.org/obo/BSPO_0000010"/>
    </SubClassOf>
    <SubClassOf>
        <Class IRI="http://purl.obolibrary.org/obo/BSPO_0000018"/>
        <Class IRI="http://purl.obolibrary.org/obo/BSPO_0000400"/>
    </SubClassOf>
    <SubClassOf>
        <Class IRI="http://purl.obolibrary.org/obo/BSPO_0000019"/>
        <Class IRI="http://purl.obolibrary.org/obo/BSPO_0000400"/>
    </SubClassOf>
    <SubClassOf>
        <Class IRI="http://purl.obolibrary.org/obo/BSPO_0000020"/>
        <Class IRI="http://purl.obolibrary.org/obo/BSPO_0000051"/>
    </SubClassOf>
    <SubClassOf>
        <Class IRI="http://purl.obolibrary.org/obo/BSPO_0000021"/>
        <Class IRI="http://purl.obolibrary.org/obo/BSPO_0000051"/>
    </SubClassOf>
    <SubClassOf>
        <Class IRI="http://purl.obolibrary.org/obo/BSPO_0000022"/>
        <Class IRI="http://purl.obolibrary.org/obo/BSPO_0000054"/>
    </SubClassOf>
    <SubClassOf>
        <Class IRI="http://purl.obolibrary.org/obo/BSPO_0000023"/>
        <Class IRI="http://purl.obolibrary.org/obo/BSPO_0000051"/>
    </SubClassOf>
    <SubClassOf>
        <Class IRI="http://purl.obolibrary.org/obo/BSPO_0000024"/>
        <Class IRI="http://purl.obolibrary.org/obo/BSPO_0000051"/>
    </SubClassOf>
    <SubClassOf>
        <Class IRI="http://purl.obolibrary.org/obo/BSPO_0000025"/>
        <Class IRI="http://purl.obolibrary.org/obo/BSPO_0000054"/>
    </SubClassOf>
    <SubClassOf>
        <Class IRI="http://purl.obolibrary.org/obo/BSPO_0000026"/>
        <Class IRI="http://purl.obolibrary.org/obo/BSPO_0000070"/>
    </SubClassOf>
    <SubClassOf>
        <Class IRI="http://purl.obolibrary.org/obo/BSPO_0000027"/>
        <Class IRI="http://purl.obolibrary.org/obo/BSPO_0000070"/>
    </SubClassOf>
    <SubClassOf>
        <Class IRI="http://purl.obolibrary.org/obo/BSPO_0000028"/>
        <Class IRI="http://purl.obolibrary.org/obo/BSPO_0000070"/>
    </SubClassOf>
    <SubClassOf>
        <Class IRI="http://purl.obolibrary.org/obo/BSPO_0000029"/>
        <Class IRI="http://purl.obolibrary.org/obo/BSPO_0000070"/>
    </SubClassOf>
    <SubClassOf>
        <Class IRI="http://purl.obolibrary.org/obo/BSPO_0000030"/>
        <Class IRI="http://purl.obolibrary.org/obo/BSPO_0000070"/>
    </SubClassOf>
    <SubClassOf>
        <Class IRI="http://purl.obolibrary.org/obo/BSPO_0000031"/>
        <Class IRI="http://purl.obolibrary.org/obo/BSPO_0000070"/>
    </SubClassOf>
    <SubClassOf>
        <Class IRI="http://purl.obolibrary.org/obo/BSPO_0000032"/>
        <Class IRI="http://purl.obolibrary.org/obo/BSPO_0000070"/>
    </SubClassOf>
    <SubClassOf>
        <Class IRI="http://purl.obolibrary.org/obo/BSPO_0000033"/>
        <Class IRI="http://purl.obolibrary.org/obo/BSPO_0000070"/>
    </SubClassOf>
    <SubClassOf>
        <Class IRI="http://purl.obolibrary.org/obo/BSPO_0000034"/>
        <Class IRI="http://purl.obolibrary.org/obo/BSPO_0000070"/>
    </SubClassOf>
    <SubClassOf>
        <Class IRI="http://purl.obolibrary.org/obo/BSPO_0000035"/>
        <Class IRI="http://purl.obolibrary.org/obo/BSPO_0000070"/>
    </SubClassOf>
    <SubClassOf>
        <Class IRI="http://purl.obolibrary.org/obo/BSPO_0000036"/>
        <Class IRI="http://purl.obolibrary.org/obo/BSPO_0000071"/>
    </SubClassOf>
    <SubClassOf>
        <Class IRI="http://purl.obolibrary.org/obo/BSPO_0000037"/>
        <Class IRI="http://purl.obolibrary.org/obo/BSPO_0000072"/>
    </SubClassOf>
    <SubClassOf>
        <Class IRI="http://purl.obolibrary.org/obo/BSPO_0000038"/>
        <Class IRI="http://purl.obolibrary.org/obo/BSPO_0000079"/>
    </SubClassOf>
    <SubClassOf>
        <Class IRI="http://purl.obolibrary.org/obo/BSPO_0000039"/>
        <Class IRI="http://purl.obolibrary.org/obo/BSPO_0000084"/>
    </SubClassOf>
    <SubClassOf>
        <Class IRI="http://purl.obolibrary.org/obo/BSPO_0000040"/>
        <Class IRI="http://purl.obolibrary.org/obo/BSPO_0000092"/>
    </SubClassOf>
    <SubClassOf>
        <Class IRI="http://purl.obolibrary.org/obo/BSPO_0000041"/>
        <Class IRI="http://purl.obolibrary.org/obo/BSPO_0000092"/>
    </SubClassOf>
    <SubClassOf>
        <Class IRI="http://purl.obolibrary.org/obo/BSPO_0000042"/>
        <Class IRI="http://purl.obolibrary.org/obo/BSPO_0000006"/>
    </SubClassOf>
    <SubClassOf>
        <Class IRI="http://purl.obolibrary.org/obo/BSPO_0000043"/>
        <Class IRI="http://purl.obolibrary.org/obo/BSPO_0000092"/>
    </SubClassOf>
    <SubClassOf>
        <Class IRI="http://purl.obolibrary.org/obo/BSPO_0000044"/>
        <Class IRI="http://purl.obolibrary.org/obo/BSPO_0000092"/>
    </SubClassOf>
    <SubClassOf>
        <Class IRI="http://purl.obolibrary.org/obo/BSPO_0000045"/>
        <Class IRI="http://purl.obolibrary.org/obo/BSPO_0000006"/>
    </SubClassOf>
    <SubClassOf>
        <Class IRI="http://purl.obolibrary.org/obo/BSPO_0000046"/>
        <Class IRI="http://purl.obolibrary.org/obo/BSPO_0000006"/>
    </SubClassOf>
    <SubClassOf>
        <Class IRI="http://purl.obolibrary.org/obo/BSPO_0000047"/>
        <Class IRI="http://purl.obolibrary.org/obo/BSPO_0000006"/>
    </SubClassOf>
    <SubClassOf>
        <Class IRI="http://purl.obolibrary.org/obo/BSPO_0000048"/>
        <Class IRI="http://purl.obolibrary.org/obo/BSPO_0000006"/>
    </SubClassOf>
    <SubClassOf>
        <Class IRI="http://purl.obolibrary.org/obo/BSPO_0000049"/>
        <Class IRI="http://purl.obolibrary.org/obo/BSPO_0000006"/>
    </SubClassOf>
    <SubClassOf>
        <Class IRI="http://purl.obolibrary.org/obo/BSPO_0000050"/>
        <Class IRI="http://purl.obolibrary.org/obo/BSPO_0000070"/>
    </SubClassOf>
    <SubClassOf>
        <Class IRI="http://purl.obolibrary.org/obo/BSPO_0000052"/>
        <Class IRI="http://purl.obolibrary.org/obo/BSPO_0000051"/>
    </SubClassOf>
    <SubClassOf>
        <Class IRI="http://purl.obolibrary.org/obo/BSPO_0000053"/>
        <Class IRI="http://purl.obolibrary.org/obo/BSPO_0000051"/>
    </SubClassOf>
    <SubClassOf>
        <Class IRI="http://purl.obolibrary.org/obo/BSPO_0000055"/>
        <Class IRI="http://purl.obolibrary.org/obo/BSPO_0000054"/>
    </SubClassOf>
    <SubClassOf>
        <Class IRI="http://purl.obolibrary.org/obo/BSPO_0000055"/>
        <ObjectSomeValuesFrom>
            <ObjectProperty IRI="http://purl.obolibrary.org/obo/BSPO_0000096"/>
            <Class IRI="http://purl.obolibrary.org/obo/BSPO_0000056"/>
        </ObjectSomeValuesFrom>
    </SubClassOf>
    <SubClassOf>
        <Class IRI="http://purl.obolibrary.org/obo/BSPO_0000055"/>
        <ObjectSomeValuesFrom>
            <ObjectProperty IRI="http://purl.obolibrary.org/obo/BSPO_0000113"/>
            <Class IRI="http://purl.obolibrary.org/obo/BSPO_0000056"/>
        </ObjectSomeValuesFrom>
    </SubClassOf>
    <SubClassOf>
        <Class IRI="http://purl.obolibrary.org/obo/BSPO_0000055"/>
        <ObjectSomeValuesFrom>
            <ObjectProperty IRI="http://purl.obolibrary.org/obo/bspo#starts_axis"/>
            <Class IRI="http://purl.obolibrary.org/obo/BSPO_0000013"/>
        </ObjectSomeValuesFrom>
    </SubClassOf>
    <SubClassOf>
        <Class IRI="http://purl.obolibrary.org/obo/BSPO_0000056"/>
        <Class IRI="http://purl.obolibrary.org/obo/BSPO_0000054"/>
    </SubClassOf>
    <SubClassOf>
        <Class IRI="http://purl.obolibrary.org/obo/BSPO_0000056"/>
        <ObjectSomeValuesFrom>
            <ObjectProperty IRI="http://purl.obolibrary.org/obo/BSPO_0000099"/>
            <Class IRI="http://purl.obolibrary.org/obo/BSPO_0000055"/>
        </ObjectSomeValuesFrom>
    </SubClassOf>
    <SubClassOf>
        <Class IRI="http://purl.obolibrary.org/obo/BSPO_0000056"/>
        <ObjectSomeValuesFrom>
            <ObjectProperty IRI="http://purl.obolibrary.org/obo/bspo#finishes_axis"/>
            <Class IRI="http://purl.obolibrary.org/obo/BSPO_0000013"/>
        </ObjectSomeValuesFrom>
    </SubClassOf>
    <SubClassOf>
        <Class IRI="http://purl.obolibrary.org/obo/BSPO_0000057"/>
        <Class IRI="http://purl.obolibrary.org/obo/BSPO_0000054"/>
    </SubClassOf>
    <SubClassOf>
        <Class IRI="http://purl.obolibrary.org/obo/BSPO_0000057"/>
        <ObjectSomeValuesFrom>
            <ObjectProperty IRI="http://purl.obolibrary.org/obo/BSPO_0000113"/>
            <Class IRI="http://purl.obolibrary.org/obo/BSPO_0000058"/>
        </ObjectSomeValuesFrom>
    </SubClassOf>
    <SubClassOf>
        <Class IRI="http://purl.obolibrary.org/obo/BSPO_0000057"/>
        <ObjectSomeValuesFrom>
            <ObjectProperty IRI="http://purl.obolibrary.org/obo/bspo#starts_axis"/>
            <Class IRI="http://purl.obolibrary.org/obo/BSPO_0000014"/>
        </ObjectSomeValuesFrom>
    </SubClassOf>
    <SubClassOf>
        <Class IRI="http://purl.obolibrary.org/obo/BSPO_0000058"/>
        <Class IRI="http://purl.obolibrary.org/obo/BSPO_0000054"/>
    </SubClassOf>
    <SubClassOf>
        <Class IRI="http://purl.obolibrary.org/obo/BSPO_0000058"/>
        <ObjectSomeValuesFrom>
            <ObjectProperty IRI="http://purl.obolibrary.org/obo/bspo#finishes_axis"/>
            <Class IRI="http://purl.obolibrary.org/obo/BSPO_0000014"/>
        </ObjectSomeValuesFrom>
    </SubClassOf>
    <SubClassOf>
        <Class IRI="http://purl.obolibrary.org/obo/BSPO_0000059"/>
        <Class IRI="http://purl.obolibrary.org/obo/BSPO_0000054"/>
    </SubClassOf>
    <SubClassOf>
        <Class IRI="http://purl.obolibrary.org/obo/BSPO_0000060"/>
        <Class IRI="http://purl.obolibrary.org/obo/BSPO_0000054"/>
    </SubClassOf>
    <SubClassOf>
        <Class IRI="http://purl.obolibrary.org/obo/BSPO_0000061"/>
        <Class IRI="http://purl.obolibrary.org/obo/BSPO_0000054"/>
    </SubClassOf>
    <SubClassOf>
        <Class IRI="http://purl.obolibrary.org/obo/BSPO_0000061"/>
        <ObjectSomeValuesFrom>
            <ObjectProperty IRI="http://purl.obolibrary.org/obo/BSPO_0000113"/>
            <Class IRI="http://purl.obolibrary.org/obo/BSPO_0000062"/>
        </ObjectSomeValuesFrom>
    </SubClassOf>
    <SubClassOf>
        <Class IRI="http://purl.obolibrary.org/obo/BSPO_0000061"/>
        <ObjectSomeValuesFrom>
            <ObjectProperty IRI="http://purl.obolibrary.org/obo/bspo#starts_axis"/>
            <Class IRI="http://purl.obolibrary.org/obo/BSPO_0000015"/>
        </ObjectSomeValuesFrom>
    </SubClassOf>
    <SubClassOf>
        <Class IRI="http://purl.obolibrary.org/obo/BSPO_0000062"/>
        <Class IRI="http://purl.obolibrary.org/obo/BSPO_0000054"/>
    </SubClassOf>
    <SubClassOf>
        <Class IRI="http://purl.obolibrary.org/obo/BSPO_0000062"/>
        <ObjectSomeValuesFrom>
            <ObjectProperty IRI="http://purl.obolibrary.org/obo/BSPO_0000097"/>
            <Class IRI="http://purl.obolibrary.org/obo/BSPO_0000061"/>
        </ObjectSomeValuesFrom>
    </SubClassOf>
    <SubClassOf>
        <Class IRI="http://purl.obolibrary.org/obo/BSPO_0000062"/>
        <ObjectSomeValuesFrom>
            <ObjectProperty IRI="http://purl.obolibrary.org/obo/bspo#finishes_axis"/>
            <Class IRI="http://purl.obolibrary.org/obo/BSPO_0000015"/>
        </ObjectSomeValuesFrom>
    </SubClassOf>
    <SubClassOf>
        <Class IRI="http://purl.obolibrary.org/obo/BSPO_0000063"/>
        <Class IRI="http://purl.obolibrary.org/obo/BSPO_0000054"/>
    </SubClassOf>
    <SubClassOf>
        <Class IRI="http://purl.obolibrary.org/obo/BSPO_0000063"/>
        <ObjectSomeValuesFrom>
            <ObjectProperty IRI="http://purl.obolibrary.org/obo/BSPO_0000098"/>
            <Class IRI="http://purl.obolibrary.org/obo/BSPO_0000066"/>
        </ObjectSomeValuesFrom>
    </SubClassOf>
    <SubClassOf>
        <Class IRI="http://purl.obolibrary.org/obo/BSPO_0000063"/>
        <ObjectSomeValuesFrom>
            <ObjectProperty IRI="http://purl.obolibrary.org/obo/BSPO_0000113"/>
            <Class IRI="http://purl.obolibrary.org/obo/BSPO_0000068"/>
        </ObjectSomeValuesFrom>
    </SubClassOf>
    <SubClassOf>
        <Class IRI="http://purl.obolibrary.org/obo/BSPO_0000063"/>
        <ObjectSomeValuesFrom>
            <ObjectProperty IRI="http://purl.obolibrary.org/obo/bspo#starts_axis"/>
            <Class IRI="http://purl.obolibrary.org/obo/BSPO_0000016"/>
        </ObjectSomeValuesFrom>
    </SubClassOf>
    <SubClassOf>
        <Class IRI="http://purl.obolibrary.org/obo/BSPO_0000064"/>
        <Class IRI="http://purl.obolibrary.org/obo/BSPO_0000070"/>
    </SubClassOf>
    <SubClassOf>
        <Class IRI="http://purl.obolibrary.org/obo/BSPO_0000065"/>
        <Class IRI="http://purl.obolibrary.org/obo/BSPO_0000054"/>
    </SubClassOf>
    <SubClassOf>
        <Class IRI="http://purl.obolibrary.org/obo/BSPO_0000066"/>
        <Class IRI="http://purl.obolibrary.org/obo/BSPO_0000054"/>
    </SubClassOf>
    <SubClassOf>
        <Class IRI="http://purl.obolibrary.org/obo/BSPO_0000067"/>
        <Class IRI="http://purl.obolibrary.org/obo/BSPO_0000054"/>
    </SubClassOf>
    <SubClassOf>
        <Class IRI="http://purl.obolibrary.org/obo/BSPO_0000068"/>
        <Class IRI="http://purl.obolibrary.org/obo/BSPO_0000054"/>
    </SubClassOf>
    <SubClassOf>
        <Class IRI="http://purl.obolibrary.org/obo/BSPO_0000068"/>
        <ObjectSomeValuesFrom>
            <ObjectProperty IRI="http://purl.obolibrary.org/obo/bspo#finishes_axis"/>
            <Class IRI="http://purl.obolibrary.org/obo/BSPO_0000016"/>
        </ObjectSomeValuesFrom>
    </SubClassOf>
    <SubClassOf>
        <Class IRI="http://purl.obolibrary.org/obo/BSPO_0000069"/>
        <Class IRI="http://purl.obolibrary.org/obo/BSPO_0000070"/>
    </SubClassOf>
    <SubClassOf>
        <Class IRI="http://purl.obolibrary.org/obo/BSPO_0000071"/>
        <Class IRI="http://purl.obolibrary.org/obo/BSPO_0000070"/>
    </SubClassOf>
    <SubClassOf>
        <Class IRI="http://purl.obolibrary.org/obo/BSPO_0000072"/>
        <Class IRI="http://purl.obolibrary.org/obo/BSPO_0000070"/>
    </SubClassOf>
    <SubClassOf>
        <Class IRI="http://purl.obolibrary.org/obo/BSPO_0000073"/>
        <Class IRI="http://purl.obolibrary.org/obo/BSPO_0000070"/>
    </SubClassOf>
    <SubClassOf>
        <Class IRI="http://purl.obolibrary.org/obo/BSPO_0000074"/>
        <Class IRI="http://purl.obolibrary.org/obo/BSPO_0000070"/>
    </SubClassOf>
    <SubClassOf>
        <Class IRI="http://purl.obolibrary.org/obo/BSPO_0000075"/>
        <Class IRI="http://purl.obolibrary.org/obo/BSPO_0000070"/>
    </SubClassOf>
    <SubClassOf>
        <Class IRI="http://purl.obolibrary.org/obo/BSPO_0000076"/>
        <Class IRI="http://purl.obolibrary.org/obo/BSPO_0000070"/>
    </SubClassOf>
    <SubClassOf>
        <Class IRI="http://purl.obolibrary.org/obo/BSPO_0000077"/>
        <Class IRI="http://purl.obolibrary.org/obo/BSPO_0000070"/>
    </SubClassOf>
    <SubClassOf>
        <Class IRI="http://purl.obolibrary.org/obo/BSPO_0000078"/>
        <Class IRI="http://purl.obolibrary.org/obo/BSPO_0000070"/>
    </SubClassOf>
    <SubClassOf>
        <Class IRI="http://purl.obolibrary.org/obo/BSPO_0000079"/>
        <Class IRI="http://purl.obolibrary.org/obo/BSPO_0000070"/>
    </SubClassOf>
    <SubClassOf>
        <Class IRI="http://purl.obolibrary.org/obo/BSPO_0000080"/>
        <Class IRI="http://purl.obolibrary.org/obo/BSPO_0000070"/>
    </SubClassOf>
    <SubClassOf>
        <Class IRI="http://purl.obolibrary.org/obo/BSPO_0000081"/>
        <Class IRI="http://purl.obolibrary.org/obo/BSPO_0000070"/>
    </SubClassOf>
    <SubClassOf>
        <Class IRI="http://purl.obolibrary.org/obo/BSPO_0000082"/>
        <Class IRI="http://purl.obolibrary.org/obo/BSPO_0000070"/>
    </SubClassOf>
    <SubClassOf>
        <Class IRI="http://purl.obolibrary.org/obo/BSPO_0000083"/>
        <Class IRI="http://purl.obolibrary.org/obo/BSPO_0000070"/>
    </SubClassOf>
    <SubClassOf>
        <Class IRI="http://purl.obolibrary.org/obo/BSPO_0000084"/>
        <Class IRI="http://purl.obolibrary.org/obo/BSPO_0000070"/>
    </SubClassOf>
    <SubClassOf>
        <Class IRI="http://purl.obolibrary.org/obo/BSPO_0000085"/>
        <Class IRI="http://purl.obolibrary.org/obo/BSPO_0000070"/>
    </SubClassOf>
    <SubClassOf>
        <Class IRI="http://purl.obolibrary.org/obo/BSPO_0000087"/>
        <Class IRI="http://purl.obolibrary.org/obo/BSPO_0000086"/>
    </SubClassOf>
    <SubClassOf>
        <Class IRI="http://purl.obolibrary.org/obo/BSPO_0000088"/>
        <Class IRI="http://purl.obolibrary.org/obo/BSPO_0000086"/>
    </SubClassOf>
    <SubClassOf>
        <Class IRI="http://purl.obolibrary.org/obo/BSPO_0000089"/>
        <Class IRI="http://purl.obolibrary.org/obo/BSPO_0000086"/>
    </SubClassOf>
    <SubClassOf>
        <Class IRI="http://purl.obolibrary.org/obo/BSPO_0000090"/>
        <Class IRI="http://purl.obolibrary.org/obo/BSPO_0000086"/>
    </SubClassOf>
    <SubClassOf>
        <Class IRI="http://purl.obolibrary.org/obo/BSPO_0000091"/>
        <Class IRI="http://purl.obolibrary.org/obo/BSPO_0000086"/>
    </SubClassOf>
    <SubClassOf>
        <Class IRI="http://purl.obolibrary.org/obo/BSPO_0000093"/>
        <Class IRI="http://purl.obolibrary.org/obo/BSPO_0000092"/>
    </SubClassOf>
    <SubClassOf>
        <Class IRI="http://purl.obolibrary.org/obo/BSPO_0000094"/>
        <Class IRI="http://purl.obolibrary.org/obo/BSPO_0000092"/>
    </SubClassOf>
    <SubClassOf>
        <Class IRI="http://purl.obolibrary.org/obo/BSPO_0000112"/>
        <Class IRI="http://purl.obolibrary.org/obo/BSPO_0000070"/>
    </SubClassOf>
    <SubClassOf>
        <Class IRI="http://purl.obolibrary.org/obo/BSPO_0000127"/>
        <Class IRI="http://purl.obolibrary.org/obo/BSPO_0000070"/>
    </SubClassOf>
    <SubClassOf>
        <Class IRI="http://purl.obolibrary.org/obo/BSPO_0000128"/>
        <Class IRI="http://purl.obolibrary.org/obo/BSPO_0000070"/>
    </SubClassOf>
    <SubClassOf>
        <Class IRI="http://purl.obolibrary.org/obo/BSPO_0000129"/>
        <Class IRI="http://purl.obolibrary.org/obo/BSPO_0000054"/>
    </SubClassOf>
    <SubClassOf>
        <Class IRI="http://purl.obolibrary.org/obo/BSPO_0000130"/>
        <Class IRI="http://purl.obolibrary.org/obo/BSPO_0000054"/>
    </SubClassOf>
    <SubClassOf>
        <Class IRI="http://purl.obolibrary.org/obo/BSPO_0000371"/>
        <Class IRI="http://purl.obolibrary.org/obo/BSPO_0000005"/>
    </SubClassOf>
    <SubClassOf>
        <Class IRI="http://purl.obolibrary.org/obo/BSPO_0000372"/>
        <Class IRI="http://purl.obolibrary.org/obo/BSPO_0000005"/>
    </SubClassOf>
    <SubClassOf>
        <Class IRI="http://purl.obolibrary.org/obo/BSPO_0000373"/>
        <Class IRI="http://purl.obolibrary.org/obo/BSPO_0000005"/>
    </SubClassOf>
    <SubClassOf>
        <Class IRI="http://purl.obolibrary.org/obo/BSPO_0000374"/>
        <Class IRI="http://purl.obolibrary.org/obo/BSPO_0000005"/>
    </SubClassOf>
    <SubClassOf>
        <Class IRI="http://purl.obolibrary.org/obo/BSPO_0000376"/>
        <Class IRI="http://purl.obolibrary.org/obo/BSPO_0000005"/>
    </SubClassOf>
    <SubClassOf>
        <Class IRI="http://purl.obolibrary.org/obo/BSPO_0000377"/>
        <Class IRI="http://purl.obolibrary.org/obo/BSPO_0000005"/>
    </SubClassOf>
    <SubClassOf>
        <Class IRI="http://purl.obolibrary.org/obo/BSPO_0000378"/>
        <Class IRI="http://purl.obolibrary.org/obo/BSPO_0000005"/>
    </SubClassOf>
    <SubClassOf>
        <Class IRI="http://purl.obolibrary.org/obo/BSPO_0000379"/>
        <Class IRI="http://purl.obolibrary.org/obo/BSPO_0000005"/>
    </SubClassOf>
    <SubClassOf>
        <Class IRI="http://purl.obolibrary.org/obo/BSPO_0000381"/>
        <Class IRI="http://purl.obolibrary.org/obo/BSPO_0000005"/>
    </SubClassOf>
    <SubClassOf>
        <Class IRI="http://purl.obolibrary.org/obo/BSPO_0000382"/>
        <Class IRI="http://purl.obolibrary.org/obo/BSPO_0000005"/>
    </SubClassOf>
    <SubClassOf>
        <Class IRI="http://purl.obolibrary.org/obo/BSPO_0000383"/>
        <Class IRI="http://purl.obolibrary.org/obo/BSPO_0000005"/>
    </SubClassOf>
    <SubClassOf>
        <Class IRI="http://purl.obolibrary.org/obo/BSPO_0000384"/>
        <Class IRI="http://purl.obolibrary.org/obo/BSPO_0000005"/>
    </SubClassOf>
    <SubClassOf>
        <Class IRI="http://purl.obolibrary.org/obo/BSPO_0000417"/>
        <Class IRI="http://purl.obolibrary.org/obo/BSPO_0000400"/>
    </SubClassOf>
    <SubClassOf>
        <Class IRI="http://purl.obolibrary.org/obo/BSPO_0000671"/>
        <Class IRI="http://purl.obolibrary.org/obo/BSPO_0000006"/>
    </SubClassOf>
    <SubClassOf>
        <Class IRI="http://purl.obolibrary.org/obo/BSPO_0000672"/>
        <Class IRI="http://purl.obolibrary.org/obo/BSPO_0000006"/>
    </SubClassOf>
    <SubClassOf>
        <Class IRI="http://purl.obolibrary.org/obo/BSPO_0000673"/>
        <Class IRI="http://purl.obolibrary.org/obo/BSPO_0000006"/>
    </SubClassOf>
    <SubClassOf>
        <Class IRI="http://purl.obolibrary.org/obo/BSPO_0000674"/>
        <Class IRI="http://purl.obolibrary.org/obo/BSPO_0000006"/>
    </SubClassOf>
    <SubClassOf>
        <Class IRI="http://purl.obolibrary.org/obo/BSPO_0000677"/>
        <Class IRI="http://purl.obolibrary.org/obo/BSPO_0000006"/>
    </SubClassOf>
    <SubClassOf>
        <Class IRI="http://purl.obolibrary.org/obo/BSPO_0000678"/>
        <Class IRI="http://purl.obolibrary.org/obo/BSPO_0000006"/>
    </SubClassOf>
    <SubClassOf>
        <Class IRI="http://purl.obolibrary.org/obo/BSPO_0000679"/>
        <Class IRI="http://purl.obolibrary.org/obo/BSPO_0000006"/>
    </SubClassOf>
    <SubClassOf>
        <Class IRI="http://purl.obolibrary.org/obo/BSPO_0000680"/>
        <Class IRI="http://purl.obolibrary.org/obo/BSPO_0000006"/>
    </SubClassOf>
    <SubClassOf>
        <Class IRI="http://purl.obolibrary.org/obo/BSPO_0000682"/>
        <Class IRI="http://purl.obolibrary.org/obo/BSPO_0000006"/>
    </SubClassOf>
    <SubClassOf>
        <Class IRI="http://purl.obolibrary.org/obo/BSPO_0000683"/>
        <Class IRI="http://purl.obolibrary.org/obo/BSPO_0000006"/>
    </SubClassOf>
    <SubClassOf>
        <Class IRI="http://purl.obolibrary.org/obo/BSPO_0000684"/>
        <Class IRI="http://purl.obolibrary.org/obo/BSPO_0000006"/>
    </SubClassOf>
    <SubClassOf>
        <Class IRI="http://purl.obolibrary.org/obo/BSPO_0000685"/>
        <Class IRI="http://purl.obolibrary.org/obo/BSPO_0000006"/>
    </SubClassOf>
    <SubClassOf>
        <Class IRI="http://purl.obolibrary.org/obo/BSPO_0000686"/>
        <Class IRI="http://purl.obolibrary.org/obo/BSPO_0000006"/>
    </SubClassOf>
    <SubClassOf>
        <Class IRI="http://purl.obolibrary.org/obo/BSPO_0000687"/>
        <Class IRI="http://purl.obolibrary.org/obo/BSPO_0000006"/>
    </SubClassOf>
    <SubClassOf>
        <Class IRI="http://purl.obolibrary.org/obo/BSPO_0000688"/>
        <Class IRI="http://purl.obolibrary.org/obo/BSPO_0000006"/>
    </SubClassOf>
    <SubClassOf>
        <Class IRI="http://purl.obolibrary.org/obo/BSPO_0000689"/>
        <Class IRI="http://purl.obolibrary.org/obo/BSPO_0000006"/>
    </SubClassOf>
    <SubClassOf>
        <Class IRI="http://purl.obolibrary.org/obo/BSPO_0001001"/>
        <Class IRI="http://purl.obolibrary.org/obo/BSPO_0000010"/>
    </SubClassOf>
    <SubObjectPropertyOf>
        <ObjectProperty IRI="http://purl.obolibrary.org/obo/BSPO_0000113"/>
        <ObjectProperty IRI="http://purl.obolibrary.org/obo/BSPO_0000105"/>
    </SubObjectPropertyOf>
    <SubObjectPropertyOf>
        <ObjectProperty IRI="http://purl.obolibrary.org/obo/BSPO_0000120"/>
        <ObjectProperty IRI="http://purl.obolibrary.org/obo/BSPO_0000126"/>
    </SubObjectPropertyOf>
    <SubObjectPropertyOf>
        <ObjectProperty IRI="http://purl.obolibrary.org/obo/BSPO_0000121"/>
        <ObjectProperty IRI="http://purl.obolibrary.org/obo/BSPO_0000126"/>
    </SubObjectPropertyOf>
    <SubObjectPropertyOf>
        <ObjectProperty IRI="http://purl.obolibrary.org/obo/BSPO_0001107"/>
        <ObjectProperty IRI="http://purl.obolibrary.org/obo/BSPO_0000107"/>
    </SubObjectPropertyOf>
    <InverseObjectProperties>
        <ObjectProperty IRI="http://purl.obolibrary.org/obo/BFO_0000050"/>
        <ObjectProperty IRI="http://purl.obolibrary.org/obo/BFO_0000051"/>
    </InverseObjectProperties>
    <InverseObjectProperties>
        <ObjectProperty IRI="http://purl.obolibrary.org/obo/BSPO_0000096"/>
        <ObjectProperty IRI="http://purl.obolibrary.org/obo/BSPO_0000099"/>
    </InverseObjectProperties>
    <InverseObjectProperties>
        <ObjectProperty IRI="http://purl.obolibrary.org/obo/BSPO_0000097"/>
        <ObjectProperty IRI="http://purl.obolibrary.org/obo/BSPO_0000100"/>
    </InverseObjectProperties>
    <InverseObjectProperties>
        <ObjectProperty IRI="http://purl.obolibrary.org/obo/BSPO_0000098"/>
        <ObjectProperty IRI="http://purl.obolibrary.org/obo/BSPO_0000102"/>
    </InverseObjectProperties>
    <InverseObjectProperties>
        <ObjectProperty IRI="http://purl.obolibrary.org/obo/BSPO_0000101"/>
        <ObjectProperty IRI="http://purl.obolibrary.org/obo/BSPO_0000109"/>
    </InverseObjectProperties>
    <InverseObjectProperties>
        <ObjectProperty IRI="http://purl.obolibrary.org/obo/BSPO_0000107"/>
        <ObjectProperty IRI="http://purl.obolibrary.org/obo/BSPO_0000108"/>
    </InverseObjectProperties>
    <InverseObjectProperties>
        <ObjectProperty IRI="http://purl.obolibrary.org/obo/BSPO_0000110"/>
        <ObjectProperty IRI="http://purl.obolibrary.org/obo/BSPO_0000111"/>
    </InverseObjectProperties>
    <InverseObjectProperties>
        <ObjectProperty IRI="http://purl.obolibrary.org/obo/BSPO_0000120"/>
        <ObjectProperty IRI="http://purl.obolibrary.org/obo/BSPO_0000121"/>
    </InverseObjectProperties>
    <SymmetricObjectProperty>
        <ObjectProperty IRI="http://purl.obolibrary.org/obo/BSPO_0000105"/>
    </SymmetricObjectProperty>
    <SymmetricObjectProperty>
        <ObjectProperty IRI="http://purl.obolibrary.org/obo/BSPO_0000106"/>
    </SymmetricObjectProperty>
    <TransitiveObjectProperty>
        <ObjectProperty IRI="http://purl.obolibrary.org/obo/BFO_0000050"/>
    </TransitiveObjectProperty>
    <TransitiveObjectProperty>
        <ObjectProperty IRI="http://purl.obolibrary.org/obo/BFO_0000051"/>
    </TransitiveObjectProperty>
    <TransitiveObjectProperty>
        <ObjectProperty IRI="http://purl.obolibrary.org/obo/BSPO_0000096"/>
    </TransitiveObjectProperty>
    <TransitiveObjectProperty>
        <ObjectProperty IRI="http://purl.obolibrary.org/obo/BSPO_0000097"/>
    </TransitiveObjectProperty>
    <TransitiveObjectProperty>
        <ObjectProperty IRI="http://purl.obolibrary.org/obo/BSPO_0000098"/>
    </TransitiveObjectProperty>
    <TransitiveObjectProperty>
        <ObjectProperty IRI="http://purl.obolibrary.org/obo/BSPO_0000099"/>
    </TransitiveObjectProperty>
    <TransitiveObjectProperty>
        <ObjectProperty IRI="http://purl.obolibrary.org/obo/BSPO_0000100"/>
    </TransitiveObjectProperty>
    <TransitiveObjectProperty>
        <ObjectProperty IRI="http://purl.obolibrary.org/obo/BSPO_0000101"/>
    </TransitiveObjectProperty>
    <TransitiveObjectProperty>
        <ObjectProperty IRI="http://purl.obolibrary.org/obo/BSPO_0000102"/>
    </TransitiveObjectProperty>
    <TransitiveObjectProperty>
        <ObjectProperty IRI="http://purl.obolibrary.org/obo/BSPO_0000107"/>
    </TransitiveObjectProperty>
    <TransitiveObjectProperty>
        <ObjectProperty IRI="http://purl.obolibrary.org/obo/BSPO_0000108"/>
    </TransitiveObjectProperty>
    <TransitiveObjectProperty>
        <ObjectProperty IRI="http://purl.obolibrary.org/obo/BSPO_0000109"/>
    </TransitiveObjectProperty>
    <TransitiveObjectProperty>
        <ObjectProperty IRI="http://purl.obolibrary.org/obo/BSPO_0000110"/>
    </TransitiveObjectProperty>
    <TransitiveObjectProperty>
        <ObjectProperty IRI="http://purl.obolibrary.org/obo/BSPO_0000111"/>
    </TransitiveObjectProperty>
    <ObjectPropertyDomain>
        <ObjectProperty IRI="http://purl.obolibrary.org/obo/BSPO_0000104"/>
        <Class IRI="http://purl.obolibrary.org/obo/BSPO_0000010"/>
    </ObjectPropertyDomain>
    <ObjectPropertyDomain>
        <ObjectProperty IRI="http://purl.obolibrary.org/obo/bspo#finishes_axis"/>
        <Class IRI="http://purl.obolibrary.org/obo/BSPO_0000054"/>
    </ObjectPropertyDomain>
    <ObjectPropertyDomain>
        <ObjectProperty IRI="http://purl.obolibrary.org/obo/bspo#has_end_point"/>
        <Class IRI="http://purl.obolibrary.org/obo/BSPO_0000010"/>
    </ObjectPropertyDomain>
    <ObjectPropertyDomain>
        <ObjectProperty IRI="http://purl.obolibrary.org/obo/bspo#has_start_point"/>
        <Class IRI="http://purl.obolibrary.org/obo/BSPO_0000010"/>
    </ObjectPropertyDomain>
    <ObjectPropertyDomain>
        <ObjectProperty IRI="http://purl.obolibrary.org/obo/bspo#orthogonal_to"/>
        <Class IRI="http://purl.obolibrary.org/obo/BSPO_0000010"/>
    </ObjectPropertyDomain>
    <ObjectPropertyDomain>
        <ObjectProperty IRI="http://purl.obolibrary.org/obo/bspo#passes_through"/>
        <Class IRI="http://purl.obolibrary.org/obo/BSPO_0000010"/>
    </ObjectPropertyDomain>
    <ObjectPropertyDomain>
        <ObjectProperty IRI="http://purl.obolibrary.org/obo/bspo#starts_axis"/>
        <Class IRI="http://purl.obolibrary.org/obo/BSPO_0000054"/>
    </ObjectPropertyDomain>
    <ObjectPropertyDomain>
        <ObjectProperty IRI="http://purl.obolibrary.org/obo/bspo#surface_of"/>
        <Class IRI="http://purl.obolibrary.org/obo/BSPO_0000005"/>
    </ObjectPropertyDomain>
    <ObjectPropertyRange>
        <ObjectProperty IRI="http://purl.obolibrary.org/obo/BSPO_0000104"/>
        <Class IRI="http://purl.obolibrary.org/obo/BSPO_0000010"/>
    </ObjectPropertyRange>
    <ObjectPropertyRange>
        <ObjectProperty IRI="http://purl.obolibrary.org/obo/bspo#finishes_axis"/>
        <Class IRI="http://purl.obolibrary.org/obo/BSPO_0000010"/>
    </ObjectPropertyRange>
    <ObjectPropertyRange>
        <ObjectProperty IRI="http://purl.obolibrary.org/obo/bspo#follows_axis"/>
        <Class IRI="http://purl.obolibrary.org/obo/BSPO_0000010"/>
    </ObjectPropertyRange>
    <ObjectPropertyRange>
        <ObjectProperty IRI="http://purl.obolibrary.org/obo/bspo#has_end_point"/>
        <Class IRI="http://purl.obolibrary.org/obo/CARO_0000000"/>
    </ObjectPropertyRange>
    <ObjectPropertyRange>
        <ObjectProperty IRI="http://purl.obolibrary.org/obo/bspo#has_start_point"/>
        <Class IRI="http://purl.obolibrary.org/obo/CARO_0000000"/>
    </ObjectPropertyRange>
    <ObjectPropertyRange>
        <ObjectProperty IRI="http://purl.obolibrary.org/obo/bspo#orthogonal_to"/>
        <Class IRI="http://purl.obolibrary.org/obo/BSPO_0000400"/>
    </ObjectPropertyRange>
    <ObjectPropertyRange>
        <ObjectProperty IRI="http://purl.obolibrary.org/obo/bspo#starts_axis"/>
        <Class IRI="http://purl.obolibrary.org/obo/BSPO_0000010"/>
    </ObjectPropertyRange>
</Ontology>



<!-- Generated by the OWL API (version 4.2.8) https://github.com/owlcs/owlapi -->

