<?xml version="1.0"?>
<Ontology xmlns="http://www.w3.org/2002/07/owl#"
     xml:base="http://purl.org/incf/ontology/Computational_Neurosciences/cno_alpha.owl"
     xmlns:rdf="http://www.w3.org/1999/02/22-rdf-syntax-ns#"
     xmlns:xml="http://www.w3.org/XML/1998/namespace"
     xmlns:xsd="http://www.w3.org/2001/XMLSchema#"
     xmlns:rdfs="http://www.w3.org/2000/01/rdf-schema#"
     ontologyIRI="http://purl.org/incf/ontology/Computational_Neurosciences/cno_alpha.owl">
    <Prefix name="owl" IRI="http://www.w3.org/2002/07/owl#"/>
    <Prefix name="rdf" IRI="http://www.w3.org/1999/02/22-rdf-syntax-ns#"/>
    <Prefix name="xml" IRI="http://www.w3.org/XML/1998/namespace"/>
    <Prefix name="xsd" IRI="http://www.w3.org/2001/XMLSchema#"/>
    <Prefix name="rdfs" IRI="http://www.w3.org/2000/01/rdf-schema#"/>
    <Declaration>
        <Class IRI="http://purl.obolibrary.org/obo/SBO_0000347"/>
    </Declaration>
    <Declaration>
        <Class IRI="http://purl.obolibrary.org/obo/SBO_0000348"/>
    </Declaration>
    <Declaration>
        <Class IRI="http://purl.obolibrary.org/obo/SBO_0000346"/>
    </Declaration>
    <Declaration>
        <Class IRI="http://purl.obolibrary.org/obo/SBO_0000225"/>
    </Declaration>
    <Declaration>
        <Class IRI="http://www.w3.org/2004/02/skos/core#Collection"/>
    </Declaration>
    <Declaration>
        <Class IRI="#cno_0000069"/>
    </Declaration>
    <Declaration>
        <Class IRI="#cno_0000198"/>
    </Declaration>
    <Declaration>
        <Class IRI="#cno_0000077"/>
    </Declaration>
    <Declaration>
        <Class IRI="#cno_0000197"/>
    </Declaration>
    <Declaration>
        <Class IRI="#cno_0000076"/>
    </Declaration>
    <Declaration>
        <Class IRI="#cno_0000079"/>
    </Declaration>
    <Declaration>
        <Class IRI="#cno_0000199"/>
    </Declaration>
    <Declaration>
        <Class IRI="#cno_0000078"/>
    </Declaration>
    <Declaration>
        <Class IRI="#cno_0000194"/>
    </Declaration>
    <Declaration>
        <Class IRI="#cno_0000073"/>
    </Declaration>
    <Declaration>
        <Class IRI="#cno_0000072"/>
    </Declaration>
    <Declaration>
        <Class IRI="#cno_0000196"/>
    </Declaration>
    <Declaration>
        <Class IRI="#cno_0000075"/>
    </Declaration>
    <Declaration>
        <Class IRI="#cno_0000195"/>
    </Declaration>
    <Declaration>
        <Class IRI="#cno_0000074"/>
    </Declaration>
    <Declaration>
        <Class IRI="#cno_0000190"/>
    </Declaration>
    <Declaration>
        <Class IRI="http://purl.obolibrary.org/obo/SBO_0000465"/>
    </Declaration>
    <Declaration>
        <Class IRI="#cno_0000192"/>
    </Declaration>
    <Declaration>
        <Class IRI="#cno_0000071"/>
    </Declaration>
    <Declaration>
        <Class IRI="#cno_0000191"/>
    </Declaration>
    <Declaration>
        <Class IRI="#cno_0000070"/>
    </Declaration>
    <Declaration>
        <ObjectProperty IRI="http://www.w3.org/2004/02/skos/core#closeMatch"/>
    </Declaration>
    <Declaration>
        <Class IRI="#cno_0000059"/>
    </Declaration>
    <Declaration>
        <Class IRI="#cno_0000179"/>
    </Declaration>
    <Declaration>
        <Class IRI="#cno_0000058"/>
    </Declaration>
    <Declaration>
        <Class IRI="#cno_0000187"/>
    </Declaration>
    <Declaration>
        <Class IRI="#cno_0000066"/>
    </Declaration>
    <Declaration>
        <Class IRI="#cno_0000186"/>
    </Declaration>
    <Declaration>
        <Class IRI="#cno_0000065"/>
    </Declaration>
    <Declaration>
        <Class IRI="#cno_0000189"/>
    </Declaration>
    <Declaration>
        <Class IRI="#cno_0000068"/>
    </Declaration>
    <Declaration>
        <Class IRI="#cno_0000188"/>
    </Declaration>
    <Declaration>
        <Class IRI="#cno_0000067"/>
    </Declaration>
    <Declaration>
        <Class IRI="#cno_0000183"/>
    </Declaration>
    <Declaration>
        <Class IRI="#cno_0000062"/>
    </Declaration>
    <Declaration>
        <Class IRI="#cno_0000182"/>
    </Declaration>
    <Declaration>
        <Class IRI="#cno_0000061"/>
    </Declaration>
    <Declaration>
        <Class IRI="#cno_0000185"/>
    </Declaration>
    <Declaration>
        <Class IRI="#cno_0000064"/>
    </Declaration>
    <Declaration>
        <Class IRI="#cno_0000184"/>
    </Declaration>
    <Declaration>
        <Class IRI="#cno_0000063"/>
    </Declaration>
    <Declaration>
        <Class IRI="#cno_0000181"/>
    </Declaration>
    <Declaration>
        <Class IRI="#cno_0000060"/>
    </Declaration>
    <Declaration>
        <Class IRI="#cno_0000180"/>
    </Declaration>
    <Declaration>
        <DataProperty IRI="#cno_0000204"/>
    </Declaration>
    <Declaration>
        <Class IRI="http://www.w3.org/2004/02/skos/core#ConceptScheme"/>
    </Declaration>
    <Declaration>
        <ObjectProperty IRI="http://www.w3.org/2004/02/skos/core#mappingRelation"/>
    </Declaration>
    <Declaration>
        <Class IRI="http://www.ifomis.org/bfo/1.1/snap#GenericallyDependentContinuant"/>
    </Declaration>
    <Declaration>
        <Class IRI="#cno_0000099"/>
    </Declaration>
    <Declaration>
        <Class IRI="#cno_0000098"/>
    </Declaration>
    <Declaration>
        <Class IRI="#cno_0000095"/>
    </Declaration>
    <Declaration>
        <Class IRI="#cno_0000094"/>
    </Declaration>
    <Declaration>
        <Class IRI="#cno_0000097"/>
    </Declaration>
    <Declaration>
        <Class IRI="#cno_0000096"/>
    </Declaration>
    <Declaration>
        <ObjectProperty IRI="http://purl.obolibrary.org/obo/IAO_0000219"/>
    </Declaration>
    <Declaration>
        <Class IRI="#cno_0000091"/>
    </Declaration>
    <Declaration>
        <Class IRI="#cno_0000090"/>
    </Declaration>
    <Declaration>
        <Class IRI="#cno_0000093"/>
    </Declaration>
    <Declaration>
        <Class IRI="#cno_0000092"/>
    </Declaration>
    <Declaration>
        <ObjectProperty IRI="http://www.w3.org/2004/02/skos/core#broadMatch"/>
    </Declaration>
    <Declaration>
        <Class abbreviatedIRI="rdf:List"/>
    </Declaration>
    <Declaration>
        <Class IRI="#cno_0000088"/>
    </Declaration>
    <Declaration>
        <Class IRI="#cno_0000087"/>
    </Declaration>
    <Declaration>
        <Class IRI="#cno_0000089"/>
    </Declaration>
    <Declaration>
        <Class IRI="#cno_0000084"/>
    </Declaration>
    <Declaration>
        <Class IRI="#cno_0000083"/>
    </Declaration>
    <Declaration>
        <Class IRI="#cno_0000086"/>
    </Declaration>
    <Declaration>
        <Class IRI="#cno_0000085"/>
    </Declaration>
    <Declaration>
        <Class IRI="#cno_0000080"/>
    </Declaration>
    <Declaration>
        <Class IRI="#cno_0000082"/>
    </Declaration>
    <Declaration>
        <Class IRI="http://www.w3.org/2004/02/skos/core#OrderedCollection"/>
    </Declaration>
    <Declaration>
        <Class IRI="#cno_0000081"/>
    </Declaration>
    <Declaration>
        <ObjectProperty IRI="http://www.w3.org/2004/02/skos/core#broaderTransitive"/>
    </Declaration>
    <Declaration>
        <Class IRI="#cno_0000209"/>
    </Declaration>
    <Declaration>
        <Class IRI="#cno_0000206"/>
    </Declaration>
    <Declaration>
        <Class IRI="#cno_0000205"/>
    </Declaration>
    <Declaration>
        <Class IRI="#cno_0000208"/>
    </Declaration>
    <Declaration>
        <Class IRI="#cno_0000207"/>
    </Declaration>
    <Declaration>
        <Class IRI="#cno_0000202"/>
    </Declaration>
    <Declaration>
        <Class IRI="#cno_0000201"/>
    </Declaration>
    <Declaration>
        <Class IRI="#cno_0000203"/>
    </Declaration>
    <Declaration>
        <ObjectProperty IRI="http://www.w3.org/2004/02/skos/core#broader"/>
    </Declaration>
    <Declaration>
        <Class IRI="#cno_0000211"/>
    </Declaration>
    <Declaration>
        <Class IRI="#cno_0000210"/>
    </Declaration>
    <Declaration>
        <ObjectProperty IRI="http://www.w3.org/2004/02/skos/core#narrower"/>
    </Declaration>
    <Declaration>
        <ObjectProperty IRI="http://www.w3.org/2004/02/skos/core#narrowerTransitive"/>
    </Declaration>
    <Declaration>
        <Class IRI="#cno_0000200"/>
    </Declaration>
    <Declaration>
        <Class IRI="#cno_0000107"/>
    </Declaration>
    <Declaration>
        <Class IRI="#cno_0000106"/>
    </Declaration>
    <Declaration>
        <Class IRI="#cno_0000109"/>
    </Declaration>
    <Declaration>
        <Class IRI="#cno_0000108"/>
    </Declaration>
    <Declaration>
        <ObjectProperty IRI="http://www.obofoundry.org/ro/ro.owl#has_part"/>
    </Declaration>
    <Declaration>
        <Class IRI="#cno_0000103"/>
    </Declaration>
    <Declaration>
        <Class IRI="#cno_0000102"/>
    </Declaration>
    <Declaration>
        <Class IRI="#cno_0000105"/>
    </Declaration>
    <Declaration>
        <Class IRI="#cno_0000104"/>
    </Declaration>
    <Declaration>
        <Class IRI="#cno_0000110"/>
    </Declaration>
    <Declaration>
        <Class IRI="#cno_0000112"/>
    </Declaration>
    <Declaration>
        <Class IRI="#cno_0000111"/>
    </Declaration>
    <Declaration>
        <Class IRI="http://www.ifomis.org/bfo/1.1/snap#Role"/>
    </Declaration>
    <Declaration>
        <Class IRI="#cno_0000217"/>
    </Declaration>
    <Declaration>
        <Class IRI="#cno_0000216"/>
    </Declaration>
    <Declaration>
        <Class IRI="#cno_0000219"/>
    </Declaration>
    <Declaration>
        <Class IRI="#cno_0000218"/>
    </Declaration>
    <Declaration>
        <Class IRI="#cno_0000213"/>
    </Declaration>
    <Declaration>
        <Class IRI="#cno_0000212"/>
    </Declaration>
    <Declaration>
        <Class IRI="#cno_0000215"/>
    </Declaration>
    <Declaration>
        <Class IRI="#cno_0000214"/>
    </Declaration>
    <Declaration>
        <Class IRI="#cno_0000220"/>
    </Declaration>
    <Declaration>
        <Class IRI="#cno_0000222"/>
    </Declaration>
    <Declaration>
        <Class IRI="#cno_0000101"/>
    </Declaration>
    <Declaration>
        <Class IRI="#cno_0000221"/>
    </Declaration>
    <Declaration>
        <Class IRI="#cno_0000100"/>
    </Declaration>
    <Declaration>
        <ObjectProperty IRI="http://www.w3.org/2004/02/skos/core#inScheme"/>
    </Declaration>
    <Declaration>
        <Class IRI="#cno_0000008"/>
    </Declaration>
    <Declaration>
        <Class IRI="#cno_0000129"/>
    </Declaration>
    <Declaration>
        <ObjectProperty IRI="http://www.w3.org/2004/02/skos/core#related"/>
    </Declaration>
    <Declaration>
        <Class IRI="#cno_0000007"/>
    </Declaration>
    <Declaration>
        <Class IRI="#cno_0000128"/>
    </Declaration>
    <Declaration>
        <Class IRI="#cno_0000009"/>
    </Declaration>
    <Declaration>
        <Class IRI="#cno_0000004"/>
    </Declaration>
    <Declaration>
        <Class IRI="#cno_0000125"/>
    </Declaration>
    <Declaration>
        <Class IRI="#cno_0000003"/>
    </Declaration>
    <Declaration>
        <Class IRI="#cno_0000124"/>
    </Declaration>
    <Declaration>
        <Class IRI="#cno_0000127"/>
    </Declaration>
    <Declaration>
        <Class IRI="#cno_0000005"/>
    </Declaration>
    <Declaration>
        <Class IRI="#cno_0000126"/>
    </Declaration>
    <Declaration>
        <Class IRI="#cno_0000011"/>
    </Declaration>
    <Declaration>
        <Class IRI="#cno_0000132"/>
    </Declaration>
    <Declaration>
        <Class IRI="#cno_0000010"/>
    </Declaration>
    <Declaration>
        <Class IRI="#cno_0000131"/>
    </Declaration>
    <Declaration>
        <Class IRI="#cno_0000013"/>
    </Declaration>
    <Declaration>
        <Class IRI="#cno_0000134"/>
    </Declaration>
    <Declaration>
        <Class IRI="#cno_0000012"/>
    </Declaration>
    <Declaration>
        <Class IRI="#cno_0000133"/>
    </Declaration>
    <Declaration>
        <Class IRI="#cno_0000130"/>
    </Declaration>
    <Declaration>
        <ObjectProperty IRI="http://www.w3.org/2004/02/skos/core#exactMatch"/>
    </Declaration>
    <Declaration>
        <Class IRI="http://purl.obolibrary.org/obo/OBI_0001617"/>
    </Declaration>
    <Declaration>
        <Class IRI="#cno_0000118"/>
    </Declaration>
    <Declaration>
        <Class IRI="#cno_0000117"/>
    </Declaration>
    <Declaration>
        <Class IRI="#cno_0000119"/>
    </Declaration>
    <Declaration>
        <Class IRI="#cno_0000114"/>
    </Declaration>
    <Declaration>
        <Class IRI="#cno_0000113"/>
    </Declaration>
    <Declaration>
        <Class IRI="#cno_0000116"/>
    </Declaration>
    <Declaration>
        <ObjectProperty IRI="http://www.w3.org/2004/02/skos/core#hasTopConcept"/>
    </Declaration>
    <Declaration>
        <Class IRI="#cno_0000115"/>
    </Declaration>
    <Declaration>
        <Class IRI="#cno_0000121"/>
    </Declaration>
    <Declaration>
        <Class IRI="#cno_0000120"/>
    </Declaration>
    <Declaration>
        <Class IRI="#cno_0000002"/>
    </Declaration>
    <Declaration>
        <Class IRI="#cno_0000123"/>
    </Declaration>
    <Declaration>
        <Class IRI="#cno_0000001"/>
    </Declaration>
    <Declaration>
        <Class IRI="#cno_0000122"/>
    </Declaration>
    <Declaration>
        <Class IRI="http://www.w3.org/2004/02/skos/core#Concept"/>
    </Declaration>
    <Declaration>
        <Class IRI="#cno_0000029"/>
    </Declaration>
    <Declaration>
        <Class IRI="#cno_0000026"/>
    </Declaration>
    <Declaration>
        <Class IRI="http://www.ifomis.org/bfo/1.1/snap#Quality"/>
    </Declaration>
    <Declaration>
        <Class IRI="#cno_0000147"/>
    </Declaration>
    <Declaration>
        <Class IRI="#cno_0000025"/>
    </Declaration>
    <Declaration>
        <Class IRI="#cno_0000146"/>
    </Declaration>
    <Declaration>
        <Class IRI="#cno_0000028"/>
    </Declaration>
    <Declaration>
        <Class IRI="#cno_0000149"/>
    </Declaration>
    <Declaration>
        <Class IRI="#cno_0000027"/>
    </Declaration>
    <Declaration>
        <Class IRI="#cno_0000148"/>
    </Declaration>
    <Declaration>
        <Class IRI="#cno_0000033"/>
    </Declaration>
    <Declaration>
        <Class IRI="#cno_0000154"/>
    </Declaration>
    <Declaration>
        <Class IRI="#cno_0000032"/>
    </Declaration>
    <Declaration>
        <Class IRI="#cno_0000153"/>
    </Declaration>
    <Declaration>
        <ObjectProperty IRI="http://www.w3.org/2004/02/skos/core#narrowMatch"/>
    </Declaration>
    <Declaration>
        <Class IRI="#cno_0000035"/>
    </Declaration>
    <Declaration>
        <Class IRI="#cno_0000156"/>
    </Declaration>
    <Declaration>
        <Class IRI="#cno_0000034"/>
    </Declaration>
    <Declaration>
        <Class IRI="#cno_0000155"/>
    </Declaration>
    <Declaration>
        <Class IRI="#cno_0000150"/>
    </Declaration>
    <Declaration>
        <Class IRI="#cno_0000031"/>
    </Declaration>
    <Declaration>
        <Class IRI="#cno_0000152"/>
    </Declaration>
    <Declaration>
        <Class IRI="#cno_0000030"/>
    </Declaration>
    <Declaration>
        <Class IRI="#cno_0000151"/>
    </Declaration>
    <Declaration>
        <Class IRI="http://purl.obolibrary.org/obo/SBO_0000259"/>
    </Declaration>
    <Declaration>
        <Class IRI="http://purl.obolibrary.org/obo/SBO_0000257"/>
    </Declaration>
    <Declaration>
        <Class IRI="http://purl.obolibrary.org/obo/SBO_0000258"/>
    </Declaration>
    <Declaration>
        <Class IRI="#cno_0000019"/>
    </Declaration>
    <Declaration>
        <Class IRI="#cno_0000018"/>
    </Declaration>
    <Declaration>
        <Class IRI="#cno_0000139"/>
    </Declaration>
    <Declaration>
        <Class IRI="http://ontology.neuinfo.org/NIF/Backend/OBO_annotation_properties.owl#EnumerationClass"/>
    </Declaration>
    <Declaration>
        <Class IRI="#cno_0000015"/>
    </Declaration>
    <Declaration>
        <Class IRI="#cno_0000136"/>
    </Declaration>
    <Declaration>
        <Class IRI="#cno_0000014"/>
    </Declaration>
    <Declaration>
        <Class IRI="#cno_0000135"/>
    </Declaration>
    <Declaration>
        <Class IRI="#cno_0000017"/>
    </Declaration>
    <Declaration>
        <Class IRI="#cno_0000138"/>
    </Declaration>
    <Declaration>
        <Class IRI="#cno_0000016"/>
    </Declaration>
    <Declaration>
        <Class IRI="#cno_0000137"/>
    </Declaration>
    <Declaration>
        <Class IRI="#cno_0000022"/>
    </Declaration>
    <Declaration>
        <Class IRI="#cno_0000143"/>
    </Declaration>
    <Declaration>
        <Class IRI="#cno_0000021"/>
    </Declaration>
    <Declaration>
        <Class IRI="#cno_0000142"/>
    </Declaration>
    <Declaration>
        <Class IRI="#cno_0000024"/>
    </Declaration>
    <Declaration>
        <Class IRI="#cno_0000145"/>
    </Declaration>
    <Declaration>
        <Class IRI="#cno_0000023"/>
    </Declaration>
    <Declaration>
        <Class IRI="#cno_0000144"/>
    </Declaration>
    <Declaration>
        <Class IRI="#cno_0000020"/>
    </Declaration>
    <Declaration>
        <Class IRI="#cno_0000141"/>
    </Declaration>
    <Declaration>
        <Class IRI="#cno_0000140"/>
    </Declaration>
    <Declaration>
        <Class IRI="http://purl.obolibrary.org/obo/SBO_0000254"/>
    </Declaration>
    <Declaration>
        <ObjectProperty IRI="http://www.w3.org/2004/02/skos/core#relatedMatch"/>
    </Declaration>
    <Declaration>
        <Class IRI="#cno_0000169"/>
    </Declaration>
    <Declaration>
        <Class IRI="#cno_0000048"/>
    </Declaration>
    <Declaration>
        <Class IRI="#cno_0000168"/>
    </Declaration>
    <Declaration>
        <Class IRI="#cno_0000047"/>
    </Declaration>
    <Declaration>
        <Class IRI="#cno_0000049"/>
    </Declaration>
    <Declaration>
        <Class IRI="#cno_0000176"/>
    </Declaration>
    <Declaration>
        <Class IRI="#cno_0000055"/>
    </Declaration>
    <Declaration>
        <Class IRI="#cno_0000175"/>
    </Declaration>
    <Declaration>
        <Class IRI="#cno_0000054"/>
    </Declaration>
    <Declaration>
        <Class IRI="#cno_0000178"/>
    </Declaration>
    <Declaration>
        <Class IRI="#cno_0000057"/>
    </Declaration>
    <Declaration>
        <Class IRI="#cno_0000177"/>
    </Declaration>
    <Declaration>
        <Class IRI="#cno_0000056"/>
    </Declaration>
    <Declaration>
        <Class IRI="#cno_0000172"/>
    </Declaration>
    <Declaration>
        <Class IRI="#cno_0000051"/>
    </Declaration>
    <Declaration>
        <Class IRI="#cno_0000171"/>
    </Declaration>
    <Declaration>
        <Class IRI="#cno_0000050"/>
    </Declaration>
    <Declaration>
        <Class IRI="#cno_0000174"/>
    </Declaration>
    <Declaration>
        <Class IRI="#cno_0000053"/>
    </Declaration>
    <Declaration>
        <Class IRI="#cno_0000173"/>
    </Declaration>
    <Declaration>
        <Class IRI="#cno_0000052"/>
    </Declaration>
    <Declaration>
        <Class IRI="#cno_0000170"/>
    </Declaration>
    <Declaration>
        <Class IRI="http://purl.obolibrary.org/obo/IAO_0000030"/>
    </Declaration>
    <Declaration>
        <ObjectProperty IRI="http://www.w3.org/2004/02/skos/core#topConceptOf"/>
    </Declaration>
    <Declaration>
        <ObjectProperty IRI="http://www.w3.org/2004/02/skos/core#member"/>
    </Declaration>
    <Declaration>
        <ObjectProperty IRI="http://www.w3.org/2004/02/skos/core#semanticRelation"/>
    </Declaration>
    <Declaration>
        <DataProperty IRI="#cno_0000193"/>
    </Declaration>
    <Declaration>
        <Class IRI="#cno_0000158"/>
    </Declaration>
    <Declaration>
        <Class IRI="#cno_0000037"/>
    </Declaration>
    <Declaration>
        <Class IRI="#cno_0000036"/>
    </Declaration>
    <Declaration>
        <Class IRI="#cno_0000157"/>
    </Declaration>
    <Declaration>
        <Class IRI="#cno_0000039"/>
    </Declaration>
    <Declaration>
        <Class IRI="#cno_0000038"/>
    </Declaration>
    <Declaration>
        <Class IRI="#cno_0000159"/>
    </Declaration>
    <Declaration>
        <ObjectProperty IRI="http://www.w3.org/2004/02/skos/core#memberList"/>
    </Declaration>
    <Declaration>
        <Class IRI="#cno_0000165"/>
    </Declaration>
    <Declaration>
        <Class IRI="#cno_0000044"/>
    </Declaration>
    <Declaration>
        <Class IRI="#cno_0000164"/>
    </Declaration>
    <Declaration>
        <Class IRI="#cno_0000043"/>
    </Declaration>
    <Declaration>
        <Class IRI="#cno_0000167"/>
    </Declaration>
    <Declaration>
        <Class IRI="#cno_0000046"/>
    </Declaration>
    <Declaration>
        <Class IRI="#cno_0000166"/>
    </Declaration>
    <Declaration>
        <Class IRI="#cno_0000045"/>
    </Declaration>
    <Declaration>
        <Class IRI="#cno_0000161"/>
    </Declaration>
    <Declaration>
        <Class IRI="#cno_0000040"/>
    </Declaration>
    <Declaration>
        <Class IRI="#cno_0000160"/>
    </Declaration>
    <Declaration>
        <Class IRI="#cno_0000163"/>
    </Declaration>
    <Declaration>
        <Class IRI="#cno_0000042"/>
    </Declaration>
    <Declaration>
        <Class IRI="#cno_0000162"/>
    </Declaration>
    <Declaration>
        <Class IRI="#cno_0000041"/>
    </Declaration>
    <EquivalentClasses>
        <Class IRI="http://purl.obolibrary.org/obo/OBI_0001617"/>
        <ObjectSomeValuesFrom>
            <ObjectProperty IRI="http://purl.obolibrary.org/obo/IAO_0000219"/>
            <Class IRI="#cno_0000180"/>
        </ObjectSomeValuesFrom>
    </EquivalentClasses>
    <EquivalentClasses>
        <Class IRI="#cno_0000060"/>
        <ObjectSomeValuesFrom>
            <ObjectProperty IRI="http://www.obofoundry.org/ro/ro.owl#has_part"/>
            <Class IRI="#cno_0000002"/>
        </ObjectSomeValuesFrom>
    </EquivalentClasses>
    <EquivalentClasses>
        <Class IRI="#cno_0000180"/>
        <ObjectSomeValuesFrom>
            <ObjectProperty IRI="http://www.obofoundry.org/ro/ro.owl#has_part"/>
            <Class IRI="#cno_0000002"/>
        </ObjectSomeValuesFrom>
    </EquivalentClasses>
    <EquivalentClasses>
        <Class IRI="#cno_0000205"/>
        <ObjectSomeValuesFrom>
            <ObjectProperty IRI="http://purl.obolibrary.org/obo/IAO_0000219"/>
            <Class IRI="#cno_0000180"/>
        </ObjectSomeValuesFrom>
    </EquivalentClasses>
    <SubClassOf>
        <Class IRI="http://purl.obolibrary.org/obo/SBO_0000348"/>
        <Class IRI="#cno_0000140"/>
    </SubClassOf>
    <SubClassOf>
        <Class IRI="#cno_0000001"/>
        <Class IRI="http://www.ifomis.org/bfo/1.1/snap#GenericallyDependentContinuant"/>
    </SubClassOf>
    <SubClassOf>
        <Class IRI="#cno_0000002"/>
        <Class IRI="http://www.ifomis.org/bfo/1.1/snap#GenericallyDependentContinuant"/>
    </SubClassOf>
    <SubClassOf>
        <Class IRI="#cno_0000003"/>
        <Class IRI="#cno_0000147"/>
    </SubClassOf>
    <SubClassOf>
        <Class IRI="#cno_0000004"/>
        <Class IRI="http://purl.obolibrary.org/obo/SBO_0000259"/>
    </SubClassOf>
    <SubClassOf>
        <Class IRI="#cno_0000005"/>
        <Class IRI="#cno_0000181"/>
    </SubClassOf>
    <SubClassOf>
        <Class IRI="#cno_0000007"/>
        <Class IRI="#cno_0000183"/>
    </SubClassOf>
    <SubClassOf>
        <Class IRI="#cno_0000008"/>
        <Class IRI="#cno_0000001"/>
    </SubClassOf>
    <SubClassOf>
        <Class IRI="#cno_0000009"/>
        <Class IRI="#cno_0000001"/>
    </SubClassOf>
    <SubClassOf>
        <Class IRI="#cno_0000010"/>
        <Class IRI="#cno_0000001"/>
    </SubClassOf>
    <SubClassOf>
        <Class IRI="#cno_0000011"/>
        <Class IRI="#cno_0000001"/>
    </SubClassOf>
    <SubClassOf>
        <Class IRI="#cno_0000012"/>
        <Class IRI="#cno_0000008"/>
    </SubClassOf>
    <SubClassOf>
        <Class IRI="#cno_0000013"/>
        <Class IRI="#cno_0000008"/>
    </SubClassOf>
    <SubClassOf>
        <Class IRI="#cno_0000014"/>
        <Class IRI="#cno_0000008"/>
    </SubClassOf>
    <SubClassOf>
        <Class IRI="#cno_0000015"/>
        <Class IRI="#cno_0000060"/>
    </SubClassOf>
    <SubClassOf>
        <Class IRI="#cno_0000016"/>
        <Class IRI="#cno_0000060"/>
    </SubClassOf>
    <SubClassOf>
        <Class IRI="#cno_0000017"/>
        <Class IRI="#cno_0000014"/>
    </SubClassOf>
    <SubClassOf>
        <Class IRI="#cno_0000018"/>
        <Class IRI="#cno_0000014"/>
    </SubClassOf>
    <SubClassOf>
        <Class IRI="#cno_0000019"/>
        <Class IRI="#cno_0000017"/>
    </SubClassOf>
    <SubClassOf>
        <Class IRI="#cno_0000020"/>
        <Class IRI="#cno_0000017"/>
    </SubClassOf>
    <SubClassOf>
        <Class IRI="#cno_0000021"/>
        <Class IRI="#cno_0000018"/>
    </SubClassOf>
    <SubClassOf>
        <Class IRI="#cno_0000022"/>
        <Class IRI="#cno_0000018"/>
    </SubClassOf>
    <SubClassOf>
        <Class IRI="#cno_0000023"/>
        <Class IRI="#cno_0000018"/>
    </SubClassOf>
    <SubClassOf>
        <Class IRI="#cno_0000024"/>
        <Class IRI="#cno_0000018"/>
    </SubClassOf>
    <SubClassOf>
        <Class IRI="#cno_0000025"/>
        <Class IRI="#cno_0000018"/>
    </SubClassOf>
    <SubClassOf>
        <Class IRI="#cno_0000026"/>
        <Class IRI="#cno_0000031"/>
    </SubClassOf>
    <SubClassOf>
        <Class IRI="#cno_0000027"/>
        <Class IRI="#cno_0000031"/>
    </SubClassOf>
    <SubClassOf>
        <Class IRI="#cno_0000028"/>
        <Class IRI="#cno_0000010"/>
    </SubClassOf>
    <SubClassOf>
        <Class IRI="#cno_0000029"/>
        <Class IRI="#cno_0000010"/>
    </SubClassOf>
    <SubClassOf>
        <Class IRI="#cno_0000030"/>
        <Class IRI="#cno_0000010"/>
    </SubClassOf>
    <SubClassOf>
        <Class IRI="#cno_0000031"/>
        <Class IRI="#cno_0000009"/>
    </SubClassOf>
    <SubClassOf>
        <Class IRI="#cno_0000032"/>
        <Class IRI="#cno_0000009"/>
    </SubClassOf>
    <SubClassOf>
        <Class IRI="#cno_0000033"/>
        <Class IRI="#cno_0000011"/>
    </SubClassOf>
    <SubClassOf>
        <Class IRI="#cno_0000034"/>
        <Class IRI="#cno_0000011"/>
    </SubClassOf>
    <SubClassOf>
        <Class IRI="#cno_0000035"/>
        <Class IRI="#cno_0000182"/>
    </SubClassOf>
    <SubClassOf>
        <Class IRI="#cno_0000036"/>
        <Class IRI="#cno_0000218"/>
    </SubClassOf>
    <SubClassOf>
        <Class IRI="#cno_0000037"/>
        <Class IRI="#cno_0000218"/>
    </SubClassOf>
    <SubClassOf>
        <Class IRI="#cno_0000038"/>
        <Class IRI="http://purl.obolibrary.org/obo/SBO_0000259"/>
    </SubClassOf>
    <SubClassOf>
        <Class IRI="#cno_0000039"/>
        <Class IRI="#cno_0000036"/>
    </SubClassOf>
    <SubClassOf>
        <Class IRI="#cno_0000040"/>
        <Class IRI="http://www.ifomis.org/bfo/1.1/snap#Quality"/>
    </SubClassOf>
    <SubClassOf>
        <Class IRI="#cno_0000041"/>
        <Class IRI="#cno_0000036"/>
    </SubClassOf>
    <SubClassOf>
        <Class IRI="#cno_0000042"/>
        <Class IRI="#cno_0000036"/>
    </SubClassOf>
    <SubClassOf>
        <Class IRI="#cno_0000043"/>
        <Class IRI="#cno_0000036"/>
    </SubClassOf>
    <SubClassOf>
        <Class IRI="#cno_0000044"/>
        <Class IRI="#cno_0000126"/>
    </SubClassOf>
    <SubClassOf>
        <Class IRI="#cno_0000045"/>
        <Class IRI="#cno_0000218"/>
    </SubClassOf>
    <SubClassOf>
        <Class IRI="#cno_0000046"/>
        <Class IRI="#cno_0000045"/>
    </SubClassOf>
    <SubClassOf>
        <Class IRI="#cno_0000047"/>
        <Class IRI="#cno_0000126"/>
    </SubClassOf>
    <SubClassOf>
        <Class IRI="#cno_0000048"/>
        <Class IRI="#cno_0000126"/>
    </SubClassOf>
    <SubClassOf>
        <Class IRI="#cno_0000049"/>
        <Class IRI="#cno_0000126"/>
    </SubClassOf>
    <SubClassOf>
        <Class IRI="#cno_0000050"/>
        <Class IRI="#cno_0000041"/>
    </SubClassOf>
    <SubClassOf>
        <Class IRI="#cno_0000051"/>
        <Class IRI="#cno_0000041"/>
    </SubClassOf>
    <SubClassOf>
        <Class IRI="#cno_0000052"/>
        <Class IRI="#cno_0000042"/>
    </SubClassOf>
    <SubClassOf>
        <Class IRI="#cno_0000053"/>
        <Class IRI="#cno_0000042"/>
    </SubClassOf>
    <SubClassOf>
        <Class IRI="#cno_0000054"/>
        <Class IRI="#cno_0000042"/>
    </SubClassOf>
    <SubClassOf>
        <Class IRI="#cno_0000055"/>
        <Class IRI="#cno_0000165"/>
    </SubClassOf>
    <SubClassOf>
        <Class IRI="#cno_0000056"/>
        <Class IRI="#cno_0000043"/>
    </SubClassOf>
    <SubClassOf>
        <Class IRI="#cno_0000057"/>
        <Class IRI="#cno_0000043"/>
    </SubClassOf>
    <SubClassOf>
        <Class IRI="#cno_0000058"/>
        <Class IRI="#cno_0000218"/>
    </SubClassOf>
    <SubClassOf>
        <Class IRI="#cno_0000059"/>
        <Class IRI="#cno_0000049"/>
    </SubClassOf>
    <SubClassOf>
        <Class IRI="#cno_0000060"/>
        <Class IRI="http://www.ifomis.org/bfo/1.1/snap#GenericallyDependentContinuant"/>
    </SubClassOf>
    <SubClassOf>
        <Class IRI="#cno_0000061"/>
        <Class IRI="#cno_0000060"/>
    </SubClassOf>
    <SubClassOf>
        <Class IRI="#cno_0000062"/>
        <Class IRI="#cno_0000060"/>
    </SubClassOf>
    <SubClassOf>
        <Class IRI="#cno_0000063"/>
        <Class IRI="#cno_0000219"/>
    </SubClassOf>
    <SubClassOf>
        <Class IRI="#cno_0000064"/>
        <Class IRI="#cno_0000219"/>
    </SubClassOf>
    <SubClassOf>
        <Class IRI="#cno_0000065"/>
        <Class IRI="#cno_0000060"/>
    </SubClassOf>
    <SubClassOf>
        <Class IRI="#cno_0000066"/>
        <Class IRI="#cno_0000060"/>
    </SubClassOf>
    <SubClassOf>
        <Class IRI="#cno_0000067"/>
        <Class IRI="#cno_0000060"/>
    </SubClassOf>
    <SubClassOf>
        <Class IRI="#cno_0000068"/>
        <Class IRI="#cno_0000060"/>
    </SubClassOf>
    <SubClassOf>
        <Class IRI="#cno_0000069"/>
        <Class IRI="#cno_0000060"/>
    </SubClassOf>
    <SubClassOf>
        <Class IRI="#cno_0000070"/>
        <Class IRI="#cno_0000060"/>
    </SubClassOf>
    <SubClassOf>
        <Class IRI="#cno_0000071"/>
        <Class IRI="#cno_0000060"/>
    </SubClassOf>
    <SubClassOf>
        <Class IRI="#cno_0000072"/>
        <Class IRI="#cno_0000060"/>
    </SubClassOf>
    <SubClassOf>
        <Class IRI="#cno_0000073"/>
        <Class IRI="#cno_0000060"/>
    </SubClassOf>
    <SubClassOf>
        <Class IRI="#cno_0000074"/>
        <Class IRI="#cno_0000060"/>
    </SubClassOf>
    <SubClassOf>
        <Class IRI="#cno_0000075"/>
        <Class IRI="#cno_0000060"/>
    </SubClassOf>
    <SubClassOf>
        <Class IRI="#cno_0000076"/>
        <Class IRI="#cno_0000060"/>
    </SubClassOf>
    <SubClassOf>
        <Class IRI="#cno_0000077"/>
        <Class IRI="#cno_0000060"/>
    </SubClassOf>
    <SubClassOf>
        <Class IRI="#cno_0000078"/>
        <Class IRI="#cno_0000060"/>
    </SubClassOf>
    <SubClassOf>
        <Class IRI="#cno_0000079"/>
        <Class IRI="#cno_0000060"/>
    </SubClassOf>
    <SubClassOf>
        <Class IRI="#cno_0000080"/>
        <Class IRI="#cno_0000060"/>
    </SubClassOf>
    <SubClassOf>
        <Class IRI="#cno_0000081"/>
        <Class IRI="#cno_0000051"/>
    </SubClassOf>
    <SubClassOf>
        <Class IRI="#cno_0000082"/>
        <Class IRI="#cno_0000051"/>
    </SubClassOf>
    <SubClassOf>
        <Class IRI="#cno_0000083"/>
        <Class IRI="#cno_0000036"/>
    </SubClassOf>
    <SubClassOf>
        <Class IRI="#cno_0000084"/>
        <Class IRI="#cno_0000036"/>
    </SubClassOf>
    <SubClassOf>
        <Class IRI="#cno_0000085"/>
        <Class IRI="#cno_0000049"/>
    </SubClassOf>
    <SubClassOf>
        <Class IRI="#cno_0000086"/>
        <Class IRI="#cno_0000049"/>
    </SubClassOf>
    <SubClassOf>
        <Class IRI="#cno_0000087"/>
        <Class IRI="#cno_0000049"/>
    </SubClassOf>
    <SubClassOf>
        <Class IRI="#cno_0000088"/>
        <Class IRI="#cno_0000049"/>
    </SubClassOf>
    <SubClassOf>
        <Class IRI="#cno_0000089"/>
        <Class IRI="#cno_0000049"/>
    </SubClassOf>
    <SubClassOf>
        <Class IRI="#cno_0000090"/>
        <Class IRI="#cno_0000060"/>
    </SubClassOf>
    <SubClassOf>
        <Class IRI="#cno_0000091"/>
        <Class IRI="#cno_0000060"/>
    </SubClassOf>
    <SubClassOf>
        <Class IRI="#cno_0000092"/>
        <Class IRI="#cno_0000060"/>
    </SubClassOf>
    <SubClassOf>
        <Class IRI="#cno_0000093"/>
        <Class IRI="#cno_0000060"/>
    </SubClassOf>
    <SubClassOf>
        <Class IRI="#cno_0000094"/>
        <Class IRI="#cno_0000037"/>
    </SubClassOf>
    <SubClassOf>
        <Class IRI="#cno_0000095"/>
        <Class IRI="#cno_0000037"/>
    </SubClassOf>
    <SubClassOf>
        <Class IRI="#cno_0000096"/>
        <Class IRI="#cno_0000181"/>
    </SubClassOf>
    <SubClassOf>
        <Class IRI="#cno_0000097"/>
        <Class IRI="#cno_0000037"/>
    </SubClassOf>
    <SubClassOf>
        <Class IRI="#cno_0000098"/>
        <Class IRI="#cno_0000037"/>
    </SubClassOf>
    <SubClassOf>
        <Class IRI="#cno_0000099"/>
        <Class IRI="http://purl.obolibrary.org/obo/SBO_0000225"/>
    </SubClassOf>
    <SubClassOf>
        <Class IRI="#cno_0000100"/>
        <Class IRI="#cno_0000037"/>
    </SubClassOf>
    <SubClassOf>
        <Class IRI="#cno_0000101"/>
        <Class IRI="#cno_0000037"/>
    </SubClassOf>
    <SubClassOf>
        <Class IRI="#cno_0000102"/>
        <Class IRI="#cno_0000037"/>
    </SubClassOf>
    <SubClassOf>
        <Class IRI="#cno_0000103"/>
        <Class IRI="#cno_0000095"/>
    </SubClassOf>
    <SubClassOf>
        <Class IRI="#cno_0000104"/>
        <Class IRI="#cno_0000095"/>
    </SubClassOf>
    <SubClassOf>
        <Class IRI="#cno_0000105"/>
        <Class IRI="#cno_0000047"/>
    </SubClassOf>
    <SubClassOf>
        <Class IRI="#cno_0000106"/>
        <Class IRI="#cno_0000047"/>
    </SubClassOf>
    <SubClassOf>
        <Class IRI="#cno_0000107"/>
        <Class IRI="#cno_0000169"/>
    </SubClassOf>
    <SubClassOf>
        <Class IRI="#cno_0000108"/>
        <Class IRI="#cno_0000109"/>
    </SubClassOf>
    <SubClassOf>
        <Class IRI="#cno_0000109"/>
        <Class IRI="#cno_0000047"/>
    </SubClassOf>
    <SubClassOf>
        <Class IRI="#cno_0000110"/>
        <Class IRI="#cno_0000169"/>
    </SubClassOf>
    <SubClassOf>
        <Class IRI="#cno_0000111"/>
        <Class IRI="#cno_0000094"/>
    </SubClassOf>
    <SubClassOf>
        <Class IRI="#cno_0000112"/>
        <Class IRI="#cno_0000094"/>
    </SubClassOf>
    <SubClassOf>
        <Class IRI="#cno_0000113"/>
        <Class IRI="#cno_0000094"/>
    </SubClassOf>
    <SubClassOf>
        <Class IRI="#cno_0000114"/>
        <Class IRI="#cno_0000098"/>
    </SubClassOf>
    <SubClassOf>
        <Class IRI="#cno_0000115"/>
        <Class IRI="#cno_0000098"/>
    </SubClassOf>
    <SubClassOf>
        <Class IRI="#cno_0000116"/>
        <Class IRI="#cno_0000098"/>
    </SubClassOf>
    <SubClassOf>
        <Class IRI="#cno_0000117"/>
        <Class IRI="#cno_0000058"/>
    </SubClassOf>
    <SubClassOf>
        <Class IRI="#cno_0000118"/>
        <Class IRI="#cno_0000058"/>
    </SubClassOf>
    <SubClassOf>
        <Class IRI="#cno_0000119"/>
        <Class IRI="#cno_0000202"/>
    </SubClassOf>
    <SubClassOf>
        <Class IRI="#cno_0000120"/>
        <Class IRI="#cno_0000036"/>
    </SubClassOf>
    <SubClassOf>
        <Class IRI="#cno_0000121"/>
        <Class IRI="#cno_0000119"/>
    </SubClassOf>
    <SubClassOf>
        <Class IRI="#cno_0000122"/>
        <Class IRI="#cno_0000119"/>
    </SubClassOf>
    <SubClassOf>
        <Class IRI="#cno_0000123"/>
        <Class IRI="#cno_0000119"/>
    </SubClassOf>
    <SubClassOf>
        <Class IRI="#cno_0000124"/>
        <Class IRI="#cno_0000143"/>
    </SubClassOf>
    <SubClassOf>
        <Class IRI="#cno_0000125"/>
        <Class IRI="#cno_0000143"/>
    </SubClassOf>
    <SubClassOf>
        <Class IRI="#cno_0000126"/>
        <Class IRI="#cno_0000036"/>
    </SubClassOf>
    <SubClassOf>
        <Class IRI="#cno_0000127"/>
        <Class IRI="#cno_0000174"/>
    </SubClassOf>
    <SubClassOf>
        <Class IRI="#cno_0000128"/>
        <Class IRI="#cno_0000174"/>
    </SubClassOf>
    <SubClassOf>
        <Class IRI="#cno_0000129"/>
        <Class IRI="#cno_0000177"/>
    </SubClassOf>
    <SubClassOf>
        <Class IRI="#cno_0000130"/>
        <Class IRI="#cno_0000209"/>
    </SubClassOf>
    <SubClassOf>
        <Class IRI="#cno_0000131"/>
        <Class IRI="#cno_0000209"/>
    </SubClassOf>
    <SubClassOf>
        <Class IRI="#cno_0000132"/>
        <Class IRI="#cno_0000181"/>
    </SubClassOf>
    <SubClassOf>
        <Class IRI="#cno_0000133"/>
        <Class IRI="http://purl.obolibrary.org/obo/SBO_0000465"/>
    </SubClassOf>
    <SubClassOf>
        <Class IRI="#cno_0000134"/>
        <Class IRI="#cno_0000209"/>
    </SubClassOf>
    <SubClassOf>
        <Class IRI="#cno_0000135"/>
        <Class IRI="#cno_0000058"/>
    </SubClassOf>
    <SubClassOf>
        <Class IRI="#cno_0000136"/>
        <Class IRI="#cno_0000181"/>
    </SubClassOf>
    <SubClassOf>
        <Class IRI="#cno_0000137"/>
        <Class IRI="http://purl.obolibrary.org/obo/SBO_0000257"/>
    </SubClassOf>
    <SubClassOf>
        <Class IRI="#cno_0000138"/>
        <Class IRI="#cno_0000143"/>
    </SubClassOf>
    <SubClassOf>
        <Class IRI="#cno_0000139"/>
        <Class IRI="http://purl.obolibrary.org/obo/SBO_0000346"/>
    </SubClassOf>
    <SubClassOf>
        <Class IRI="#cno_0000140"/>
        <Class IRI="http://purl.obolibrary.org/obo/SBO_0000346"/>
    </SubClassOf>
    <SubClassOf>
        <Class IRI="#cno_0000141"/>
        <Class IRI="#cno_0000209"/>
    </SubClassOf>
    <SubClassOf>
        <Class IRI="#cno_0000142"/>
        <Class IRI="#cno_0000181"/>
    </SubClassOf>
    <SubClassOf>
        <Class IRI="#cno_0000143"/>
        <Class IRI="#cno_0000202"/>
    </SubClassOf>
    <SubClassOf>
        <Class IRI="#cno_0000144"/>
        <Class IRI="#cno_0000008"/>
    </SubClassOf>
    <SubClassOf>
        <Class IRI="#cno_0000145"/>
        <Class IRI="http://purl.obolibrary.org/obo/SBO_0000347"/>
    </SubClassOf>
    <SubClassOf>
        <Class IRI="#cno_0000146"/>
        <Class IRI="http://purl.obolibrary.org/obo/SBO_0000259"/>
    </SubClassOf>
    <SubClassOf>
        <Class IRI="#cno_0000147"/>
        <Class IRI="http://www.ifomis.org/bfo/1.1/snap#Role"/>
    </SubClassOf>
    <SubClassOf>
        <Class IRI="#cno_0000148"/>
        <Class IRI="#cno_0000177"/>
    </SubClassOf>
    <SubClassOf>
        <Class IRI="#cno_0000149"/>
        <Class IRI="#cno_0000045"/>
    </SubClassOf>
    <SubClassOf>
        <Class IRI="#cno_0000150"/>
        <Class IRI="#cno_0000149"/>
    </SubClassOf>
    <SubClassOf>
        <Class IRI="#cno_0000151"/>
        <Class IRI="#cno_0000149"/>
    </SubClassOf>
    <SubClassOf>
        <Class IRI="#cno_0000152"/>
        <Class IRI="#cno_0000181"/>
    </SubClassOf>
    <SubClassOf>
        <Class IRI="#cno_0000153"/>
        <Class IRI="#cno_0000152"/>
    </SubClassOf>
    <SubClassOf>
        <Class IRI="#cno_0000154"/>
        <Class IRI="#cno_0000152"/>
    </SubClassOf>
    <SubClassOf>
        <Class IRI="#cno_0000155"/>
        <Class IRI="#cno_0000152"/>
    </SubClassOf>
    <SubClassOf>
        <Class IRI="#cno_0000156"/>
        <Class IRI="#cno_0000142"/>
    </SubClassOf>
    <SubClassOf>
        <Class IRI="#cno_0000157"/>
        <Class IRI="#cno_0000203"/>
    </SubClassOf>
    <SubClassOf>
        <Class IRI="#cno_0000158"/>
        <Class IRI="#cno_0000165"/>
    </SubClassOf>
    <SubClassOf>
        <Class IRI="#cno_0000159"/>
        <Class IRI="#cno_0000203"/>
    </SubClassOf>
    <SubClassOf>
        <Class IRI="#cno_0000160"/>
        <Class IRI="#cno_0000181"/>
    </SubClassOf>
    <SubClassOf>
        <Class IRI="#cno_0000161"/>
        <Class IRI="#cno_0000011"/>
    </SubClassOf>
    <SubClassOf>
        <Class IRI="#cno_0000162"/>
        <Class IRI="#cno_0000060"/>
    </SubClassOf>
    <SubClassOf>
        <Class IRI="#cno_0000163"/>
        <Class IRI="#cno_0000142"/>
    </SubClassOf>
    <SubClassOf>
        <Class IRI="#cno_0000164"/>
        <Class IRI="#cno_0000203"/>
    </SubClassOf>
    <SubClassOf>
        <Class IRI="#cno_0000165"/>
        <Class IRI="#cno_0000202"/>
    </SubClassOf>
    <SubClassOf>
        <Class IRI="#cno_0000166"/>
        <Class IRI="#cno_0000040"/>
    </SubClassOf>
    <SubClassOf>
        <Class IRI="#cno_0000167"/>
        <Class IRI="#cno_0000181"/>
    </SubClassOf>
    <SubClassOf>
        <Class IRI="#cno_0000168"/>
        <Class IRI="#cno_0000128"/>
    </SubClassOf>
    <SubClassOf>
        <Class IRI="#cno_0000169"/>
        <Class IRI="#cno_0000058"/>
    </SubClassOf>
    <SubClassOf>
        <Class IRI="#cno_0000170"/>
        <Class IRI="#cno_0000128"/>
    </SubClassOf>
    <SubClassOf>
        <Class IRI="#cno_0000171"/>
        <Class IRI="#cno_0000128"/>
    </SubClassOf>
    <SubClassOf>
        <Class IRI="#cno_0000172"/>
        <Class IRI="#cno_0000128"/>
    </SubClassOf>
    <SubClassOf>
        <Class IRI="#cno_0000173"/>
        <Class IRI="#cno_0000209"/>
    </SubClassOf>
    <SubClassOf>
        <Class IRI="#cno_0000174"/>
        <Class IRI="#cno_0000202"/>
    </SubClassOf>
    <SubClassOf>
        <Class IRI="#cno_0000175"/>
        <Class IRI="http://purl.obolibrary.org/obo/IAO_0000030"/>
    </SubClassOf>
    <SubClassOf>
        <Class IRI="#cno_0000176"/>
        <Class IRI="#cno_0000209"/>
    </SubClassOf>
    <SubClassOf>
        <Class IRI="#cno_0000177"/>
        <Class IRI="#cno_0000058"/>
    </SubClassOf>
    <SubClassOf>
        <Class IRI="#cno_0000178"/>
        <Class IRI="#cno_0000177"/>
    </SubClassOf>
    <SubClassOf>
        <Class IRI="#cno_0000179"/>
        <Class IRI="#cno_0000149"/>
    </SubClassOf>
    <SubClassOf>
        <Class IRI="#cno_0000180"/>
        <Class IRI="http://www.ifomis.org/bfo/1.1/snap#GenericallyDependentContinuant"/>
    </SubClassOf>
    <SubClassOf>
        <Class IRI="#cno_0000181"/>
        <Class IRI="#cno_0000002"/>
    </SubClassOf>
    <SubClassOf>
        <Class IRI="#cno_0000182"/>
        <Class IRI="#cno_0000034"/>
    </SubClassOf>
    <SubClassOf>
        <Class IRI="#cno_0000183"/>
        <Class IRI="#cno_0000034"/>
    </SubClassOf>
    <SubClassOf>
        <Class IRI="#cno_0000184"/>
        <Class IRI="#cno_0000007"/>
    </SubClassOf>
    <SubClassOf>
        <Class IRI="#cno_0000185"/>
        <Class IRI="#cno_0000007"/>
    </SubClassOf>
    <SubClassOf>
        <Class IRI="#cno_0000186"/>
        <Class IRI="#cno_0000183"/>
    </SubClassOf>
    <SubClassOf>
        <Class IRI="#cno_0000187"/>
        <Class IRI="#cno_0000034"/>
    </SubClassOf>
    <SubClassOf>
        <Class IRI="#cno_0000188"/>
        <Class IRI="#cno_0000060"/>
    </SubClassOf>
    <SubClassOf>
        <Class IRI="#cno_0000189"/>
        <Class IRI="#cno_0000060"/>
    </SubClassOf>
    <SubClassOf>
        <Class IRI="#cno_0000190"/>
        <Class IRI="#cno_0000149"/>
    </SubClassOf>
    <SubClassOf>
        <Class IRI="#cno_0000191"/>
        <Class IRI="#cno_0000209"/>
    </SubClassOf>
    <SubClassOf>
        <Class IRI="#cno_0000192"/>
        <Class IRI="#cno_0000209"/>
    </SubClassOf>
    <SubClassOf>
        <Class IRI="#cno_0000194"/>
        <Class IRI="#cno_0000181"/>
    </SubClassOf>
    <SubClassOf>
        <Class IRI="#cno_0000195"/>
        <Class IRI="#cno_0000169"/>
    </SubClassOf>
    <SubClassOf>
        <Class IRI="#cno_0000196"/>
        <Class IRI="#cno_0000169"/>
    </SubClassOf>
    <SubClassOf>
        <Class IRI="#cno_0000197"/>
        <Class IRI="#cno_0000210"/>
    </SubClassOf>
    <SubClassOf>
        <Class IRI="#cno_0000198"/>
        <Class IRI="#cno_0000211"/>
    </SubClassOf>
    <SubClassOf>
        <Class IRI="#cno_0000199"/>
        <Class IRI="#cno_0000211"/>
    </SubClassOf>
    <SubClassOf>
        <Class IRI="#cno_0000200"/>
        <Class IRI="#cno_0000211"/>
    </SubClassOf>
    <SubClassOf>
        <Class IRI="#cno_0000201"/>
        <Class IRI="#cno_0000182"/>
    </SubClassOf>
    <SubClassOf>
        <Class IRI="#cno_0000202"/>
        <Class IRI="http://www.ifomis.org/bfo/1.1/snap#Quality"/>
    </SubClassOf>
    <SubClassOf>
        <Class IRI="#cno_0000203"/>
        <Class IRI="#cno_0000202"/>
    </SubClassOf>
    <SubClassOf>
        <Class IRI="#cno_0000205"/>
        <Class IRI="#cno_0000175"/>
    </SubClassOf>
    <SubClassOf>
        <Class IRI="#cno_0000206"/>
        <Class IRI="#cno_0000143"/>
    </SubClassOf>
    <SubClassOf>
        <Class IRI="#cno_0000207"/>
        <Class IRI="#cno_0000209"/>
    </SubClassOf>
    <SubClassOf>
        <Class IRI="#cno_0000208"/>
        <Class IRI="#cno_0000209"/>
    </SubClassOf>
    <SubClassOf>
        <Class IRI="#cno_0000210"/>
        <Class IRI="#cno_0000218"/>
    </SubClassOf>
    <SubClassOf>
        <Class IRI="#cno_0000211"/>
        <Class IRI="#cno_0000197"/>
    </SubClassOf>
    <SubClassOf>
        <Class IRI="#cno_0000212"/>
        <Class IRI="#cno_0000197"/>
    </SubClassOf>
    <SubClassOf>
        <Class IRI="#cno_0000213"/>
        <Class IRI="#cno_0000197"/>
    </SubClassOf>
    <SubClassOf>
        <Class IRI="#cno_0000214"/>
        <Class IRI="#cno_0000212"/>
    </SubClassOf>
    <SubClassOf>
        <Class IRI="#cno_0000215"/>
        <Class IRI="#cno_0000212"/>
    </SubClassOf>
    <SubClassOf>
        <Class IRI="#cno_0000216"/>
        <Class IRI="#cno_0000181"/>
    </SubClassOf>
    <SubClassOf>
        <Class IRI="#cno_0000217"/>
        <Class IRI="#cno_0000049"/>
    </SubClassOf>
    <SubClassOf>
        <Class IRI="#cno_0000218"/>
        <Class IRI="#cno_0000002"/>
    </SubClassOf>
    <SubClassOf>
        <Class IRI="#cno_0000219"/>
        <Class IRI="#cno_0000147"/>
    </SubClassOf>
    <SubClassOf>
        <Class IRI="#cno_0000220"/>
        <Class IRI="http://purl.obolibrary.org/obo/SBO_0000258"/>
    </SubClassOf>
    <SubClassOf>
        <Class IRI="#cno_0000221"/>
        <Class IRI="http://purl.obolibrary.org/obo/SBO_0000254"/>
    </SubClassOf>
    <SubClassOf>
        <Class IRI="#cno_0000222"/>
        <Class IRI="#cno_0000140"/>
    </SubClassOf>
    <SubClassOf>
        <Class IRI="http://www.w3.org/2004/02/skos/core#OrderedCollection"/>
        <Class IRI="http://www.w3.org/2004/02/skos/core#Collection"/>
    </SubClassOf>
    <DisjointClasses>
        <Class IRI="http://ontology.neuinfo.org/NIF/Backend/OBO_annotation_properties.owl#EnumerationClass"/>
        <Class IRI="#cno_0000001"/>
    </DisjointClasses>
    <DisjointClasses>
        <Class IRI="http://ontology.neuinfo.org/NIF/Backend/OBO_annotation_properties.owl#EnumerationClass"/>
        <Class IRI="#cno_0000002"/>
    </DisjointClasses>
    <DisjointClasses>
        <Class IRI="http://ontology.neuinfo.org/NIF/Backend/OBO_annotation_properties.owl#EnumerationClass"/>
        <Class IRI="#cno_0000003"/>
    </DisjointClasses>
    <DisjointClasses>
        <Class IRI="http://ontology.neuinfo.org/NIF/Backend/OBO_annotation_properties.owl#EnumerationClass"/>
        <Class IRI="#cno_0000004"/>
    </DisjointClasses>
    <DisjointClasses>
        <Class IRI="http://ontology.neuinfo.org/NIF/Backend/OBO_annotation_properties.owl#EnumerationClass"/>
        <Class IRI="#cno_0000040"/>
    </DisjointClasses>
    <DisjointClasses>
        <Class IRI="http://ontology.neuinfo.org/NIF/Backend/OBO_annotation_properties.owl#EnumerationClass"/>
        <Class IRI="#cno_0000060"/>
    </DisjointClasses>
    <DisjointClasses>
        <Class IRI="http://ontology.neuinfo.org/NIF/Backend/OBO_annotation_properties.owl#EnumerationClass"/>
        <Class IRI="#cno_0000174"/>
    </DisjointClasses>
    <DisjointClasses>
        <Class IRI="http://ontology.neuinfo.org/NIF/Backend/OBO_annotation_properties.owl#EnumerationClass"/>
        <Class IRI="#cno_0000175"/>
    </DisjointClasses>
    <DisjointClasses>
        <Class IRI="http://ontology.neuinfo.org/NIF/Backend/OBO_annotation_properties.owl#EnumerationClass"/>
        <Class IRI="#cno_0000176"/>
    </DisjointClasses>
    <DisjointClasses>
        <Class IRI="http://ontology.neuinfo.org/NIF/Backend/OBO_annotation_properties.owl#EnumerationClass"/>
        <Class IRI="http://www.w3.org/2004/02/skos/core#Collection"/>
    </DisjointClasses>
    <DisjointClasses>
        <Class IRI="http://ontology.neuinfo.org/NIF/Backend/OBO_annotation_properties.owl#EnumerationClass"/>
        <Class IRI="http://www.w3.org/2004/02/skos/core#Concept"/>
    </DisjointClasses>
    <DisjointClasses>
        <Class IRI="http://ontology.neuinfo.org/NIF/Backend/OBO_annotation_properties.owl#EnumerationClass"/>
        <Class IRI="http://www.w3.org/2004/02/skos/core#ConceptScheme"/>
    </DisjointClasses>
    <DisjointClasses>
        <Class IRI="#cno_0000001"/>
        <Class IRI="http://www.w3.org/2004/02/skos/core#Collection"/>
    </DisjointClasses>
    <DisjointClasses>
        <Class IRI="#cno_0000001"/>
        <Class IRI="http://www.w3.org/2004/02/skos/core#Concept"/>
    </DisjointClasses>
    <DisjointClasses>
        <Class IRI="#cno_0000001"/>
        <Class IRI="http://www.w3.org/2004/02/skos/core#ConceptScheme"/>
    </DisjointClasses>
    <DisjointClasses>
        <Class IRI="#cno_0000002"/>
        <Class IRI="http://www.w3.org/2004/02/skos/core#Collection"/>
    </DisjointClasses>
    <DisjointClasses>
        <Class IRI="#cno_0000002"/>
        <Class IRI="http://www.w3.org/2004/02/skos/core#Concept"/>
    </DisjointClasses>
    <DisjointClasses>
        <Class IRI="#cno_0000002"/>
        <Class IRI="http://www.w3.org/2004/02/skos/core#ConceptScheme"/>
    </DisjointClasses>
    <DisjointClasses>
        <Class IRI="#cno_0000003"/>
        <Class IRI="http://www.w3.org/2004/02/skos/core#Collection"/>
    </DisjointClasses>
    <DisjointClasses>
        <Class IRI="#cno_0000003"/>
        <Class IRI="http://www.w3.org/2004/02/skos/core#Concept"/>
    </DisjointClasses>
    <DisjointClasses>
        <Class IRI="#cno_0000003"/>
        <Class IRI="http://www.w3.org/2004/02/skos/core#ConceptScheme"/>
    </DisjointClasses>
    <DisjointClasses>
        <Class IRI="#cno_0000004"/>
        <Class IRI="http://www.w3.org/2004/02/skos/core#Collection"/>
    </DisjointClasses>
    <DisjointClasses>
        <Class IRI="#cno_0000004"/>
        <Class IRI="http://www.w3.org/2004/02/skos/core#Concept"/>
    </DisjointClasses>
    <DisjointClasses>
        <Class IRI="#cno_0000004"/>
        <Class IRI="http://www.w3.org/2004/02/skos/core#ConceptScheme"/>
    </DisjointClasses>
    <DisjointClasses>
        <Class IRI="#cno_0000017"/>
        <Class IRI="#cno_0000018"/>
    </DisjointClasses>
    <DisjointClasses>
        <Class IRI="#cno_0000026"/>
        <Class IRI="#cno_0000027"/>
    </DisjointClasses>
    <DisjointClasses>
        <Class IRI="#cno_0000031"/>
        <Class IRI="#cno_0000032"/>
    </DisjointClasses>
    <DisjointClasses>
        <Class IRI="#cno_0000040"/>
        <Class IRI="http://www.w3.org/2004/02/skos/core#Collection"/>
    </DisjointClasses>
    <DisjointClasses>
        <Class IRI="#cno_0000040"/>
        <Class IRI="http://www.w3.org/2004/02/skos/core#Concept"/>
    </DisjointClasses>
    <DisjointClasses>
        <Class IRI="#cno_0000040"/>
        <Class IRI="http://www.w3.org/2004/02/skos/core#ConceptScheme"/>
    </DisjointClasses>
    <DisjointClasses>
        <Class IRI="#cno_0000060"/>
        <Class IRI="http://www.w3.org/2004/02/skos/core#Collection"/>
    </DisjointClasses>
    <DisjointClasses>
        <Class IRI="#cno_0000060"/>
        <Class IRI="http://www.w3.org/2004/02/skos/core#Concept"/>
    </DisjointClasses>
    <DisjointClasses>
        <Class IRI="#cno_0000060"/>
        <Class IRI="http://www.w3.org/2004/02/skos/core#ConceptScheme"/>
    </DisjointClasses>
    <DisjointClasses>
        <Class IRI="#cno_0000174"/>
        <Class IRI="http://www.w3.org/2004/02/skos/core#Collection"/>
    </DisjointClasses>
    <DisjointClasses>
        <Class IRI="#cno_0000174"/>
        <Class IRI="http://www.w3.org/2004/02/skos/core#Concept"/>
    </DisjointClasses>
    <DisjointClasses>
        <Class IRI="#cno_0000174"/>
        <Class IRI="http://www.w3.org/2004/02/skos/core#ConceptScheme"/>
    </DisjointClasses>
    <DisjointClasses>
        <Class IRI="#cno_0000175"/>
        <Class IRI="http://www.w3.org/2004/02/skos/core#Collection"/>
    </DisjointClasses>
    <DisjointClasses>
        <Class IRI="#cno_0000175"/>
        <Class IRI="http://www.w3.org/2004/02/skos/core#Concept"/>
    </DisjointClasses>
    <DisjointClasses>
        <Class IRI="#cno_0000175"/>
        <Class IRI="http://www.w3.org/2004/02/skos/core#ConceptScheme"/>
    </DisjointClasses>
    <DisjointClasses>
        <Class IRI="#cno_0000176"/>
        <Class IRI="http://www.w3.org/2004/02/skos/core#Collection"/>
    </DisjointClasses>
    <DisjointClasses>
        <Class IRI="#cno_0000176"/>
        <Class IRI="http://www.w3.org/2004/02/skos/core#Concept"/>
    </DisjointClasses>
    <DisjointClasses>
        <Class IRI="#cno_0000176"/>
        <Class IRI="http://www.w3.org/2004/02/skos/core#ConceptScheme"/>
    </DisjointClasses>
    <DisjointClasses>
        <Class IRI="http://www.w3.org/2004/02/skos/core#Collection"/>
        <Class IRI="http://www.w3.org/2004/02/skos/core#Concept"/>
    </DisjointClasses>
    <DisjointClasses>
        <Class IRI="http://www.w3.org/2004/02/skos/core#Collection"/>
        <Class IRI="http://www.w3.org/2004/02/skos/core#ConceptScheme"/>
    </DisjointClasses>
    <DisjointClasses>
        <Class IRI="http://www.w3.org/2004/02/skos/core#Concept"/>
        <Class IRI="http://www.w3.org/2004/02/skos/core#ConceptScheme"/>
    </DisjointClasses>
    <SubObjectPropertyOf>
        <ObjectProperty IRI="http://www.w3.org/2004/02/skos/core#broadMatch"/>
        <ObjectProperty IRI="http://www.w3.org/2004/02/skos/core#broader"/>
    </SubObjectPropertyOf>
    <SubObjectPropertyOf>
        <ObjectProperty IRI="http://www.w3.org/2004/02/skos/core#broadMatch"/>
        <ObjectProperty IRI="http://www.w3.org/2004/02/skos/core#mappingRelation"/>
    </SubObjectPropertyOf>
    <SubObjectPropertyOf>
        <ObjectProperty IRI="http://www.w3.org/2004/02/skos/core#broader"/>
        <ObjectProperty IRI="http://www.w3.org/2004/02/skos/core#broaderTransitive"/>
    </SubObjectPropertyOf>
    <SubObjectPropertyOf>
        <ObjectProperty IRI="http://www.w3.org/2004/02/skos/core#broaderTransitive"/>
        <ObjectProperty IRI="http://www.w3.org/2004/02/skos/core#semanticRelation"/>
    </SubObjectPropertyOf>
    <SubObjectPropertyOf>
        <ObjectProperty IRI="http://www.w3.org/2004/02/skos/core#closeMatch"/>
        <ObjectProperty IRI="http://www.w3.org/2004/02/skos/core#mappingRelation"/>
    </SubObjectPropertyOf>
    <SubObjectPropertyOf>
        <ObjectProperty IRI="http://www.w3.org/2004/02/skos/core#exactMatch"/>
        <ObjectProperty IRI="http://www.w3.org/2004/02/skos/core#closeMatch"/>
    </SubObjectPropertyOf>
    <SubObjectPropertyOf>
        <ObjectProperty IRI="http://www.w3.org/2004/02/skos/core#mappingRelation"/>
        <ObjectProperty IRI="http://www.w3.org/2004/02/skos/core#semanticRelation"/>
    </SubObjectPropertyOf>
    <SubObjectPropertyOf>
        <ObjectProperty IRI="http://www.w3.org/2004/02/skos/core#narrowMatch"/>
        <ObjectProperty IRI="http://www.w3.org/2004/02/skos/core#mappingRelation"/>
    </SubObjectPropertyOf>
    <SubObjectPropertyOf>
        <ObjectProperty IRI="http://www.w3.org/2004/02/skos/core#narrowMatch"/>
        <ObjectProperty IRI="http://www.w3.org/2004/02/skos/core#narrower"/>
    </SubObjectPropertyOf>
    <SubObjectPropertyOf>
        <ObjectProperty IRI="http://www.w3.org/2004/02/skos/core#narrower"/>
        <ObjectProperty IRI="http://www.w3.org/2004/02/skos/core#narrowerTransitive"/>
    </SubObjectPropertyOf>
    <SubObjectPropertyOf>
        <ObjectProperty IRI="http://www.w3.org/2004/02/skos/core#narrowerTransitive"/>
        <ObjectProperty IRI="http://www.w3.org/2004/02/skos/core#semanticRelation"/>
    </SubObjectPropertyOf>
    <SubObjectPropertyOf>
        <ObjectProperty IRI="http://www.w3.org/2004/02/skos/core#related"/>
        <ObjectProperty IRI="http://www.w3.org/2004/02/skos/core#semanticRelation"/>
    </SubObjectPropertyOf>
    <SubObjectPropertyOf>
        <ObjectProperty IRI="http://www.w3.org/2004/02/skos/core#relatedMatch"/>
        <ObjectProperty IRI="http://www.w3.org/2004/02/skos/core#mappingRelation"/>
    </SubObjectPropertyOf>
    <SubObjectPropertyOf>
        <ObjectProperty IRI="http://www.w3.org/2004/02/skos/core#relatedMatch"/>
        <ObjectProperty IRI="http://www.w3.org/2004/02/skos/core#related"/>
    </SubObjectPropertyOf>
    <SubObjectPropertyOf>
        <ObjectProperty IRI="http://www.w3.org/2004/02/skos/core#topConceptOf"/>
        <ObjectProperty IRI="http://www.w3.org/2004/02/skos/core#inScheme"/>
    </SubObjectPropertyOf>
    <InverseObjectProperties>
        <ObjectProperty IRI="http://www.w3.org/2004/02/skos/core#broadMatch"/>
        <ObjectProperty IRI="http://www.w3.org/2004/02/skos/core#narrowMatch"/>
    </InverseObjectProperties>
    <InverseObjectProperties>
        <ObjectProperty IRI="http://www.w3.org/2004/02/skos/core#broader"/>
        <ObjectProperty IRI="http://www.w3.org/2004/02/skos/core#narrower"/>
    </InverseObjectProperties>
    <InverseObjectProperties>
        <ObjectProperty IRI="http://www.w3.org/2004/02/skos/core#broaderTransitive"/>
        <ObjectProperty IRI="http://www.w3.org/2004/02/skos/core#narrowerTransitive"/>
    </InverseObjectProperties>
    <InverseObjectProperties>
        <ObjectProperty IRI="http://www.w3.org/2004/02/skos/core#hasTopConcept"/>
        <ObjectProperty IRI="http://www.w3.org/2004/02/skos/core#topConceptOf"/>
    </InverseObjectProperties>
    <FunctionalObjectProperty>
        <ObjectProperty IRI="http://www.w3.org/2004/02/skos/core#memberList"/>
    </FunctionalObjectProperty>
    <SymmetricObjectProperty>
        <ObjectProperty IRI="http://www.w3.org/2004/02/skos/core#closeMatch"/>
    </SymmetricObjectProperty>
    <SymmetricObjectProperty>
        <ObjectProperty IRI="http://www.w3.org/2004/02/skos/core#exactMatch"/>
    </SymmetricObjectProperty>
    <SymmetricObjectProperty>
        <ObjectProperty IRI="http://www.w3.org/2004/02/skos/core#related"/>
    </SymmetricObjectProperty>
    <SymmetricObjectProperty>
        <ObjectProperty IRI="http://www.w3.org/2004/02/skos/core#relatedMatch"/>
    </SymmetricObjectProperty>
    <TransitiveObjectProperty>
        <ObjectProperty IRI="http://www.w3.org/2004/02/skos/core#broaderTransitive"/>
    </TransitiveObjectProperty>
    <TransitiveObjectProperty>
        <ObjectProperty IRI="http://www.w3.org/2004/02/skos/core#exactMatch"/>
    </TransitiveObjectProperty>
    <TransitiveObjectProperty>
        <ObjectProperty IRI="http://www.w3.org/2004/02/skos/core#narrowerTransitive"/>
    </TransitiveObjectProperty>
    <ObjectPropertyDomain>
        <ObjectProperty IRI="http://www.w3.org/2004/02/skos/core#hasTopConcept"/>
        <Class IRI="http://www.w3.org/2004/02/skos/core#ConceptScheme"/>
    </ObjectPropertyDomain>
    <ObjectPropertyDomain>
        <ObjectProperty IRI="http://www.w3.org/2004/02/skos/core#member"/>
        <Class IRI="http://www.w3.org/2004/02/skos/core#Collection"/>
    </ObjectPropertyDomain>
    <ObjectPropertyDomain>
        <ObjectProperty IRI="http://www.w3.org/2004/02/skos/core#memberList"/>
        <Class IRI="http://www.w3.org/2004/02/skos/core#OrderedCollection"/>
    </ObjectPropertyDomain>
    <ObjectPropertyDomain>
        <ObjectProperty IRI="http://www.w3.org/2004/02/skos/core#semanticRelation"/>
        <Class IRI="http://www.w3.org/2004/02/skos/core#Concept"/>
    </ObjectPropertyDomain>
    <ObjectPropertyDomain>
        <ObjectProperty IRI="http://www.w3.org/2004/02/skos/core#topConceptOf"/>
        <Class IRI="http://www.w3.org/2004/02/skos/core#Concept"/>
    </ObjectPropertyDomain>
    <ObjectPropertyRange>
        <ObjectProperty IRI="http://www.w3.org/2004/02/skos/core#hasTopConcept"/>
        <Class IRI="http://www.w3.org/2004/02/skos/core#Concept"/>
    </ObjectPropertyRange>
    <ObjectPropertyRange>
        <ObjectProperty IRI="http://www.w3.org/2004/02/skos/core#inScheme"/>
        <Class IRI="http://www.w3.org/2004/02/skos/core#ConceptScheme"/>
    </ObjectPropertyRange>
    <ObjectPropertyRange>
        <ObjectProperty IRI="http://www.w3.org/2004/02/skos/core#member"/>
        <ObjectUnionOf>
            <Class IRI="http://www.w3.org/2004/02/skos/core#Collection"/>
            <Class IRI="http://www.w3.org/2004/02/skos/core#Concept"/>
        </ObjectUnionOf>
    </ObjectPropertyRange>
    <ObjectPropertyRange>
        <ObjectProperty IRI="http://www.w3.org/2004/02/skos/core#memberList"/>
        <Class abbreviatedIRI="rdf:List"/>
    </ObjectPropertyRange>
    <ObjectPropertyRange>
        <ObjectProperty IRI="http://www.w3.org/2004/02/skos/core#semanticRelation"/>
        <Class IRI="http://www.w3.org/2004/02/skos/core#Concept"/>
    </ObjectPropertyRange>
    <ObjectPropertyRange>
        <ObjectProperty IRI="http://www.w3.org/2004/02/skos/core#topConceptOf"/>
        <Class IRI="http://www.w3.org/2004/02/skos/core#ConceptScheme"/>
    </ObjectPropertyRange>
    <DataPropertyDomain>
        <DataProperty IRI="#cno_0000193"/>
        <Class IRI="http://www.ifomis.org/bfo/1.1/snap#GenericallyDependentContinuant"/>
    </DataPropertyDomain>
    <DataPropertyDomain>
        <DataProperty IRI="#cno_0000204"/>
        <Class IRI="http://www.ifomis.org/bfo/1.1/snap#GenericallyDependentContinuant"/>
    </DataPropertyDomain>
    <DataPropertyRange>
        <DataProperty IRI="#cno_0000193"/>
        <Datatype abbreviatedIRI="xsd:string"/>
    </DataPropertyRange>
    <DataPropertyRange>
        <DataProperty IRI="#cno_0000204"/>
        <Datatype abbreviatedIRI="xsd:string"/>
    </DataPropertyRange>
</Ontology>



<!-- Generated by the OWL API (version 4.2.8) https://github.com/owlcs/owlapi -->

