<?xml version="1.0"?>
<Ontology xmlns="http://www.w3.org/2002/07/owl#"
     xml:base="http://www.semanticweb.org/lfierro/ontologies/2016/11/tagging_skos.owl"
     xmlns:rdf="http://www.w3.org/1999/02/22-rdf-syntax-ns#"
     xmlns:xml="http://www.w3.org/XML/1998/namespace"
     xmlns:xsd="http://www.w3.org/2001/XMLSchema#"
     xmlns:rdfs="http://www.w3.org/2000/01/rdf-schema#"
     ontologyIRI="http://www.semanticweb.org/lfierro/ontologies/2016/11/tagging_skos.owl">
    <Prefix name="owl" IRI="http://www.w3.org/2002/07/owl#"/>
    <Prefix name="rdf" IRI="http://www.w3.org/1999/02/22-rdf-syntax-ns#"/>
    <Prefix name="xml" IRI="http://www.w3.org/XML/1998/namespace"/>
    <Prefix name="xsd" IRI="http://www.w3.org/2001/XMLSchema#"/>
    <Prefix name="rdfs" IRI="http://www.w3.org/2000/01/rdf-schema#"/>
    <Declaration>
        <NamedIndividual IRI="#data_integration"/>
    </Declaration>
    <Declaration>
        <NamedIndividual IRI="#streaming_data"/>
    </Declaration>
    <Declaration>
        <Class IRI="http://www.w3.org/2004/02/skos/core#Collection"/>
    </Declaration>
    <Declaration>
        <NamedIndividual IRI="#probabilistic_graphical_model"/>
    </Declaration>
    <Declaration>
        <NamedIndividual IRI="http://www.semanticweb.org/lfierro/ontologies/2016/11/untitled-ontology-7#OWLNamedIndividual_93089e89_c558_4cd5_889f_eea1f6071426"/>
    </Declaration>
    <Declaration>
        <NamedIndividual IRI="#psychology"/>
    </Declaration>
    <Declaration>
        <NamedIndividual IRI="#structural_biology"/>
    </Declaration>
    <Declaration>
        <NamedIndividual IRI="#GIS"/>
    </Declaration>
    <Declaration>
        <NamedIndividual IRI="#NoSQL"/>
    </Declaration>
    <Declaration>
        <NamedIndividual IRI="#regression"/>
    </Declaration>
    <Declaration>
        <NamedIndividual IRI="#association_rule_learning"/>
    </Declaration>
    <Declaration>
        <NamedIndividual IRI="#developmental_biology"/>
    </Declaration>
    <Declaration>
        <NamedIndividual IRI="#marketing_analytics"/>
    </Declaration>
    <Declaration>
        <ObjectProperty IRI="http://www.w3.org/2004/02/skos/core#closeMatch"/>
    </Declaration>
    <Declaration>
        <NamedIndividual IRI="#cloud_computing"/>
    </Declaration>
    <Declaration>
        <NamedIndividual IRI="#machine_learning"/>
    </Declaration>
    <Declaration>
        <NamedIndividual IRI="#JSON"/>
    </Declaration>
    <Declaration>
        <NamedIndividual IRI="#graph_database"/>
    </Declaration>
    <Declaration>
        <NamedIndividual IRI="#programming"/>
    </Declaration>
    <Declaration>
        <NamedIndividual IRI="http://www.semanticweb.org/lfierro/ontologies/2016/11/untitled-ontology-7#OWLNamedIndividual_a1233459_f7da_4119_aaef_8d750124acb7"/>
    </Declaration>
    <Declaration>
        <NamedIndividual IRI="http://www.semanticweb.org/lfierro/ontologies/2016/11/untitled-ontology-7#OWLNamedIndividual_0a456a6a_5b67_4adf_9424_2cabd941812b"/>
    </Declaration>
    <Declaration>
        <NamedIndividual IRI="#neural_networks"/>
    </Declaration>
    <Declaration>
        <NamedIndividual IRI="#public_health_epidemiology"/>
    </Declaration>
    <Declaration>
        <ObjectProperty IRI="http://www.w3.org/2004/02/skos/core#inScheme"/>
    </Declaration>
    <Declaration>
        <NamedIndividual IRI="#information_retrieval"/>
    </Declaration>
    <Declaration>
        <NamedIndividual IRI="#data_analysis"/>
    </Declaration>
    <Declaration>
        <NamedIndividual IRI="#proteomics"/>
    </Declaration>
    <Declaration>
        <NamedIndividual IRI="#reproducibility"/>
    </Declaration>
    <Declaration>
        <NamedIndividual IRI="#chemical_biology"/>
    </Declaration>
    <Declaration>
        <NamedIndividual IRI="#precision_medicine"/>
    </Declaration>
    <Declaration>
        <NamedIndividual IRI="#databases"/>
    </Declaration>
    <Declaration>
        <NamedIndividual IRI="#text_data"/>
    </Declaration>
    <Declaration>
        <Class IRI="http://www.w3.org/2004/02/skos/core#ConceptScheme"/>
    </Declaration>
    <Declaration>
        <ObjectProperty IRI="http://www.w3.org/2004/02/skos/core#mappingRelation"/>
    </Declaration>
    <Declaration>
        <NamedIndividual IRI="#engineering"/>
    </Declaration>
    <Declaration>
        <NamedIndividual IRI="#data_exploration"/>
    </Declaration>
    <Declaration>
        <ObjectProperty IRI="http://www.w3.org/2004/02/skos/core#related"/>
    </Declaration>
    <Declaration>
        <NamedIndividual IRI="#business_analytics"/>
    </Declaration>
    <Declaration>
        <NamedIndividual IRI="#dimensionality_reduction"/>
    </Declaration>
    <Declaration>
        <NamedIndividual IRI="http://www.semanticweb.org/lfierro/ontologies/2016/11/untitled-ontology-7#OWLNamedIndividual_269604c6_8c1e_4835_aebe_ed2c14f435fa"/>
    </Declaration>
    <Declaration>
        <NamedIndividual IRI="#high_performance_computing"/>
    </Declaration>
    <Declaration>
        <NamedIndividual IRI="#electronic_health_records"/>
    </Declaration>
    <Declaration>
        <ObjectProperty IRI="http://www.w3.org/2004/02/skos/core#exactMatch"/>
    </Declaration>
    <Declaration>
        <NamedIndividual IRI="#resource_format"/>
    </Declaration>
    <Declaration>
        <NamedIndividual IRI="#clustering"/>
    </Declaration>
    <Declaration>
        <NamedIndividual IRI="#active_learning"/>
    </Declaration>
    <Declaration>
        <NamedIndividual IRI="#XML"/>
    </Declaration>
    <Declaration>
        <NamedIndividual IRI="http://www.semanticweb.org/lfierro/ontologies/2016/11/untitled-ontology-7#OWLNamedIndividual_55c0677c_69e0_49b9_b310_370cce892e3f"/>
    </Declaration>
    <Declaration>
        <NamedIndividual IRI="#computer_science"/>
    </Declaration>
    <Declaration>
        <NamedIndividual IRI="#mathematics"/>
    </Declaration>
    <Declaration>
        <NamedIndividual IRI="#introductory"/>
    </Declaration>
    <Declaration>
        <NamedIndividual IRI="#genomic_proteomic_data"/>
    </Declaration>
    <Declaration>
        <NamedIndividual IRI="#artificial_intelligence"/>
    </Declaration>
    <Declaration>
        <NamedIndividual IRI="http://www.semanticweb.org/lfierro/ontologies/2016/11/untitled-ontology-7#OWLNamedIndividual_4200c561_07ca_490e_bba4_5f1a62f7cd26"/>
    </Declaration>
    <Declaration>
        <NamedIndividual IRI="#deep_learning"/>
    </Declaration>
    <Declaration>
        <ObjectProperty IRI="http://www.w3.org/2004/02/skos/core#broadMatch"/>
    </Declaration>
    <Declaration>
        <Class abbreviatedIRI="rdf:List"/>
    </Declaration>
    <Declaration>
        <ObjectProperty IRI="http://www.w3.org/2004/02/skos/core#hasTopConcept"/>
    </Declaration>
    <Declaration>
        <NamedIndividual IRI="#unsupervised_learning"/>
    </Declaration>
    <Declaration>
        <NamedIndividual IRI="#optimization"/>
    </Declaration>
    <Declaration>
        <NamedIndividual IRI="http://www.semanticweb.org/lfierro/ontologies/2016/11/untitled-ontology-7#OWLNamedIndividual_71d43dce_cc05_4972_bdd9_da38d76b85f8"/>
    </Declaration>
    <Declaration>
        <NamedIndividual IRI="#arts_humanities"/>
    </Declaration>
    <Declaration>
        <NamedIndividual IRI="#security"/>
    </Declaration>
    <Declaration>
        <NamedIndividual IRI="#ecology"/>
    </Declaration>
    <Declaration>
        <NamedIndividual IRI="#mobile_devices"/>
    </Declaration>
    <Declaration>
        <NamedIndividual IRI="#kernel_methods"/>
    </Declaration>
    <Declaration>
        <NamedIndividual IRI="#neuroimaging"/>
    </Declaration>
    <Declaration>
        <NamedIndividual IRI="#HTML"/>
    </Declaration>
    <Declaration>
        <Class IRI="http://www.w3.org/2004/02/skos/core#OrderedCollection"/>
    </Declaration>
    <Declaration>
        <NamedIndividual IRI="#data_visualization"/>
    </Declaration>
    <Declaration>
        <NamedIndividual IRI="#ensemble_learning"/>
    </Declaration>
    <Declaration>
        <NamedIndividual IRI="#history"/>
    </Declaration>
    <Declaration>
        <NamedIndividual IRI="#data_collection"/>
    </Declaration>
    <Declaration>
        <NamedIndividual IRI="#cell_biology"/>
    </Declaration>
    <Declaration>
        <Class IRI="http://www.w3.org/2004/02/skos/core#Concept"/>
    </Declaration>
    <Declaration>
        <NamedIndividual IRI="#biology"/>
    </Declaration>
    <Declaration>
        <NamedIndividual IRI="#classification"/>
    </Declaration>
    <Declaration>
        <NamedIndividual IRI="#resource_depth"/>
    </Declaration>
    <Declaration>
        <NamedIndividual IRI="#supervised_learning"/>
    </Declaration>
    <Declaration>
        <NamedIndividual IRI="#recommender_system"/>
    </Declaration>
    <Declaration>
        <NamedIndividual IRI="#natural_language_processing"/>
    </Declaration>
    <Declaration>
        <NamedIndividual IRI="#markov_processes"/>
    </Declaration>
    <Declaration>
        <NamedIndividual IRI="#field"/>
    </Declaration>
    <Declaration>
        <NamedIndividual IRI="#image_data"/>
    </Declaration>
    <Declaration>
        <NamedIndividual IRI="#audio_data"/>
    </Declaration>
    <Declaration>
        <NamedIndividual IRI="#sensor_networks_iot"/>
    </Declaration>
    <Declaration>
        <ObjectProperty IRI="http://www.w3.org/2004/02/skos/core#narrowMatch"/>
    </Declaration>
    <Declaration>
        <ObjectProperty IRI="http://www.w3.org/2004/02/skos/core#broaderTransitive"/>
    </Declaration>
    <Declaration>
        <NamedIndividual IRI="#graph_analytics"/>
    </Declaration>
    <Declaration>
        <NamedIndividual IRI="#probability_statistics"/>
    </Declaration>
    <Declaration>
        <NamedIndividual IRI="#evolutionary_biology"/>
    </Declaration>
    <Declaration>
        <NamedIndividual IRI="#physiology"/>
    </Declaration>
    <Declaration>
        <NamedIndividual IRI="#graph_data"/>
    </Declaration>
    <Declaration>
        <NamedIndividual IRI="#neuroscience"/>
    </Declaration>
    <Declaration>
        <NamedIndividual IRI="#biotechnology"/>
    </Declaration>
    <Declaration>
        <NamedIndividual IRI="#relational_database"/>
    </Declaration>
    <Declaration>
        <NamedIndividual IRI="http://www.semanticweb.org/lfierro/ontologies/2016/11/untitled-ontology-7#OWLNamedIndividual_8ce856b3_7648_4ee9_9a64_51d76edac8c0"/>
    </Declaration>
    <Declaration>
        <NamedIndividual IRI="#spatial_data"/>
    </Declaration>
    <Declaration>
        <NamedIndividual IRI="#reinforcement_learning"/>
    </Declaration>
    <Declaration>
        <NamedIndividual IRI="#molecular_biology"/>
    </Declaration>
    <Declaration>
        <NamedIndividual IRI="#genetics"/>
    </Declaration>
    <Declaration>
        <NamedIndividual IRI="#economics"/>
    </Declaration>
    <Declaration>
        <NamedIndividual IRI="#medicine_healthcare"/>
    </Declaration>
    <Declaration>
        <NamedIndividual IRI="http://www.semanticweb.org/lfierro/ontologies/2016/11/untitled-ontology-7#OWLNamedIndividual_57129975_5b62_4de9_8b77_0454592e1233"/>
    </Declaration>
    <Declaration>
        <NamedIndividual IRI="#datatype"/>
    </Declaration>
    <Declaration>
        <NamedIndividual IRI="#chemistry"/>
    </Declaration>
    <Declaration>
        <NamedIndividual IRI="#bioinformatics_computational_biology"/>
    </Declaration>
    <Declaration>
        <NamedIndividual IRI="#causality"/>
    </Declaration>
    <Declaration>
        <NamedIndividual IRI="#written_document"/>
    </Declaration>
    <Declaration>
        <NamedIndividual IRI="#research_methodology"/>
    </Declaration>
    <Declaration>
        <NamedIndividual IRI="#pharmacology_drug_discovery"/>
    </Declaration>
    <Declaration>
        <ObjectProperty IRI="http://www.w3.org/2004/02/skos/core#relatedMatch"/>
    </Declaration>
    <Declaration>
        <NamedIndividual IRI="#tabular_data"/>
    </Declaration>
    <Declaration>
        <NamedIndividual IRI="#knowledge_representation"/>
    </Declaration>
    <Declaration>
        <NamedIndividual IRI="#parallel_database"/>
    </Declaration>
    <Declaration>
        <ObjectProperty IRI="http://www.w3.org/2004/02/skos/core#broader"/>
    </Declaration>
    <Declaration>
        <NamedIndividual IRI="#linear_algebra"/>
    </Declaration>
    <Declaration>
        <ObjectProperty IRI="http://www.w3.org/2004/02/skos/core#narrower"/>
    </Declaration>
    <Declaration>
        <NamedIndividual IRI="#time_series_data"/>
    </Declaration>
    <Declaration>
        <NamedIndividual IRI="#video"/>
    </Declaration>
    <Declaration>
        <ObjectProperty IRI="http://www.w3.org/2004/02/skos/core#narrowerTransitive"/>
    </Declaration>
    <Declaration>
        <NamedIndividual IRI="http://www.semanticweb.org/lfierro/ontologies/2016/11/untitled-ontology-7#OWLNamedIndividual_4dc34b91_ec02_4b5d_9e1e_5e8cfde93737"/>
    </Declaration>
    <Declaration>
        <NamedIndividual IRI="#video_data"/>
    </Declaration>
    <Declaration>
        <NamedIndividual IRI="#topic_model"/>
    </Declaration>
    <Declaration>
        <ObjectProperty IRI="http://www.w3.org/2004/02/skos/core#topConceptOf"/>
    </Declaration>
    <Declaration>
        <NamedIndividual IRI="#social_media_analysis"/>
    </Declaration>
    <Declaration>
        <ObjectProperty IRI="http://www.w3.org/2004/02/skos/core#member"/>
    </Declaration>
    <Declaration>
        <NamedIndividual IRI="#data_cleaning"/>
    </Declaration>
    <Declaration>
        <NamedIndividual IRI="http://www.semanticweb.org/lfierro/ontologies/2016/11/untitled-ontology-7#OWLNamedIndividual_28ca14e3_051a_4f6f_a963_dd895e6eb6a7"/>
    </Declaration>
    <Declaration>
        <NamedIndividual IRI="http://www.semanticweb.org/lfierro/ontologies/2016/11/untitled-ontology-7#OWLNamedIndividual_0df5a9a0_42d9_40a0_a883_8c0847e893db"/>
    </Declaration>
    <Declaration>
        <ObjectProperty IRI="http://www.w3.org/2004/02/skos/core#semanticRelation"/>
    </Declaration>
    <Declaration>
        <NamedIndividual IRI="#monte_carlo_methods"/>
    </Declaration>
    <Declaration>
        <NamedIndividual IRI="#advanced"/>
    </Declaration>
    <Declaration>
        <ObjectProperty IRI="http://www.w3.org/2004/02/skos/core#memberList"/>
    </Declaration>
    <Declaration>
        <NamedIndividual IRI="http://www.semanticweb.org/lfierro/ontologies/2016/11/untitled-ontology-7#OWLNamedIndividual_91d4c5e5_3484_40fb_9349_51c0b4d05def"/>
    </Declaration>
    <Declaration>
        <NamedIndividual IRI="#data_science_process"/>
    </Declaration>
    <Declaration>
        <NamedIndividual IRI="#ethics"/>
    </Declaration>
    <Declaration>
        <NamedIndividual IRI="#physics"/>
    </Declaration>
    <Declaration>
        <NamedIndividual IRI="#bayesian_methods"/>
    </Declaration>
    <Declaration>
        <NamedIndividual IRI="#education"/>
    </Declaration>
    <Declaration>
        <NamedIndividual IRI="#big_data"/>
    </Declaration>
    <Declaration>
        <NamedIndividual IRI="#gaussian_processes"/>
    </Declaration>
    <Declaration>
        <NamedIndividual IRI="#RDF"/>
    </Declaration>
    <SubClassOf>
        <Class IRI="http://www.w3.org/2004/02/skos/core#OrderedCollection"/>
        <Class IRI="http://www.w3.org/2004/02/skos/core#Collection"/>
    </SubClassOf>
    <DisjointClasses>
        <Class IRI="http://www.w3.org/2004/02/skos/core#Collection"/>
        <Class IRI="http://www.w3.org/2004/02/skos/core#Concept"/>
    </DisjointClasses>
    <DisjointClasses>
        <Class IRI="http://www.w3.org/2004/02/skos/core#Collection"/>
        <Class IRI="http://www.w3.org/2004/02/skos/core#ConceptScheme"/>
    </DisjointClasses>
    <DisjointClasses>
        <Class IRI="http://www.w3.org/2004/02/skos/core#Concept"/>
        <Class IRI="http://www.w3.org/2004/02/skos/core#ConceptScheme"/>
    </DisjointClasses>
    <ClassAssertion>
        <Class IRI="http://www.w3.org/2004/02/skos/core#Concept"/>
        <NamedIndividual IRI="#GIS"/>
    </ClassAssertion>
    <ClassAssertion>
        <Class IRI="http://www.w3.org/2004/02/skos/core#Concept"/>
        <NamedIndividual IRI="#HTML"/>
    </ClassAssertion>
    <ClassAssertion>
        <Class IRI="http://www.w3.org/2004/02/skos/core#Concept"/>
        <NamedIndividual IRI="#JSON"/>
    </ClassAssertion>
    <ClassAssertion>
        <Class IRI="http://www.w3.org/2004/02/skos/core#Concept"/>
        <NamedIndividual IRI="#NoSQL"/>
    </ClassAssertion>
    <ClassAssertion>
        <Class IRI="http://www.w3.org/2004/02/skos/core#Concept"/>
        <NamedIndividual IRI="#RDF"/>
    </ClassAssertion>
    <ClassAssertion>
        <Class IRI="http://www.w3.org/2004/02/skos/core#Concept"/>
        <NamedIndividual IRI="#XML"/>
    </ClassAssertion>
    <ClassAssertion>
        <Class IRI="http://www.w3.org/2004/02/skos/core#Concept"/>
        <NamedIndividual IRI="#active_learning"/>
    </ClassAssertion>
    <ClassAssertion>
        <Class IRI="http://www.w3.org/2004/02/skos/core#Concept"/>
        <NamedIndividual IRI="#advanced"/>
    </ClassAssertion>
    <ClassAssertion>
        <Class IRI="http://www.w3.org/2004/02/skos/core#Concept"/>
        <NamedIndividual IRI="#artificial_intelligence"/>
    </ClassAssertion>
    <ClassAssertion>
        <Class IRI="http://www.w3.org/2004/02/skos/core#Concept"/>
        <NamedIndividual IRI="#arts_humanities"/>
    </ClassAssertion>
    <ClassAssertion>
        <Class IRI="http://www.w3.org/2004/02/skos/core#Concept"/>
        <NamedIndividual IRI="#association_rule_learning"/>
    </ClassAssertion>
    <ClassAssertion>
        <Class IRI="http://www.w3.org/2004/02/skos/core#Concept"/>
        <NamedIndividual IRI="#audio_data"/>
    </ClassAssertion>
    <ClassAssertion>
        <Class IRI="http://www.w3.org/2004/02/skos/core#Concept"/>
        <NamedIndividual IRI="#bayesian_methods"/>
    </ClassAssertion>
    <ClassAssertion>
        <Class IRI="http://www.w3.org/2004/02/skos/core#Concept"/>
        <NamedIndividual IRI="#big_data"/>
    </ClassAssertion>
    <ClassAssertion>
        <Class IRI="http://www.w3.org/2004/02/skos/core#Concept"/>
        <NamedIndividual IRI="#bioinformatics_computational_biology"/>
    </ClassAssertion>
    <ClassAssertion>
        <Class IRI="http://www.w3.org/2004/02/skos/core#Concept"/>
        <NamedIndividual IRI="#biology"/>
    </ClassAssertion>
    <ClassAssertion>
        <Class IRI="http://www.w3.org/2004/02/skos/core#Concept"/>
        <NamedIndividual IRI="#biotechnology"/>
    </ClassAssertion>
    <ClassAssertion>
        <Class IRI="http://www.w3.org/2004/02/skos/core#Concept"/>
        <NamedIndividual IRI="#business_analytics"/>
    </ClassAssertion>
    <ClassAssertion>
        <Class IRI="http://www.w3.org/2004/02/skos/core#Concept"/>
        <NamedIndividual IRI="#causality"/>
    </ClassAssertion>
    <ClassAssertion>
        <Class IRI="http://www.w3.org/2004/02/skos/core#Concept"/>
        <NamedIndividual IRI="#cell_biology"/>
    </ClassAssertion>
    <ClassAssertion>
        <Class IRI="http://www.w3.org/2004/02/skos/core#Concept"/>
        <NamedIndividual IRI="#chemical_biology"/>
    </ClassAssertion>
    <ClassAssertion>
        <Class IRI="http://www.w3.org/2004/02/skos/core#Concept"/>
        <NamedIndividual IRI="#chemistry"/>
    </ClassAssertion>
    <ClassAssertion>
        <Class IRI="http://www.w3.org/2004/02/skos/core#Concept"/>
        <NamedIndividual IRI="#classification"/>
    </ClassAssertion>
    <ClassAssertion>
        <Class IRI="http://www.w3.org/2004/02/skos/core#Concept"/>
        <NamedIndividual IRI="#cloud_computing"/>
    </ClassAssertion>
    <ClassAssertion>
        <Class IRI="http://www.w3.org/2004/02/skos/core#Concept"/>
        <NamedIndividual IRI="#clustering"/>
    </ClassAssertion>
    <ClassAssertion>
        <Class IRI="http://www.w3.org/2004/02/skos/core#Concept"/>
        <NamedIndividual IRI="#computer_science"/>
    </ClassAssertion>
    <ClassAssertion>
        <Class IRI="http://www.w3.org/2004/02/skos/core#Concept"/>
        <NamedIndividual IRI="#data_analysis"/>
    </ClassAssertion>
    <ClassAssertion>
        <Class IRI="http://www.w3.org/2004/02/skos/core#Concept"/>
        <NamedIndividual IRI="#data_cleaning"/>
    </ClassAssertion>
    <ClassAssertion>
        <Class IRI="http://www.w3.org/2004/02/skos/core#Concept"/>
        <NamedIndividual IRI="#data_collection"/>
    </ClassAssertion>
    <ClassAssertion>
        <Class IRI="http://www.w3.org/2004/02/skos/core#Concept"/>
        <NamedIndividual IRI="#data_exploration"/>
    </ClassAssertion>
    <ClassAssertion>
        <Class IRI="http://www.w3.org/2004/02/skos/core#Concept"/>
        <NamedIndividual IRI="#data_integration"/>
    </ClassAssertion>
    <ClassAssertion>
        <Class IRI="http://www.w3.org/2004/02/skos/core#Concept"/>
        <NamedIndividual IRI="#data_science_process"/>
    </ClassAssertion>
    <ClassAssertion>
        <Class IRI="http://www.w3.org/2004/02/skos/core#Concept"/>
        <NamedIndividual IRI="#data_visualization"/>
    </ClassAssertion>
    <ClassAssertion>
        <Class IRI="http://www.w3.org/2004/02/skos/core#Concept"/>
        <NamedIndividual IRI="#databases"/>
    </ClassAssertion>
    <ClassAssertion>
        <Class IRI="http://www.w3.org/2004/02/skos/core#Concept"/>
        <NamedIndividual IRI="#datatype"/>
    </ClassAssertion>
    <ClassAssertion>
        <Class IRI="http://www.w3.org/2004/02/skos/core#Concept"/>
        <NamedIndividual IRI="#deep_learning"/>
    </ClassAssertion>
    <ClassAssertion>
        <Class IRI="http://www.w3.org/2004/02/skos/core#Concept"/>
        <NamedIndividual IRI="#developmental_biology"/>
    </ClassAssertion>
    <ClassAssertion>
        <Class IRI="http://www.w3.org/2004/02/skos/core#Concept"/>
        <NamedIndividual IRI="#dimensionality_reduction"/>
    </ClassAssertion>
    <ClassAssertion>
        <Class IRI="http://www.w3.org/2004/02/skos/core#Concept"/>
        <NamedIndividual IRI="#ecology"/>
    </ClassAssertion>
    <ClassAssertion>
        <Class IRI="http://www.w3.org/2004/02/skos/core#Concept"/>
        <NamedIndividual IRI="#economics"/>
    </ClassAssertion>
    <ClassAssertion>
        <Class IRI="http://www.w3.org/2004/02/skos/core#Concept"/>
        <NamedIndividual IRI="#education"/>
    </ClassAssertion>
    <ClassAssertion>
        <Class IRI="http://www.w3.org/2004/02/skos/core#Concept"/>
        <NamedIndividual IRI="#electronic_health_records"/>
    </ClassAssertion>
    <ClassAssertion>
        <Class IRI="http://www.w3.org/2004/02/skos/core#Concept"/>
        <NamedIndividual IRI="#engineering"/>
    </ClassAssertion>
    <ClassAssertion>
        <Class IRI="http://www.w3.org/2004/02/skos/core#Concept"/>
        <NamedIndividual IRI="#ensemble_learning"/>
    </ClassAssertion>
    <ClassAssertion>
        <Class IRI="http://www.w3.org/2004/02/skos/core#Concept"/>
        <NamedIndividual IRI="#ethics"/>
    </ClassAssertion>
    <ClassAssertion>
        <Class IRI="http://www.w3.org/2004/02/skos/core#Concept"/>
        <NamedIndividual IRI="#evolutionary_biology"/>
    </ClassAssertion>
    <ClassAssertion>
        <Class IRI="http://www.w3.org/2004/02/skos/core#Concept"/>
        <NamedIndividual IRI="#field"/>
    </ClassAssertion>
    <ClassAssertion>
        <Class IRI="http://www.w3.org/2004/02/skos/core#Concept"/>
        <NamedIndividual IRI="#gaussian_processes"/>
    </ClassAssertion>
    <ClassAssertion>
        <Class IRI="http://www.w3.org/2004/02/skos/core#Concept"/>
        <NamedIndividual IRI="#genetics"/>
    </ClassAssertion>
    <ClassAssertion>
        <Class IRI="http://www.w3.org/2004/02/skos/core#Concept"/>
        <NamedIndividual IRI="#genomic_proteomic_data"/>
    </ClassAssertion>
    <ClassAssertion>
        <Class IRI="http://www.w3.org/2004/02/skos/core#Concept"/>
        <NamedIndividual IRI="#graph_analytics"/>
    </ClassAssertion>
    <ClassAssertion>
        <Class IRI="http://www.w3.org/2004/02/skos/core#Concept"/>
        <NamedIndividual IRI="#graph_data"/>
    </ClassAssertion>
    <ClassAssertion>
        <Class IRI="http://www.w3.org/2004/02/skos/core#Concept"/>
        <NamedIndividual IRI="#graph_database"/>
    </ClassAssertion>
    <ClassAssertion>
        <Class IRI="http://www.w3.org/2004/02/skos/core#Concept"/>
        <NamedIndividual IRI="#high_performance_computing"/>
    </ClassAssertion>
    <ClassAssertion>
        <Class IRI="http://www.w3.org/2004/02/skos/core#Concept"/>
        <NamedIndividual IRI="#history"/>
    </ClassAssertion>
    <ClassAssertion>
        <Class IRI="http://www.w3.org/2004/02/skos/core#Concept"/>
        <NamedIndividual IRI="#image_data"/>
    </ClassAssertion>
    <ClassAssertion>
        <Class IRI="http://www.w3.org/2004/02/skos/core#Concept"/>
        <NamedIndividual IRI="#information_retrieval"/>
    </ClassAssertion>
    <ClassAssertion>
        <Class IRI="http://www.w3.org/2004/02/skos/core#Concept"/>
        <NamedIndividual IRI="#introductory"/>
    </ClassAssertion>
    <ClassAssertion>
        <Class IRI="http://www.w3.org/2004/02/skos/core#Concept"/>
        <NamedIndividual IRI="#kernel_methods"/>
    </ClassAssertion>
    <ClassAssertion>
        <Class IRI="http://www.w3.org/2004/02/skos/core#Concept"/>
        <NamedIndividual IRI="#knowledge_representation"/>
    </ClassAssertion>
    <ClassAssertion>
        <Class IRI="http://www.w3.org/2004/02/skos/core#Concept"/>
        <NamedIndividual IRI="#linear_algebra"/>
    </ClassAssertion>
    <ClassAssertion>
        <Class IRI="http://www.w3.org/2004/02/skos/core#Concept"/>
        <NamedIndividual IRI="#machine_learning"/>
    </ClassAssertion>
    <ClassAssertion>
        <Class IRI="http://www.w3.org/2004/02/skos/core#Concept"/>
        <NamedIndividual IRI="#marketing_analytics"/>
    </ClassAssertion>
    <ClassAssertion>
        <Class IRI="http://www.w3.org/2004/02/skos/core#Concept"/>
        <NamedIndividual IRI="#markov_processes"/>
    </ClassAssertion>
    <ClassAssertion>
        <Class IRI="http://www.w3.org/2004/02/skos/core#Concept"/>
        <NamedIndividual IRI="#mathematics"/>
    </ClassAssertion>
    <ClassAssertion>
        <Class IRI="http://www.w3.org/2004/02/skos/core#Concept"/>
        <NamedIndividual IRI="#medicine_healthcare"/>
    </ClassAssertion>
    <ClassAssertion>
        <Class IRI="http://www.w3.org/2004/02/skos/core#Concept"/>
        <NamedIndividual IRI="#mobile_devices"/>
    </ClassAssertion>
    <ClassAssertion>
        <Class IRI="http://www.w3.org/2004/02/skos/core#Concept"/>
        <NamedIndividual IRI="#molecular_biology"/>
    </ClassAssertion>
    <ClassAssertion>
        <Class IRI="http://www.w3.org/2004/02/skos/core#Concept"/>
        <NamedIndividual IRI="#monte_carlo_methods"/>
    </ClassAssertion>
    <ClassAssertion>
        <Class IRI="http://www.w3.org/2004/02/skos/core#Concept"/>
        <NamedIndividual IRI="#natural_language_processing"/>
    </ClassAssertion>
    <ClassAssertion>
        <Class IRI="http://www.w3.org/2004/02/skos/core#Concept"/>
        <NamedIndividual IRI="#neural_networks"/>
    </ClassAssertion>
    <ClassAssertion>
        <Class IRI="http://www.w3.org/2004/02/skos/core#Concept"/>
        <NamedIndividual IRI="#neuroimaging"/>
    </ClassAssertion>
    <ClassAssertion>
        <Class IRI="http://www.w3.org/2004/02/skos/core#Concept"/>
        <NamedIndividual IRI="#neuroscience"/>
    </ClassAssertion>
    <ClassAssertion>
        <Class IRI="http://www.w3.org/2004/02/skos/core#Concept"/>
        <NamedIndividual IRI="#optimization"/>
    </ClassAssertion>
    <ClassAssertion>
        <Class IRI="http://www.w3.org/2004/02/skos/core#Concept"/>
        <NamedIndividual IRI="#parallel_database"/>
    </ClassAssertion>
    <ClassAssertion>
        <Class IRI="http://www.w3.org/2004/02/skos/core#Concept"/>
        <NamedIndividual IRI="#pharmacology_drug_discovery"/>
    </ClassAssertion>
    <ClassAssertion>
        <Class IRI="http://www.w3.org/2004/02/skos/core#Concept"/>
        <NamedIndividual IRI="#physics"/>
    </ClassAssertion>
    <ClassAssertion>
        <Class IRI="http://www.w3.org/2004/02/skos/core#Concept"/>
        <NamedIndividual IRI="#physiology"/>
    </ClassAssertion>
    <ClassAssertion>
        <Class IRI="http://www.w3.org/2004/02/skos/core#Concept"/>
        <NamedIndividual IRI="#precision_medicine"/>
    </ClassAssertion>
    <ClassAssertion>
        <Class IRI="http://www.w3.org/2004/02/skos/core#Concept"/>
        <NamedIndividual IRI="#probabilistic_graphical_model"/>
    </ClassAssertion>
    <ClassAssertion>
        <Class IRI="http://www.w3.org/2004/02/skos/core#Concept"/>
        <NamedIndividual IRI="#probability_statistics"/>
    </ClassAssertion>
    <ClassAssertion>
        <Class IRI="http://www.w3.org/2004/02/skos/core#Concept"/>
        <NamedIndividual IRI="#programming"/>
    </ClassAssertion>
    <ClassAssertion>
        <Class IRI="http://www.w3.org/2004/02/skos/core#Concept"/>
        <NamedIndividual IRI="#proteomics"/>
    </ClassAssertion>
    <ClassAssertion>
        <Class IRI="http://www.w3.org/2004/02/skos/core#Concept"/>
        <NamedIndividual IRI="#psychology"/>
    </ClassAssertion>
    <ClassAssertion>
        <Class IRI="http://www.w3.org/2004/02/skos/core#Concept"/>
        <NamedIndividual IRI="#public_health_epidemiology"/>
    </ClassAssertion>
    <ClassAssertion>
        <Class IRI="http://www.w3.org/2004/02/skos/core#Concept"/>
        <NamedIndividual IRI="#recommender_system"/>
    </ClassAssertion>
    <ClassAssertion>
        <Class IRI="http://www.w3.org/2004/02/skos/core#Concept"/>
        <NamedIndividual IRI="#regression"/>
    </ClassAssertion>
    <ClassAssertion>
        <Class IRI="http://www.w3.org/2004/02/skos/core#Concept"/>
        <NamedIndividual IRI="#reinforcement_learning"/>
    </ClassAssertion>
    <ClassAssertion>
        <Class IRI="http://www.w3.org/2004/02/skos/core#Concept"/>
        <NamedIndividual IRI="#relational_database"/>
    </ClassAssertion>
    <ClassAssertion>
        <Class IRI="http://www.w3.org/2004/02/skos/core#Concept"/>
        <NamedIndividual IRI="#reproducibility"/>
    </ClassAssertion>
    <ClassAssertion>
        <Class IRI="http://www.w3.org/2004/02/skos/core#Concept"/>
        <NamedIndividual IRI="#research_methodology"/>
    </ClassAssertion>
    <ClassAssertion>
        <Class IRI="http://www.w3.org/2004/02/skos/core#Concept"/>
        <NamedIndividual IRI="#resource_depth"/>
    </ClassAssertion>
    <ClassAssertion>
        <Class IRI="http://www.w3.org/2004/02/skos/core#Concept"/>
        <NamedIndividual IRI="#resource_format"/>
    </ClassAssertion>
    <ClassAssertion>
        <Class IRI="http://www.w3.org/2004/02/skos/core#Concept"/>
        <NamedIndividual IRI="#security"/>
    </ClassAssertion>
    <ClassAssertion>
        <Class IRI="http://www.w3.org/2004/02/skos/core#Concept"/>
        <NamedIndividual IRI="#sensor_networks_iot"/>
    </ClassAssertion>
    <ClassAssertion>
        <Class IRI="http://www.w3.org/2004/02/skos/core#Concept"/>
        <NamedIndividual IRI="#social_media_analysis"/>
    </ClassAssertion>
    <ClassAssertion>
        <Class IRI="http://www.w3.org/2004/02/skos/core#Concept"/>
        <NamedIndividual IRI="#spatial_data"/>
    </ClassAssertion>
    <ClassAssertion>
        <Class IRI="http://www.w3.org/2004/02/skos/core#Concept"/>
        <NamedIndividual IRI="#streaming_data"/>
    </ClassAssertion>
    <ClassAssertion>
        <Class IRI="http://www.w3.org/2004/02/skos/core#Concept"/>
        <NamedIndividual IRI="#structural_biology"/>
    </ClassAssertion>
    <ClassAssertion>
        <Class IRI="http://www.w3.org/2004/02/skos/core#Concept"/>
        <NamedIndividual IRI="#supervised_learning"/>
    </ClassAssertion>
    <ClassAssertion>
        <Class IRI="http://www.w3.org/2004/02/skos/core#Concept"/>
        <NamedIndividual IRI="#tabular_data"/>
    </ClassAssertion>
    <ClassAssertion>
        <Class IRI="http://www.w3.org/2004/02/skos/core#Concept"/>
        <NamedIndividual IRI="#text_data"/>
    </ClassAssertion>
    <ClassAssertion>
        <Class IRI="http://www.w3.org/2004/02/skos/core#Concept"/>
        <NamedIndividual IRI="#time_series_data"/>
    </ClassAssertion>
    <ClassAssertion>
        <Class IRI="http://www.w3.org/2004/02/skos/core#Concept"/>
        <NamedIndividual IRI="#topic_model"/>
    </ClassAssertion>
    <ClassAssertion>
        <Class IRI="http://www.w3.org/2004/02/skos/core#Concept"/>
        <NamedIndividual IRI="#unsupervised_learning"/>
    </ClassAssertion>
    <ClassAssertion>
        <Class IRI="http://www.w3.org/2004/02/skos/core#Concept"/>
        <NamedIndividual IRI="#video"/>
    </ClassAssertion>
    <ClassAssertion>
        <Class IRI="http://www.w3.org/2004/02/skos/core#Concept"/>
        <NamedIndividual IRI="#video_data"/>
    </ClassAssertion>
    <ClassAssertion>
        <Class IRI="http://www.w3.org/2004/02/skos/core#Concept"/>
        <NamedIndividual IRI="#written_document"/>
    </ClassAssertion>
    <ClassAssertion>
        <Class IRI="http://www.w3.org/2004/02/skos/core#Concept"/>
        <NamedIndividual IRI="http://www.semanticweb.org/lfierro/ontologies/2016/11/untitled-ontology-7#OWLNamedIndividual_0a456a6a_5b67_4adf_9424_2cabd941812b"/>
    </ClassAssertion>
    <ClassAssertion>
        <Class IRI="http://www.w3.org/2004/02/skos/core#Concept"/>
        <NamedIndividual IRI="http://www.semanticweb.org/lfierro/ontologies/2016/11/untitled-ontology-7#OWLNamedIndividual_0df5a9a0_42d9_40a0_a883_8c0847e893db"/>
    </ClassAssertion>
    <ClassAssertion>
        <Class IRI="http://www.w3.org/2004/02/skos/core#Concept"/>
        <NamedIndividual IRI="http://www.semanticweb.org/lfierro/ontologies/2016/11/untitled-ontology-7#OWLNamedIndividual_269604c6_8c1e_4835_aebe_ed2c14f435fa"/>
    </ClassAssertion>
    <ClassAssertion>
        <Class IRI="http://www.w3.org/2004/02/skos/core#Concept"/>
        <NamedIndividual IRI="http://www.semanticweb.org/lfierro/ontologies/2016/11/untitled-ontology-7#OWLNamedIndividual_28ca14e3_051a_4f6f_a963_dd895e6eb6a7"/>
    </ClassAssertion>
    <ClassAssertion>
        <Class IRI="http://www.w3.org/2004/02/skos/core#Concept"/>
        <NamedIndividual IRI="http://www.semanticweb.org/lfierro/ontologies/2016/11/untitled-ontology-7#OWLNamedIndividual_4200c561_07ca_490e_bba4_5f1a62f7cd26"/>
    </ClassAssertion>
    <ClassAssertion>
        <Class IRI="http://www.w3.org/2004/02/skos/core#Concept"/>
        <NamedIndividual IRI="http://www.semanticweb.org/lfierro/ontologies/2016/11/untitled-ontology-7#OWLNamedIndividual_4dc34b91_ec02_4b5d_9e1e_5e8cfde93737"/>
    </ClassAssertion>
    <ClassAssertion>
        <Class IRI="http://www.w3.org/2004/02/skos/core#Concept"/>
        <NamedIndividual IRI="http://www.semanticweb.org/lfierro/ontologies/2016/11/untitled-ontology-7#OWLNamedIndividual_55c0677c_69e0_49b9_b310_370cce892e3f"/>
    </ClassAssertion>
    <ClassAssertion>
        <Class IRI="http://www.w3.org/2004/02/skos/core#Concept"/>
        <NamedIndividual IRI="http://www.semanticweb.org/lfierro/ontologies/2016/11/untitled-ontology-7#OWLNamedIndividual_57129975_5b62_4de9_8b77_0454592e1233"/>
    </ClassAssertion>
    <ClassAssertion>
        <Class IRI="http://www.w3.org/2004/02/skos/core#Concept"/>
        <NamedIndividual IRI="http://www.semanticweb.org/lfierro/ontologies/2016/11/untitled-ontology-7#OWLNamedIndividual_71d43dce_cc05_4972_bdd9_da38d76b85f8"/>
    </ClassAssertion>
    <ClassAssertion>
        <Class IRI="http://www.w3.org/2004/02/skos/core#Concept"/>
        <NamedIndividual IRI="http://www.semanticweb.org/lfierro/ontologies/2016/11/untitled-ontology-7#OWLNamedIndividual_8ce856b3_7648_4ee9_9a64_51d76edac8c0"/>
    </ClassAssertion>
    <ClassAssertion>
        <Class IRI="http://www.w3.org/2004/02/skos/core#Concept"/>
        <NamedIndividual IRI="http://www.semanticweb.org/lfierro/ontologies/2016/11/untitled-ontology-7#OWLNamedIndividual_91d4c5e5_3484_40fb_9349_51c0b4d05def"/>
    </ClassAssertion>
    <ClassAssertion>
        <Class IRI="http://www.w3.org/2004/02/skos/core#Concept"/>
        <NamedIndividual IRI="http://www.semanticweb.org/lfierro/ontologies/2016/11/untitled-ontology-7#OWLNamedIndividual_93089e89_c558_4cd5_889f_eea1f6071426"/>
    </ClassAssertion>
    <ClassAssertion>
        <Class IRI="http://www.w3.org/2004/02/skos/core#Concept"/>
        <NamedIndividual IRI="http://www.semanticweb.org/lfierro/ontologies/2016/11/untitled-ontology-7#OWLNamedIndividual_a1233459_f7da_4119_aaef_8d750124acb7"/>
    </ClassAssertion>
    <ObjectPropertyAssertion>
        <ObjectProperty IRI="http://www.w3.org/2004/02/skos/core#broaderTransitive"/>
        <NamedIndividual IRI="#GIS"/>
        <NamedIndividual IRI="#spatial_data"/>
    </ObjectPropertyAssertion>
    <ObjectPropertyAssertion>
        <ObjectProperty IRI="http://www.w3.org/2004/02/skos/core#broaderTransitive"/>
        <NamedIndividual IRI="#HTML"/>
        <NamedIndividual IRI="#datatype"/>
    </ObjectPropertyAssertion>
    <ObjectPropertyAssertion>
        <ObjectProperty IRI="http://www.w3.org/2004/02/skos/core#broaderTransitive"/>
        <NamedIndividual IRI="#JSON"/>
        <NamedIndividual IRI="#datatype"/>
    </ObjectPropertyAssertion>
    <ObjectPropertyAssertion>
        <ObjectProperty IRI="http://www.w3.org/2004/02/skos/core#broaderTransitive"/>
        <NamedIndividual IRI="#NoSQL"/>
        <NamedIndividual IRI="#databases"/>
    </ObjectPropertyAssertion>
    <ObjectPropertyAssertion>
        <ObjectProperty IRI="http://www.w3.org/2004/02/skos/core#broaderTransitive"/>
        <NamedIndividual IRI="#RDF"/>
        <NamedIndividual IRI="#graph_data"/>
    </ObjectPropertyAssertion>
    <ObjectPropertyAssertion>
        <ObjectProperty IRI="http://www.w3.org/2004/02/skos/core#broaderTransitive"/>
        <NamedIndividual IRI="#XML"/>
        <NamedIndividual IRI="#datatype"/>
    </ObjectPropertyAssertion>
    <ObjectPropertyAssertion>
        <ObjectProperty IRI="http://www.w3.org/2004/02/skos/core#broaderTransitive"/>
        <NamedIndividual IRI="#active_learning"/>
        <NamedIndividual IRI="#machine_learning"/>
    </ObjectPropertyAssertion>
    <ObjectPropertyAssertion>
        <ObjectProperty IRI="http://www.w3.org/2004/02/skos/core#broaderTransitive"/>
        <NamedIndividual IRI="#advanced"/>
        <NamedIndividual IRI="#resource_depth"/>
    </ObjectPropertyAssertion>
    <ObjectPropertyAssertion>
        <ObjectProperty IRI="http://www.w3.org/2004/02/skos/core#broaderTransitive"/>
        <NamedIndividual IRI="#artificial_intelligence"/>
        <NamedIndividual IRI="#computer_science"/>
    </ObjectPropertyAssertion>
    <ObjectPropertyAssertion>
        <ObjectProperty IRI="http://www.w3.org/2004/02/skos/core#broaderTransitive"/>
        <NamedIndividual IRI="#arts_humanities"/>
        <NamedIndividual IRI="#field"/>
    </ObjectPropertyAssertion>
    <ObjectPropertyAssertion>
        <ObjectProperty IRI="http://www.w3.org/2004/02/skos/core#broaderTransitive"/>
        <NamedIndividual IRI="#association_rule_learning"/>
        <NamedIndividual IRI="#unsupervised_learning"/>
    </ObjectPropertyAssertion>
    <ObjectPropertyAssertion>
        <ObjectProperty IRI="http://www.w3.org/2004/02/skos/core#broaderTransitive"/>
        <NamedIndividual IRI="#audio_data"/>
        <NamedIndividual IRI="#datatype"/>
    </ObjectPropertyAssertion>
    <ObjectPropertyAssertion>
        <ObjectProperty IRI="http://www.w3.org/2004/02/skos/core#broaderTransitive"/>
        <NamedIndividual IRI="#bayesian_methods"/>
        <NamedIndividual IRI="#probability_statistics"/>
    </ObjectPropertyAssertion>
    <ObjectPropertyAssertion>
        <ObjectProperty IRI="http://www.w3.org/2004/02/skos/core#broaderTransitive"/>
        <NamedIndividual IRI="#big_data"/>
        <NamedIndividual IRI="#datatype"/>
    </ObjectPropertyAssertion>
    <ObjectPropertyAssertion>
        <ObjectProperty IRI="http://www.w3.org/2004/02/skos/core#broaderTransitive"/>
        <NamedIndividual IRI="#bioinformatics_computational_biology"/>
        <NamedIndividual IRI="#biology"/>
    </ObjectPropertyAssertion>
    <ObjectPropertyAssertion>
        <ObjectProperty IRI="http://www.w3.org/2004/02/skos/core#broaderTransitive"/>
        <NamedIndividual IRI="#bioinformatics_computational_biology"/>
        <NamedIndividual IRI="#computer_science"/>
    </ObjectPropertyAssertion>
    <ObjectPropertyAssertion>
        <ObjectProperty IRI="http://www.w3.org/2004/02/skos/core#broaderTransitive"/>
        <NamedIndividual IRI="#bioinformatics_computational_biology"/>
        <NamedIndividual IRI="#probability_statistics"/>
    </ObjectPropertyAssertion>
    <ObjectPropertyAssertion>
        <ObjectProperty IRI="http://www.w3.org/2004/02/skos/core#broaderTransitive"/>
        <NamedIndividual IRI="#biology"/>
        <NamedIndividual IRI="#field"/>
    </ObjectPropertyAssertion>
    <ObjectPropertyAssertion>
        <ObjectProperty IRI="http://www.w3.org/2004/02/skos/core#broaderTransitive"/>
        <NamedIndividual IRI="#biotechnology"/>
        <NamedIndividual IRI="#biology"/>
    </ObjectPropertyAssertion>
    <ObjectPropertyAssertion>
        <ObjectProperty IRI="http://www.w3.org/2004/02/skos/core#broaderTransitive"/>
        <NamedIndividual IRI="#biotechnology"/>
        <NamedIndividual IRI="#computer_science"/>
    </ObjectPropertyAssertion>
    <ObjectPropertyAssertion>
        <ObjectProperty IRI="http://www.w3.org/2004/02/skos/core#broaderTransitive"/>
        <NamedIndividual IRI="#business_analytics"/>
        <NamedIndividual IRI="#field"/>
    </ObjectPropertyAssertion>
    <ObjectPropertyAssertion>
        <ObjectProperty IRI="http://www.w3.org/2004/02/skos/core#broaderTransitive"/>
        <NamedIndividual IRI="#causality"/>
        <NamedIndividual IRI="#probabilistic_graphical_model"/>
    </ObjectPropertyAssertion>
    <ObjectPropertyAssertion>
        <ObjectProperty IRI="http://www.w3.org/2004/02/skos/core#broaderTransitive"/>
        <NamedIndividual IRI="#cell_biology"/>
        <NamedIndividual IRI="#biology"/>
    </ObjectPropertyAssertion>
    <ObjectPropertyAssertion>
        <ObjectProperty IRI="http://www.w3.org/2004/02/skos/core#broaderTransitive"/>
        <NamedIndividual IRI="#chemical_biology"/>
        <NamedIndividual IRI="#biology"/>
    </ObjectPropertyAssertion>
    <ObjectPropertyAssertion>
        <ObjectProperty IRI="http://www.w3.org/2004/02/skos/core#broaderTransitive"/>
        <NamedIndividual IRI="#chemistry"/>
        <NamedIndividual IRI="#field"/>
    </ObjectPropertyAssertion>
    <ObjectPropertyAssertion>
        <ObjectProperty IRI="http://www.w3.org/2004/02/skos/core#broaderTransitive"/>
        <NamedIndividual IRI="#classification"/>
        <NamedIndividual IRI="#supervised_learning"/>
    </ObjectPropertyAssertion>
    <ObjectPropertyAssertion>
        <ObjectProperty IRI="http://www.w3.org/2004/02/skos/core#broaderTransitive"/>
        <NamedIndividual IRI="#cloud_computing"/>
        <NamedIndividual IRI="#computer_science"/>
    </ObjectPropertyAssertion>
    <ObjectPropertyAssertion>
        <ObjectProperty IRI="http://www.w3.org/2004/02/skos/core#broaderTransitive"/>
        <NamedIndividual IRI="#clustering"/>
        <NamedIndividual IRI="#unsupervised_learning"/>
    </ObjectPropertyAssertion>
    <ObjectPropertyAssertion>
        <ObjectProperty IRI="http://www.w3.org/2004/02/skos/core#broaderTransitive"/>
        <NamedIndividual IRI="#computer_science"/>
        <NamedIndividual IRI="#field"/>
    </ObjectPropertyAssertion>
    <ObjectPropertyAssertion>
        <ObjectProperty IRI="http://www.w3.org/2004/02/skos/core#broaderTransitive"/>
        <NamedIndividual IRI="#data_analysis"/>
        <NamedIndividual IRI="#data_science_process"/>
    </ObjectPropertyAssertion>
    <ObjectPropertyAssertion>
        <ObjectProperty IRI="http://www.w3.org/2004/02/skos/core#broaderTransitive"/>
        <NamedIndividual IRI="#data_cleaning"/>
        <NamedIndividual IRI="#data_science_process"/>
    </ObjectPropertyAssertion>
    <ObjectPropertyAssertion>
        <ObjectProperty IRI="http://www.w3.org/2004/02/skos/core#broaderTransitive"/>
        <NamedIndividual IRI="#data_collection"/>
        <NamedIndividual IRI="#data_science_process"/>
    </ObjectPropertyAssertion>
    <ObjectPropertyAssertion>
        <ObjectProperty IRI="http://www.w3.org/2004/02/skos/core#broaderTransitive"/>
        <NamedIndividual IRI="#data_exploration"/>
        <NamedIndividual IRI="#data_science_process"/>
    </ObjectPropertyAssertion>
    <ObjectPropertyAssertion>
        <ObjectProperty IRI="http://www.w3.org/2004/02/skos/core#broaderTransitive"/>
        <NamedIndividual IRI="#data_integration"/>
        <NamedIndividual IRI="#data_science_process"/>
    </ObjectPropertyAssertion>
    <ObjectPropertyAssertion>
        <ObjectProperty IRI="http://www.w3.org/2004/02/skos/core#broaderTransitive"/>
        <NamedIndividual IRI="#data_visualization"/>
        <NamedIndividual IRI="#data_science_process"/>
    </ObjectPropertyAssertion>
    <ObjectPropertyAssertion>
        <ObjectProperty IRI="http://www.w3.org/2004/02/skos/core#broaderTransitive"/>
        <NamedIndividual IRI="#databases"/>
        <NamedIndividual IRI="#computer_science"/>
    </ObjectPropertyAssertion>
    <ObjectPropertyAssertion>
        <ObjectProperty IRI="http://www.w3.org/2004/02/skos/core#broaderTransitive"/>
        <NamedIndividual IRI="#deep_learning"/>
        <NamedIndividual IRI="#neural_networks"/>
    </ObjectPropertyAssertion>
    <ObjectPropertyAssertion>
        <ObjectProperty IRI="http://www.w3.org/2004/02/skos/core#broaderTransitive"/>
        <NamedIndividual IRI="#developmental_biology"/>
        <NamedIndividual IRI="#biology"/>
    </ObjectPropertyAssertion>
    <ObjectPropertyAssertion>
        <ObjectProperty IRI="http://www.w3.org/2004/02/skos/core#broaderTransitive"/>
        <NamedIndividual IRI="#dimensionality_reduction"/>
        <NamedIndividual IRI="#unsupervised_learning"/>
    </ObjectPropertyAssertion>
    <ObjectPropertyAssertion>
        <ObjectProperty IRI="http://www.w3.org/2004/02/skos/core#broaderTransitive"/>
        <NamedIndividual IRI="#ecology"/>
        <NamedIndividual IRI="#biology"/>
    </ObjectPropertyAssertion>
    <ObjectPropertyAssertion>
        <ObjectProperty IRI="http://www.w3.org/2004/02/skos/core#broaderTransitive"/>
        <NamedIndividual IRI="#economics"/>
        <NamedIndividual IRI="#field"/>
    </ObjectPropertyAssertion>
    <ObjectPropertyAssertion>
        <ObjectProperty IRI="http://www.w3.org/2004/02/skos/core#broaderTransitive"/>
        <NamedIndividual IRI="#education"/>
        <NamedIndividual IRI="#arts_humanities"/>
    </ObjectPropertyAssertion>
    <ObjectPropertyAssertion>
        <ObjectProperty IRI="http://www.w3.org/2004/02/skos/core#broaderTransitive"/>
        <NamedIndividual IRI="#electronic_health_records"/>
        <NamedIndividual IRI="#datatype"/>
    </ObjectPropertyAssertion>
    <ObjectPropertyAssertion>
        <ObjectProperty IRI="http://www.w3.org/2004/02/skos/core#broaderTransitive"/>
        <NamedIndividual IRI="#engineering"/>
        <NamedIndividual IRI="#field"/>
    </ObjectPropertyAssertion>
    <ObjectPropertyAssertion>
        <ObjectProperty IRI="http://www.w3.org/2004/02/skos/core#broaderTransitive"/>
        <NamedIndividual IRI="#ensemble_learning"/>
        <NamedIndividual IRI="#machine_learning"/>
    </ObjectPropertyAssertion>
    <ObjectPropertyAssertion>
        <ObjectProperty IRI="http://www.w3.org/2004/02/skos/core#broaderTransitive"/>
        <NamedIndividual IRI="#ethics"/>
        <NamedIndividual IRI="#arts_humanities"/>
    </ObjectPropertyAssertion>
    <ObjectPropertyAssertion>
        <ObjectProperty IRI="http://www.w3.org/2004/02/skos/core#broaderTransitive"/>
        <NamedIndividual IRI="#evolutionary_biology"/>
        <NamedIndividual IRI="#biology"/>
    </ObjectPropertyAssertion>
    <ObjectPropertyAssertion>
        <ObjectProperty IRI="http://www.w3.org/2004/02/skos/core#broaderTransitive"/>
        <NamedIndividual IRI="#gaussian_processes"/>
        <NamedIndividual IRI="#probability_statistics"/>
    </ObjectPropertyAssertion>
    <ObjectPropertyAssertion>
        <ObjectProperty IRI="http://www.w3.org/2004/02/skos/core#broaderTransitive"/>
        <NamedIndividual IRI="#genetics"/>
        <NamedIndividual IRI="#molecular_biology"/>
    </ObjectPropertyAssertion>
    <ObjectPropertyAssertion>
        <ObjectProperty IRI="http://www.w3.org/2004/02/skos/core#broaderTransitive"/>
        <NamedIndividual IRI="#genomic_proteomic_data"/>
        <NamedIndividual IRI="#datatype"/>
    </ObjectPropertyAssertion>
    <ObjectPropertyAssertion>
        <ObjectProperty IRI="http://www.w3.org/2004/02/skos/core#broaderTransitive"/>
        <NamedIndividual IRI="#graph_analytics"/>
        <NamedIndividual IRI="#computer_science"/>
    </ObjectPropertyAssertion>
    <ObjectPropertyAssertion>
        <ObjectProperty IRI="http://www.w3.org/2004/02/skos/core#broaderTransitive"/>
        <NamedIndividual IRI="#graph_data"/>
        <NamedIndividual IRI="#datatype"/>
    </ObjectPropertyAssertion>
    <ObjectPropertyAssertion>
        <ObjectProperty IRI="http://www.w3.org/2004/02/skos/core#broaderTransitive"/>
        <NamedIndividual IRI="#graph_database"/>
        <NamedIndividual IRI="#databases"/>
    </ObjectPropertyAssertion>
    <ObjectPropertyAssertion>
        <ObjectProperty IRI="http://www.w3.org/2004/02/skos/core#broaderTransitive"/>
        <NamedIndividual IRI="#high_performance_computing"/>
        <NamedIndividual IRI="#computer_science"/>
    </ObjectPropertyAssertion>
    <ObjectPropertyAssertion>
        <ObjectProperty IRI="http://www.w3.org/2004/02/skos/core#broaderTransitive"/>
        <NamedIndividual IRI="#history"/>
        <NamedIndividual IRI="#arts_humanities"/>
    </ObjectPropertyAssertion>
    <ObjectPropertyAssertion>
        <ObjectProperty IRI="http://www.w3.org/2004/02/skos/core#broaderTransitive"/>
        <NamedIndividual IRI="#image_data"/>
        <NamedIndividual IRI="#datatype"/>
    </ObjectPropertyAssertion>
    <ObjectPropertyAssertion>
        <ObjectProperty IRI="http://www.w3.org/2004/02/skos/core#broaderTransitive"/>
        <NamedIndividual IRI="#information_retrieval"/>
        <NamedIndividual IRI="#computer_science"/>
    </ObjectPropertyAssertion>
    <ObjectPropertyAssertion>
        <ObjectProperty IRI="http://www.w3.org/2004/02/skos/core#broaderTransitive"/>
        <NamedIndividual IRI="#introductory"/>
        <NamedIndividual IRI="#resource_depth"/>
    </ObjectPropertyAssertion>
    <ObjectPropertyAssertion>
        <ObjectProperty IRI="http://www.w3.org/2004/02/skos/core#broaderTransitive"/>
        <NamedIndividual IRI="#kernel_methods"/>
        <NamedIndividual IRI="#machine_learning"/>
    </ObjectPropertyAssertion>
    <ObjectPropertyAssertion>
        <ObjectProperty IRI="http://www.w3.org/2004/02/skos/core#broaderTransitive"/>
        <NamedIndividual IRI="#knowledge_representation"/>
        <NamedIndividual IRI="#artificial_intelligence"/>
    </ObjectPropertyAssertion>
    <ObjectPropertyAssertion>
        <ObjectProperty IRI="http://www.w3.org/2004/02/skos/core#broaderTransitive"/>
        <NamedIndividual IRI="#knowledge_representation"/>
        <NamedIndividual IRI="#databases"/>
    </ObjectPropertyAssertion>
    <ObjectPropertyAssertion>
        <ObjectProperty IRI="http://www.w3.org/2004/02/skos/core#broaderTransitive"/>
        <NamedIndividual IRI="#linear_algebra"/>
        <NamedIndividual IRI="#mathematics"/>
    </ObjectPropertyAssertion>
    <ObjectPropertyAssertion>
        <ObjectProperty IRI="http://www.w3.org/2004/02/skos/core#broaderTransitive"/>
        <NamedIndividual IRI="#machine_learning"/>
        <NamedIndividual IRI="#artificial_intelligence"/>
    </ObjectPropertyAssertion>
    <ObjectPropertyAssertion>
        <ObjectProperty IRI="http://www.w3.org/2004/02/skos/core#broaderTransitive"/>
        <NamedIndividual IRI="#machine_learning"/>
        <NamedIndividual IRI="#probability_statistics"/>
    </ObjectPropertyAssertion>
    <ObjectPropertyAssertion>
        <ObjectProperty IRI="http://www.w3.org/2004/02/skos/core#broaderTransitive"/>
        <NamedIndividual IRI="#marketing_analytics"/>
        <NamedIndividual IRI="#business_analytics"/>
    </ObjectPropertyAssertion>
    <ObjectPropertyAssertion>
        <ObjectProperty IRI="http://www.w3.org/2004/02/skos/core#broaderTransitive"/>
        <NamedIndividual IRI="#markov_processes"/>
        <NamedIndividual IRI="#probability_statistics"/>
    </ObjectPropertyAssertion>
    <ObjectPropertyAssertion>
        <ObjectProperty IRI="http://www.w3.org/2004/02/skos/core#broaderTransitive"/>
        <NamedIndividual IRI="#mathematics"/>
        <NamedIndividual IRI="#field"/>
    </ObjectPropertyAssertion>
    <ObjectPropertyAssertion>
        <ObjectProperty IRI="http://www.w3.org/2004/02/skos/core#broaderTransitive"/>
        <NamedIndividual IRI="#medicine_healthcare"/>
        <NamedIndividual IRI="#field"/>
    </ObjectPropertyAssertion>
    <ObjectPropertyAssertion>
        <ObjectProperty IRI="http://www.w3.org/2004/02/skos/core#broaderTransitive"/>
        <NamedIndividual IRI="#mobile_devices"/>
        <NamedIndividual IRI="#computer_science"/>
    </ObjectPropertyAssertion>
    <ObjectPropertyAssertion>
        <ObjectProperty IRI="http://www.w3.org/2004/02/skos/core#broaderTransitive"/>
        <NamedIndividual IRI="#molecular_biology"/>
        <NamedIndividual IRI="#biology"/>
    </ObjectPropertyAssertion>
    <ObjectPropertyAssertion>
        <ObjectProperty IRI="http://www.w3.org/2004/02/skos/core#broaderTransitive"/>
        <NamedIndividual IRI="#monte_carlo_methods"/>
        <NamedIndividual IRI="#probability_statistics"/>
    </ObjectPropertyAssertion>
    <ObjectPropertyAssertion>
        <ObjectProperty IRI="http://www.w3.org/2004/02/skos/core#broaderTransitive"/>
        <NamedIndividual IRI="#natural_language_processing"/>
        <NamedIndividual IRI="#artificial_intelligence"/>
    </ObjectPropertyAssertion>
    <ObjectPropertyAssertion>
        <ObjectProperty IRI="http://www.w3.org/2004/02/skos/core#broaderTransitive"/>
        <NamedIndividual IRI="#neural_networks"/>
        <NamedIndividual IRI="#machine_learning"/>
    </ObjectPropertyAssertion>
    <ObjectPropertyAssertion>
        <ObjectProperty IRI="http://www.w3.org/2004/02/skos/core#broaderTransitive"/>
        <NamedIndividual IRI="#neuroimaging"/>
        <NamedIndividual IRI="#image_data"/>
    </ObjectPropertyAssertion>
    <ObjectPropertyAssertion>
        <ObjectProperty IRI="http://www.w3.org/2004/02/skos/core#broaderTransitive"/>
        <NamedIndividual IRI="#neuroscience"/>
        <NamedIndividual IRI="#biology"/>
    </ObjectPropertyAssertion>
    <ObjectPropertyAssertion>
        <ObjectProperty IRI="http://www.w3.org/2004/02/skos/core#broaderTransitive"/>
        <NamedIndividual IRI="#optimization"/>
        <NamedIndividual IRI="#mathematics"/>
    </ObjectPropertyAssertion>
    <ObjectPropertyAssertion>
        <ObjectProperty IRI="http://www.w3.org/2004/02/skos/core#broaderTransitive"/>
        <NamedIndividual IRI="#parallel_database"/>
        <NamedIndividual IRI="#databases"/>
    </ObjectPropertyAssertion>
    <ObjectPropertyAssertion>
        <ObjectProperty IRI="http://www.w3.org/2004/02/skos/core#broaderTransitive"/>
        <NamedIndividual IRI="#pharmacology_drug_discovery"/>
        <NamedIndividual IRI="#biology"/>
    </ObjectPropertyAssertion>
    <ObjectPropertyAssertion>
        <ObjectProperty IRI="http://www.w3.org/2004/02/skos/core#broaderTransitive"/>
        <NamedIndividual IRI="#physics"/>
        <NamedIndividual IRI="#field"/>
    </ObjectPropertyAssertion>
    <ObjectPropertyAssertion>
        <ObjectProperty IRI="http://www.w3.org/2004/02/skos/core#broaderTransitive"/>
        <NamedIndividual IRI="#physiology"/>
        <NamedIndividual IRI="#biology"/>
    </ObjectPropertyAssertion>
    <ObjectPropertyAssertion>
        <ObjectProperty IRI="http://www.w3.org/2004/02/skos/core#broaderTransitive"/>
        <NamedIndividual IRI="#precision_medicine"/>
        <NamedIndividual IRI="#medicine_healthcare"/>
    </ObjectPropertyAssertion>
    <ObjectPropertyAssertion>
        <ObjectProperty IRI="http://www.w3.org/2004/02/skos/core#broaderTransitive"/>
        <NamedIndividual IRI="#probabilistic_graphical_model"/>
        <NamedIndividual IRI="#machine_learning"/>
    </ObjectPropertyAssertion>
    <ObjectPropertyAssertion>
        <ObjectProperty IRI="http://www.w3.org/2004/02/skos/core#broaderTransitive"/>
        <NamedIndividual IRI="#probability_statistics"/>
        <NamedIndividual IRI="#mathematics"/>
    </ObjectPropertyAssertion>
    <ObjectPropertyAssertion>
        <ObjectProperty IRI="http://www.w3.org/2004/02/skos/core#broaderTransitive"/>
        <NamedIndividual IRI="#programming"/>
        <NamedIndividual IRI="#computer_science"/>
    </ObjectPropertyAssertion>
    <ObjectPropertyAssertion>
        <ObjectProperty IRI="http://www.w3.org/2004/02/skos/core#broaderTransitive"/>
        <NamedIndividual IRI="#proteomics"/>
        <NamedIndividual IRI="#molecular_biology"/>
    </ObjectPropertyAssertion>
    <ObjectPropertyAssertion>
        <ObjectProperty IRI="http://www.w3.org/2004/02/skos/core#broaderTransitive"/>
        <NamedIndividual IRI="#psychology"/>
        <NamedIndividual IRI="#arts_humanities"/>
    </ObjectPropertyAssertion>
    <ObjectPropertyAssertion>
        <ObjectProperty IRI="http://www.w3.org/2004/02/skos/core#broaderTransitive"/>
        <NamedIndividual IRI="#public_health_epidemiology"/>
        <NamedIndividual IRI="#medicine_healthcare"/>
    </ObjectPropertyAssertion>
    <ObjectPropertyAssertion>
        <ObjectProperty IRI="http://www.w3.org/2004/02/skos/core#broaderTransitive"/>
        <NamedIndividual IRI="#recommender_system"/>
        <NamedIndividual IRI="#machine_learning"/>
    </ObjectPropertyAssertion>
    <ObjectPropertyAssertion>
        <ObjectProperty IRI="http://www.w3.org/2004/02/skos/core#broaderTransitive"/>
        <NamedIndividual IRI="#regression"/>
        <NamedIndividual IRI="#supervised_learning"/>
    </ObjectPropertyAssertion>
    <ObjectPropertyAssertion>
        <ObjectProperty IRI="http://www.w3.org/2004/02/skos/core#broaderTransitive"/>
        <NamedIndividual IRI="#reinforcement_learning"/>
        <NamedIndividual IRI="#machine_learning"/>
    </ObjectPropertyAssertion>
    <ObjectPropertyAssertion>
        <ObjectProperty IRI="http://www.w3.org/2004/02/skos/core#broaderTransitive"/>
        <NamedIndividual IRI="#relational_database"/>
        <NamedIndividual IRI="#databases"/>
    </ObjectPropertyAssertion>
    <ObjectPropertyAssertion>
        <ObjectProperty IRI="http://www.w3.org/2004/02/skos/core#broaderTransitive"/>
        <NamedIndividual IRI="#reproducibility"/>
        <NamedIndividual IRI="#data_science_process"/>
    </ObjectPropertyAssertion>
    <ObjectPropertyAssertion>
        <ObjectProperty IRI="http://www.w3.org/2004/02/skos/core#broaderTransitive"/>
        <NamedIndividual IRI="#research_methodology"/>
        <NamedIndividual IRI="#medicine_healthcare"/>
    </ObjectPropertyAssertion>
    <ObjectPropertyAssertion>
        <ObjectProperty IRI="http://www.w3.org/2004/02/skos/core#broaderTransitive"/>
        <NamedIndividual IRI="#security"/>
        <NamedIndividual IRI="#computer_science"/>
    </ObjectPropertyAssertion>
    <ObjectPropertyAssertion>
        <ObjectProperty IRI="http://www.w3.org/2004/02/skos/core#broaderTransitive"/>
        <NamedIndividual IRI="#sensor_networks_iot"/>
        <NamedIndividual IRI="#computer_science"/>
    </ObjectPropertyAssertion>
    <ObjectPropertyAssertion>
        <ObjectProperty IRI="http://www.w3.org/2004/02/skos/core#broaderTransitive"/>
        <NamedIndividual IRI="#social_media_analysis"/>
        <NamedIndividual IRI="#arts_humanities"/>
    </ObjectPropertyAssertion>
    <ObjectPropertyAssertion>
        <ObjectProperty IRI="http://www.w3.org/2004/02/skos/core#broaderTransitive"/>
        <NamedIndividual IRI="#social_media_analysis"/>
        <NamedIndividual IRI="#computer_science"/>
    </ObjectPropertyAssertion>
    <ObjectPropertyAssertion>
        <ObjectProperty IRI="http://www.w3.org/2004/02/skos/core#broaderTransitive"/>
        <NamedIndividual IRI="#spatial_data"/>
        <NamedIndividual IRI="#datatype"/>
    </ObjectPropertyAssertion>
    <ObjectPropertyAssertion>
        <ObjectProperty IRI="http://www.w3.org/2004/02/skos/core#broaderTransitive"/>
        <NamedIndividual IRI="#streaming_data"/>
        <NamedIndividual IRI="#datatype"/>
    </ObjectPropertyAssertion>
    <ObjectPropertyAssertion>
        <ObjectProperty IRI="http://www.w3.org/2004/02/skos/core#broaderTransitive"/>
        <NamedIndividual IRI="#structural_biology"/>
        <NamedIndividual IRI="#biology"/>
    </ObjectPropertyAssertion>
    <ObjectPropertyAssertion>
        <ObjectProperty IRI="http://www.w3.org/2004/02/skos/core#broaderTransitive"/>
        <NamedIndividual IRI="#supervised_learning"/>
        <NamedIndividual IRI="#machine_learning"/>
    </ObjectPropertyAssertion>
    <ObjectPropertyAssertion>
        <ObjectProperty IRI="http://www.w3.org/2004/02/skos/core#broaderTransitive"/>
        <NamedIndividual IRI="#tabular_data"/>
        <NamedIndividual IRI="#datatype"/>
    </ObjectPropertyAssertion>
    <ObjectPropertyAssertion>
        <ObjectProperty IRI="http://www.w3.org/2004/02/skos/core#broaderTransitive"/>
        <NamedIndividual IRI="#text_data"/>
        <NamedIndividual IRI="#datatype"/>
    </ObjectPropertyAssertion>
    <ObjectPropertyAssertion>
        <ObjectProperty IRI="http://www.w3.org/2004/02/skos/core#broaderTransitive"/>
        <NamedIndividual IRI="#time_series_data"/>
        <NamedIndividual IRI="#datatype"/>
    </ObjectPropertyAssertion>
    <ObjectPropertyAssertion>
        <ObjectProperty IRI="http://www.w3.org/2004/02/skos/core#broaderTransitive"/>
        <NamedIndividual IRI="#topic_model"/>
        <NamedIndividual IRI="#probabilistic_graphical_model"/>
    </ObjectPropertyAssertion>
    <ObjectPropertyAssertion>
        <ObjectProperty IRI="http://www.w3.org/2004/02/skos/core#broaderTransitive"/>
        <NamedIndividual IRI="#unsupervised_learning"/>
        <NamedIndividual IRI="#machine_learning"/>
    </ObjectPropertyAssertion>
    <ObjectPropertyAssertion>
        <ObjectProperty IRI="http://www.w3.org/2004/02/skos/core#broaderTransitive"/>
        <NamedIndividual IRI="#video"/>
        <NamedIndividual IRI="#resource_format"/>
    </ObjectPropertyAssertion>
    <ObjectPropertyAssertion>
        <ObjectProperty IRI="http://www.w3.org/2004/02/skos/core#broaderTransitive"/>
        <NamedIndividual IRI="#video_data"/>
        <NamedIndividual IRI="#datatype"/>
    </ObjectPropertyAssertion>
    <ObjectPropertyAssertion>
        <ObjectProperty IRI="http://www.w3.org/2004/02/skos/core#broaderTransitive"/>
        <NamedIndividual IRI="#written_document"/>
        <NamedIndividual IRI="#resource_format"/>
    </ObjectPropertyAssertion>
    <ObjectPropertyAssertion>
        <ObjectProperty IRI="http://www.w3.org/2004/02/skos/core#broaderTransitive"/>
        <NamedIndividual IRI="http://www.semanticweb.org/lfierro/ontologies/2016/11/untitled-ontology-7#OWLNamedIndividual_0df5a9a0_42d9_40a0_a883_8c0847e893db"/>
        <NamedIndividual IRI="http://www.semanticweb.org/lfierro/ontologies/2016/11/untitled-ontology-7#OWLNamedIndividual_0a456a6a_5b67_4adf_9424_2cabd941812b"/>
    </ObjectPropertyAssertion>
    <ObjectPropertyAssertion>
        <ObjectProperty IRI="http://www.w3.org/2004/02/skos/core#broaderTransitive"/>
        <NamedIndividual IRI="http://www.semanticweb.org/lfierro/ontologies/2016/11/untitled-ontology-7#OWLNamedIndividual_269604c6_8c1e_4835_aebe_ed2c14f435fa"/>
        <NamedIndividual IRI="http://www.semanticweb.org/lfierro/ontologies/2016/11/untitled-ontology-7#OWLNamedIndividual_0a456a6a_5b67_4adf_9424_2cabd941812b"/>
    </ObjectPropertyAssertion>
    <ObjectPropertyAssertion>
        <ObjectProperty IRI="http://www.w3.org/2004/02/skos/core#broaderTransitive"/>
        <NamedIndividual IRI="http://www.semanticweb.org/lfierro/ontologies/2016/11/untitled-ontology-7#OWLNamedIndividual_28ca14e3_051a_4f6f_a963_dd895e6eb6a7"/>
        <NamedIndividual IRI="http://www.semanticweb.org/lfierro/ontologies/2016/11/untitled-ontology-7#OWLNamedIndividual_0a456a6a_5b67_4adf_9424_2cabd941812b"/>
    </ObjectPropertyAssertion>
    <ObjectPropertyAssertion>
        <ObjectProperty IRI="http://www.w3.org/2004/02/skos/core#broaderTransitive"/>
        <NamedIndividual IRI="http://www.semanticweb.org/lfierro/ontologies/2016/11/untitled-ontology-7#OWLNamedIndividual_4200c561_07ca_490e_bba4_5f1a62f7cd26"/>
        <NamedIndividual IRI="http://www.semanticweb.org/lfierro/ontologies/2016/11/untitled-ontology-7#OWLNamedIndividual_0a456a6a_5b67_4adf_9424_2cabd941812b"/>
    </ObjectPropertyAssertion>
    <ObjectPropertyAssertion>
        <ObjectProperty IRI="http://www.w3.org/2004/02/skos/core#broaderTransitive"/>
        <NamedIndividual IRI="http://www.semanticweb.org/lfierro/ontologies/2016/11/untitled-ontology-7#OWLNamedIndividual_4dc34b91_ec02_4b5d_9e1e_5e8cfde93737"/>
        <NamedIndividual IRI="http://www.semanticweb.org/lfierro/ontologies/2016/11/untitled-ontology-7#OWLNamedIndividual_0a456a6a_5b67_4adf_9424_2cabd941812b"/>
    </ObjectPropertyAssertion>
    <ObjectPropertyAssertion>
        <ObjectProperty IRI="http://www.w3.org/2004/02/skos/core#broaderTransitive"/>
        <NamedIndividual IRI="http://www.semanticweb.org/lfierro/ontologies/2016/11/untitled-ontology-7#OWLNamedIndividual_55c0677c_69e0_49b9_b310_370cce892e3f"/>
        <NamedIndividual IRI="http://www.semanticweb.org/lfierro/ontologies/2016/11/untitled-ontology-7#OWLNamedIndividual_0a456a6a_5b67_4adf_9424_2cabd941812b"/>
    </ObjectPropertyAssertion>
    <ObjectPropertyAssertion>
        <ObjectProperty IRI="http://www.w3.org/2004/02/skos/core#broaderTransitive"/>
        <NamedIndividual IRI="http://www.semanticweb.org/lfierro/ontologies/2016/11/untitled-ontology-7#OWLNamedIndividual_57129975_5b62_4de9_8b77_0454592e1233"/>
        <NamedIndividual IRI="http://www.semanticweb.org/lfierro/ontologies/2016/11/untitled-ontology-7#OWLNamedIndividual_0a456a6a_5b67_4adf_9424_2cabd941812b"/>
    </ObjectPropertyAssertion>
    <ObjectPropertyAssertion>
        <ObjectProperty IRI="http://www.w3.org/2004/02/skos/core#broaderTransitive"/>
        <NamedIndividual IRI="http://www.semanticweb.org/lfierro/ontologies/2016/11/untitled-ontology-7#OWLNamedIndividual_71d43dce_cc05_4972_bdd9_da38d76b85f8"/>
        <NamedIndividual IRI="http://www.semanticweb.org/lfierro/ontologies/2016/11/untitled-ontology-7#OWLNamedIndividual_0a456a6a_5b67_4adf_9424_2cabd941812b"/>
    </ObjectPropertyAssertion>
    <ObjectPropertyAssertion>
        <ObjectProperty IRI="http://www.w3.org/2004/02/skos/core#broaderTransitive"/>
        <NamedIndividual IRI="http://www.semanticweb.org/lfierro/ontologies/2016/11/untitled-ontology-7#OWLNamedIndividual_8ce856b3_7648_4ee9_9a64_51d76edac8c0"/>
        <NamedIndividual IRI="http://www.semanticweb.org/lfierro/ontologies/2016/11/untitled-ontology-7#OWLNamedIndividual_0a456a6a_5b67_4adf_9424_2cabd941812b"/>
    </ObjectPropertyAssertion>
    <ObjectPropertyAssertion>
        <ObjectProperty IRI="http://www.w3.org/2004/02/skos/core#broaderTransitive"/>
        <NamedIndividual IRI="http://www.semanticweb.org/lfierro/ontologies/2016/11/untitled-ontology-7#OWLNamedIndividual_91d4c5e5_3484_40fb_9349_51c0b4d05def"/>
        <NamedIndividual IRI="http://www.semanticweb.org/lfierro/ontologies/2016/11/untitled-ontology-7#OWLNamedIndividual_0a456a6a_5b67_4adf_9424_2cabd941812b"/>
    </ObjectPropertyAssertion>
    <ObjectPropertyAssertion>
        <ObjectProperty IRI="http://www.w3.org/2004/02/skos/core#broaderTransitive"/>
        <NamedIndividual IRI="http://www.semanticweb.org/lfierro/ontologies/2016/11/untitled-ontology-7#OWLNamedIndividual_93089e89_c558_4cd5_889f_eea1f6071426"/>
        <NamedIndividual IRI="http://www.semanticweb.org/lfierro/ontologies/2016/11/untitled-ontology-7#OWLNamedIndividual_0a456a6a_5b67_4adf_9424_2cabd941812b"/>
    </ObjectPropertyAssertion>
    <ObjectPropertyAssertion>
        <ObjectProperty IRI="http://www.w3.org/2004/02/skos/core#broaderTransitive"/>
        <NamedIndividual IRI="http://www.semanticweb.org/lfierro/ontologies/2016/11/untitled-ontology-7#OWLNamedIndividual_a1233459_f7da_4119_aaef_8d750124acb7"/>
        <NamedIndividual IRI="http://www.semanticweb.org/lfierro/ontologies/2016/11/untitled-ontology-7#OWLNamedIndividual_0a456a6a_5b67_4adf_9424_2cabd941812b"/>
    </ObjectPropertyAssertion>
    <SubObjectPropertyOf>
        <ObjectProperty IRI="http://www.w3.org/2004/02/skos/core#broadMatch"/>
        <ObjectProperty IRI="http://www.w3.org/2004/02/skos/core#broader"/>
    </SubObjectPropertyOf>
    <SubObjectPropertyOf>
        <ObjectProperty IRI="http://www.w3.org/2004/02/skos/core#broadMatch"/>
        <ObjectProperty IRI="http://www.w3.org/2004/02/skos/core#mappingRelation"/>
    </SubObjectPropertyOf>
    <SubObjectPropertyOf>
        <ObjectProperty IRI="http://www.w3.org/2004/02/skos/core#broader"/>
        <ObjectProperty IRI="http://www.w3.org/2004/02/skos/core#broaderTransitive"/>
    </SubObjectPropertyOf>
    <SubObjectPropertyOf>
        <ObjectProperty IRI="http://www.w3.org/2004/02/skos/core#broaderTransitive"/>
        <ObjectProperty IRI="http://www.w3.org/2004/02/skos/core#semanticRelation"/>
    </SubObjectPropertyOf>
    <SubObjectPropertyOf>
        <ObjectProperty IRI="http://www.w3.org/2004/02/skos/core#closeMatch"/>
        <ObjectProperty IRI="http://www.w3.org/2004/02/skos/core#mappingRelation"/>
    </SubObjectPropertyOf>
    <SubObjectPropertyOf>
        <ObjectProperty IRI="http://www.w3.org/2004/02/skos/core#exactMatch"/>
        <ObjectProperty IRI="http://www.w3.org/2004/02/skos/core#closeMatch"/>
    </SubObjectPropertyOf>
    <SubObjectPropertyOf>
        <ObjectProperty IRI="http://www.w3.org/2004/02/skos/core#mappingRelation"/>
        <ObjectProperty IRI="http://www.w3.org/2004/02/skos/core#semanticRelation"/>
    </SubObjectPropertyOf>
    <SubObjectPropertyOf>
        <ObjectProperty IRI="http://www.w3.org/2004/02/skos/core#narrowMatch"/>
        <ObjectProperty IRI="http://www.w3.org/2004/02/skos/core#mappingRelation"/>
    </SubObjectPropertyOf>
    <SubObjectPropertyOf>
        <ObjectProperty IRI="http://www.w3.org/2004/02/skos/core#narrowMatch"/>
        <ObjectProperty IRI="http://www.w3.org/2004/02/skos/core#narrower"/>
    </SubObjectPropertyOf>
    <SubObjectPropertyOf>
        <ObjectProperty IRI="http://www.w3.org/2004/02/skos/core#narrower"/>
        <ObjectProperty IRI="http://www.w3.org/2004/02/skos/core#narrowerTransitive"/>
    </SubObjectPropertyOf>
    <SubObjectPropertyOf>
        <ObjectProperty IRI="http://www.w3.org/2004/02/skos/core#narrowerTransitive"/>
        <ObjectProperty IRI="http://www.w3.org/2004/02/skos/core#semanticRelation"/>
    </SubObjectPropertyOf>
    <SubObjectPropertyOf>
        <ObjectProperty IRI="http://www.w3.org/2004/02/skos/core#related"/>
        <ObjectProperty IRI="http://www.w3.org/2004/02/skos/core#semanticRelation"/>
    </SubObjectPropertyOf>
    <SubObjectPropertyOf>
        <ObjectProperty IRI="http://www.w3.org/2004/02/skos/core#relatedMatch"/>
        <ObjectProperty IRI="http://www.w3.org/2004/02/skos/core#mappingRelation"/>
    </SubObjectPropertyOf>
    <SubObjectPropertyOf>
        <ObjectProperty IRI="http://www.w3.org/2004/02/skos/core#relatedMatch"/>
        <ObjectProperty IRI="http://www.w3.org/2004/02/skos/core#related"/>
    </SubObjectPropertyOf>
    <SubObjectPropertyOf>
        <ObjectProperty IRI="http://www.w3.org/2004/02/skos/core#topConceptOf"/>
        <ObjectProperty IRI="http://www.w3.org/2004/02/skos/core#inScheme"/>
    </SubObjectPropertyOf>
    <InverseObjectProperties>
        <ObjectProperty IRI="http://www.w3.org/2004/02/skos/core#broadMatch"/>
        <ObjectProperty IRI="http://www.w3.org/2004/02/skos/core#narrowMatch"/>
    </InverseObjectProperties>
    <InverseObjectProperties>
        <ObjectProperty IRI="http://www.w3.org/2004/02/skos/core#broader"/>
        <ObjectProperty IRI="http://www.w3.org/2004/02/skos/core#narrower"/>
    </InverseObjectProperties>
    <InverseObjectProperties>
        <ObjectProperty IRI="http://www.w3.org/2004/02/skos/core#broaderTransitive"/>
        <ObjectProperty IRI="http://www.w3.org/2004/02/skos/core#narrowerTransitive"/>
    </InverseObjectProperties>
    <InverseObjectProperties>
        <ObjectProperty IRI="http://www.w3.org/2004/02/skos/core#hasTopConcept"/>
        <ObjectProperty IRI="http://www.w3.org/2004/02/skos/core#topConceptOf"/>
    </InverseObjectProperties>
    <FunctionalObjectProperty>
        <ObjectProperty IRI="http://www.w3.org/2004/02/skos/core#memberList"/>
    </FunctionalObjectProperty>
    <SymmetricObjectProperty>
        <ObjectProperty IRI="http://www.w3.org/2004/02/skos/core#closeMatch"/>
    </SymmetricObjectProperty>
    <SymmetricObjectProperty>
        <ObjectProperty IRI="http://www.w3.org/2004/02/skos/core#exactMatch"/>
    </SymmetricObjectProperty>
    <SymmetricObjectProperty>
        <ObjectProperty IRI="http://www.w3.org/2004/02/skos/core#related"/>
    </SymmetricObjectProperty>
    <SymmetricObjectProperty>
        <ObjectProperty IRI="http://www.w3.org/2004/02/skos/core#relatedMatch"/>
    </SymmetricObjectProperty>
    <TransitiveObjectProperty>
        <ObjectProperty IRI="http://www.w3.org/2004/02/skos/core#broaderTransitive"/>
    </TransitiveObjectProperty>
    <TransitiveObjectProperty>
        <ObjectProperty IRI="http://www.w3.org/2004/02/skos/core#exactMatch"/>
    </TransitiveObjectProperty>
    <TransitiveObjectProperty>
        <ObjectProperty IRI="http://www.w3.org/2004/02/skos/core#narrowerTransitive"/>
    </TransitiveObjectProperty>
    <ObjectPropertyDomain>
        <ObjectProperty IRI="http://www.w3.org/2004/02/skos/core#hasTopConcept"/>
        <Class IRI="http://www.w3.org/2004/02/skos/core#ConceptScheme"/>
    </ObjectPropertyDomain>
    <ObjectPropertyDomain>
        <ObjectProperty IRI="http://www.w3.org/2004/02/skos/core#member"/>
        <Class IRI="http://www.w3.org/2004/02/skos/core#Collection"/>
    </ObjectPropertyDomain>
    <ObjectPropertyDomain>
        <ObjectProperty IRI="http://www.w3.org/2004/02/skos/core#memberList"/>
        <Class IRI="http://www.w3.org/2004/02/skos/core#OrderedCollection"/>
    </ObjectPropertyDomain>
    <ObjectPropertyDomain>
        <ObjectProperty IRI="http://www.w3.org/2004/02/skos/core#semanticRelation"/>
        <Class IRI="http://www.w3.org/2004/02/skos/core#Concept"/>
    </ObjectPropertyDomain>
    <ObjectPropertyDomain>
        <ObjectProperty IRI="http://www.w3.org/2004/02/skos/core#topConceptOf"/>
        <Class IRI="http://www.w3.org/2004/02/skos/core#Concept"/>
    </ObjectPropertyDomain>
    <ObjectPropertyRange>
        <ObjectProperty IRI="http://www.w3.org/2004/02/skos/core#hasTopConcept"/>
        <Class IRI="http://www.w3.org/2004/02/skos/core#Concept"/>
    </ObjectPropertyRange>
    <ObjectPropertyRange>
        <ObjectProperty IRI="http://www.w3.org/2004/02/skos/core#inScheme"/>
        <Class IRI="http://www.w3.org/2004/02/skos/core#ConceptScheme"/>
    </ObjectPropertyRange>
    <ObjectPropertyRange>
        <ObjectProperty IRI="http://www.w3.org/2004/02/skos/core#member"/>
        <ObjectUnionOf>
            <Class IRI="http://www.w3.org/2004/02/skos/core#Collection"/>
            <Class IRI="http://www.w3.org/2004/02/skos/core#Concept"/>
        </ObjectUnionOf>
    </ObjectPropertyRange>
    <ObjectPropertyRange>
        <ObjectProperty IRI="http://www.w3.org/2004/02/skos/core#memberList"/>
        <Class abbreviatedIRI="rdf:List"/>
    </ObjectPropertyRange>
    <ObjectPropertyRange>
        <ObjectProperty IRI="http://www.w3.org/2004/02/skos/core#semanticRelation"/>
        <Class IRI="http://www.w3.org/2004/02/skos/core#Concept"/>
    </ObjectPropertyRange>
    <ObjectPropertyRange>
        <ObjectProperty IRI="http://www.w3.org/2004/02/skos/core#topConceptOf"/>
        <Class IRI="http://www.w3.org/2004/02/skos/core#ConceptScheme"/>
    </ObjectPropertyRange>
</Ontology>



<!-- Generated by the OWL API (version 4.2.8) https://github.com/owlcs/owlapi -->

