<?xml version="1.0"?>
<Ontology xmlns="http://www.w3.org/2002/07/owl#"
     xml:base="http://www.mygrid.org.uk/ontology/JERMOntology"
     xmlns:rdf="http://www.w3.org/1999/02/22-rdf-syntax-ns#"
     xmlns:xml="http://www.w3.org/XML/1998/namespace"
     xmlns:xsd="http://www.w3.org/2001/XMLSchema#"
     xmlns:rdfs="http://www.w3.org/2000/01/rdf-schema#"
     ontologyIRI="http://www.mygrid.org.uk/ontology/JERMOntology">
    <Prefix name="owl" IRI="http://www.w3.org/2002/07/owl#"/>
    <Prefix name="rdf" IRI="http://www.w3.org/1999/02/22-rdf-syntax-ns#"/>
    <Prefix name="xml" IRI="http://www.w3.org/XML/1998/namespace"/>
    <Prefix name="xsd" IRI="http://www.w3.org/2001/XMLSchema#"/>
    <Prefix name="rdfs" IRI="http://www.w3.org/2000/01/rdf-schema#"/>
    <Declaration>
        <NamedIndividual IRI="#Streptococcus_pneumoniae"/>
    </Declaration>
    <Declaration>
        <Class IRI="#Community_standard_specification"/>
    </Declaration>
    <Declaration>
        <Class IRI="#Time_series"/>
    </Declaration>
    <Declaration>
        <Class IRI="#Specimen"/>
    </Declaration>
    <Declaration>
        <Class IRI="#MicroRNA_profiling"/>
    </Declaration>
    <Declaration>
        <Class IRI="#Material_entity"/>
    </Declaration>
    <Declaration>
        <Class IRI="#Specimen_preparation_SOP"/>
    </Declaration>
    <Declaration>
        <Class IRI="#anaerobic"/>
    </Declaration>
    <Declaration>
        <Class IRI="#Electron_scanning_microscopy"/>
    </Declaration>
    <Declaration>
        <Class IRI="#Liquid_chromatography-tandem_mass_spectrometry"/>
    </Declaration>
    <Declaration>
        <Class IRI="#Amplification"/>
    </Declaration>
    <Declaration>
        <Class IRI="#Label"/>
    </Declaration>
    <Declaration>
        <Class IRI="#Pathway"/>
    </Declaration>
    <Declaration>
        <Class IRI="#NMR"/>
    </Declaration>
    <Declaration>
        <Class IRI="#Ionization_source"/>
    </Declaration>
    <Declaration>
        <Class IRI="#Factors_studied"/>
    </Declaration>
    <Declaration>
        <Class IRI="#13C_radiolabelling"/>
    </Declaration>
    <Declaration>
        <Class IRI="#Comparative_genomics"/>
    </Declaration>
    <Declaration>
        <Class IRI="#Genomics"/>
    </Declaration>
    <Declaration>
        <Class IRI="#Peptide"/>
    </Declaration>
    <Declaration>
        <Class IRI="#Microarray"/>
    </Declaration>
    <Declaration>
        <Class IRI="#qPCR"/>
    </Declaration>
    <Declaration>
        <DataProperty IRI="#units"/>
    </Declaration>
    <Declaration>
        <Class IRI="#HPLC"/>
    </Declaration>
    <Declaration>
        <Class IRI="#explantation"/>
    </Declaration>
    <Declaration>
        <Class IRI="#Assay"/>
    </Declaration>
    <Declaration>
        <Class IRI="#MALDI_TOF"/>
    </Declaration>
    <Declaration>
        <ObjectProperty IRI="#isContributorOf"/>
    </Declaration>
    <Declaration>
        <NamedIndividual IRI="#SulfoSys"/>
    </Declaration>
    <Declaration>
        <Class IRI="#FACS"/>
    </Declaration>
    <Declaration>
        <ObjectProperty IRI="#isAssociatedWith"/>
    </Declaration>
    <Declaration>
        <Class IRI="#Gene_expression"/>
    </Declaration>
    <Declaration>
        <Class IRI="#Model"/>
    </Declaration>
    <Declaration>
        <Class IRI="#Enzymatic_activity_measurements"/>
    </Declaration>
    <Declaration>
        <Class IRI="#Sample"/>
    </Declaration>
    <Declaration>
        <Class IRI="#Experimental_design_type"/>
    </Declaration>
    <Declaration>
        <ObjectProperty IRI="#hasItem"/>
    </Declaration>
    <Declaration>
        <Class IRI="#Hybridization"/>
    </Declaration>
    <Declaration>
        <Class IRI="#Extracellular_metabolite_concentration"/>
    </Declaration>
    <Declaration>
        <Class IRI="#Investigation"/>
    </Declaration>
    <Declaration>
        <Class IRI="#SOP_file_format"/>
    </Declaration>
    <Declaration>
        <Class IRI="#Proteomics_factors"/>
    </Declaration>
    <Declaration>
        <Class IRI="#DNA_sequencing"/>
    </Declaration>
    <Declaration>
        <Class IRI="#Discontinuous_enzymatic"/>
    </Declaration>
    <Declaration>
        <Class IRI="#Translational_profiling"/>
    </Declaration>
    <Declaration>
        <Class IRI="#Project"/>
    </Declaration>
    <Declaration>
        <Class IRI="#Single_cell"/>
    </Declaration>
    <Declaration>
        <Class IRI="#Cell_growth_optimisation"/>
    </Declaration>
    <Declaration>
        <Class IRI="#Flux_balance_analysis"/>
    </Declaration>
    <Declaration>
        <Class IRI="#turbidostat"/>
    </Declaration>
    <Declaration>
        <DataProperty IRI="#identifier"/>
    </Declaration>
    <Declaration>
        <Class IRI="#tissue_type"/>
    </Declaration>
    <Declaration>
        <DataProperty IRI="#WebLink"/>
    </Declaration>
    <Declaration>
        <Class IRI="#By-product_formation"/>
    </Declaration>
    <Declaration>
        <Class IRI="#Bait_protein_tagging"/>
    </Declaration>
    <Declaration>
        <Class IRI="#Ion_optics"/>
    </Declaration>
    <Declaration>
        <ObjectProperty IRI="#isTypeOf"/>
    </Declaration>
    <Declaration>
        <Class IRI="#qRT-PCR"/>
    </Declaration>
    <Declaration>
        <Class IRI="#Temperature"/>
    </Declaration>
    <Declaration>
        <Class IRI="#miRNA_microarray"/>
    </Declaration>
    <Declaration>
        <Class IRI="#Protein_expression_profiling"/>
    </Declaration>
    <Declaration>
        <Class IRI="#SELDI_TOF"/>
    </Declaration>
    <Declaration>
        <Class IRI="#Replicate_type"/>
    </Declaration>
    <Declaration>
        <NamedIndividual IRI="#SilicoTryp"/>
    </Declaration>
    <Declaration>
        <Class IRI="#Experimental_factor_type"/>
    </Declaration>
    <Declaration>
        <Class IRI="#Exon_array"/>
    </Declaration>
    <Declaration>
        <Class IRI="#Cheminformatics_analysis"/>
    </Declaration>
    <Declaration>
        <Class IRI="#Signal_transduction"/>
    </Declaration>
    <Declaration>
        <DataProperty IRI="#description"/>
    </Declaration>
    <Declaration>
        <Class IRI="#Enzymatic_assay"/>
    </Declaration>
    <Declaration>
        <ObjectProperty IRI="#itemProducedBy"/>
    </Declaration>
    <Declaration>
        <Class IRI="#Next_generation_sequencing_analysis"/>
    </Declaration>
    <Declaration>
        <Class IRI="#Partial_differential_equation"/>
    </Declaration>
    <Declaration>
        <Class IRI="#Extracellular_concentration"/>
    </Declaration>
    <Declaration>
        <NamedIndividual IRI="#SysMO-DB"/>
    </Declaration>
    <Declaration>
        <Class IRI="#Format"/>
    </Declaration>
    <Declaration>
        <NamedIndividual IRI="#Pseudomonas_fluorescens"/>
    </Declaration>
    <Declaration>
        <NamedIndividual IRI="#Streptomyces_coelicolor"/>
    </Declaration>
    <Declaration>
        <Class IRI="#Optical_density"/>
    </Declaration>
    <Declaration>
        <Class IRI="#CellML"/>
    </Declaration>
    <Declaration>
        <Class IRI="#Isotope_ratio_mass_spectrometry"/>
    </Declaration>
    <Declaration>
        <Class IRI="#MESH_term"/>
    </Declaration>
    <Declaration>
        <Class IRI="#Sex/Gender"/>
    </Declaration>
    <Declaration>
        <DataProperty IRI="#termsofDistribution"/>
    </Declaration>
    <Declaration>
        <DataProperty IRI="#Lab_internal_ID"/>
    </Declaration>
    <Declaration>
        <NamedIndividual IRI="#Trypanosoma_brucei"/>
    </Declaration>
    <Declaration>
        <Class IRI="#MAGE-TAB"/>
    </Declaration>
    <Declaration>
        <Class IRI="#SDS_PAGE"/>
    </Declaration>
    <Declaration>
        <Class IRI="#PCR"/>
    </Declaration>
    <Declaration>
        <Class IRI="#Protein-protein_interaction_profiling"/>
    </Declaration>
    <Declaration>
        <ObjectProperty IRI="#hasType"/>
    </Declaration>
    <Declaration>
        <NamedIndividual IRI="#Streptococcus_pyogenes"/>
    </Declaration>
    <Declaration>
        <Class IRI="#Gel_electrophoresis"/>
    </Declaration>
    <Declaration>
        <NamedIndividual IRI="#BaCell"/>
    </Declaration>
    <Declaration>
        <Class IRI="#Enzymology"/>
    </Declaration>
    <Declaration>
        <Class IRI="#RNA-seq_profiling"/>
    </Declaration>
    <Declaration>
        <Class IRI="#Bioinformatics_analysis"/>
    </Declaration>
    <Declaration>
        <DataProperty IRI="#instrument_model"/>
    </Declaration>
    <Declaration>
        <Class IRI="#Detectors"/>
    </Declaration>
    <Declaration>
        <Class IRI="#Bio_material"/>
    </Declaration>
    <Declaration>
        <Class IRI="#Mass"/>
    </Declaration>
    <Declaration>
        <Class IRI="#Proteomics_file_format"/>
    </Declaration>
    <Declaration>
        <NamedIndividual IRI="#Enterococcus_faecalis"/>
    </Declaration>
    <Declaration>
        <Class IRI="#hexaploid"/>
    </Declaration>
    <Declaration>
        <Class IRI="#Experiment_description"/>
    </Declaration>
    <Declaration>
        <Class IRI="#Tandem_mass_spectrometry"/>
    </Declaration>
    <Declaration>
        <Class IRI="#Chromatography"/>
    </Declaration>
    <Declaration>
        <Class IRI="#Publication"/>
    </Declaration>
    <Declaration>
        <Class IRI="#developmentalStage"/>
    </Declaration>
    <Declaration>
        <Class IRI="#Radioactive_labelling"/>
    </Declaration>
    <Declaration>
        <Class IRI="#Ion_trap"/>
    </Declaration>
    <Declaration>
        <Class IRI="#Tiling_array"/>
    </Declaration>
    <Declaration>
        <NamedIndividual IRI="#COPASI"/>
    </Declaration>
    <Declaration>
        <Class IRI="#Ordinary_differential_equation"/>
    </Declaration>
    <Declaration>
        <NamedIndividual IRI="#Excel"/>
    </Declaration>
    <Declaration>
        <Class IRI="#Gene_expression_profiling"/>
    </Declaration>
    <Declaration>
        <Class IRI="#Collision_cell"/>
    </Declaration>
    <Declaration>
        <Class IRI="#ElectrosprayIonisation"/>
    </Declaration>
    <Declaration>
        <Class IRI="#FT-ICR"/>
    </Declaration>
    <Declaration>
        <Class IRI="#Catabolic_response"/>
    </Declaration>
    <Declaration>
        <NamedIndividual IRI="#Escherichia_coli"/>
    </Declaration>
    <Declaration>
        <Class IRI="#Equipment"/>
    </Declaration>
    <Declaration>
        <Class IRI="#SBML_format"/>
    </Declaration>
    <Declaration>
        <Class IRI="#Physical_file_format"/>
    </Declaration>
    <Declaration>
        <NamedIndividual IRI="#SysmoLab"/>
    </Declaration>
    <Declaration>
        <Class IRI="#Linear_equation"/>
    </Declaration>
    <Declaration>
        <Class IRI="#Gel_filtration"/>
    </Declaration>
    <Declaration>
        <ObjectProperty IRI="#hasCharacteristics"/>
    </Declaration>
    <Declaration>
        <Class IRI="#Microarray_factors"/>
    </Declaration>
    <Declaration>
        <Class IRI="#Organism_or_strain_characterisation"/>
    </Declaration>
    <Declaration>
        <DataProperty IRI="#Sabio-RK_ID"/>
    </Declaration>
    <Declaration>
        <NamedIndividual IRI="#Pseudomonas_putida"/>
    </Declaration>
    <Declaration>
        <Class IRI="#Gene_regulatory_network"/>
    </Declaration>
    <Declaration>
        <Class IRI="#Microarray_file_format"/>
    </Declaration>
    <Declaration>
        <Class IRI="#Inductively_coupled_plasma_mass_spectrometry"/>
    </Declaration>
    <Declaration>
        <Class IRI="#Specific_concentration"/>
    </Declaration>
    <Declaration>
        <Class IRI="#UPLC"/>
    </Declaration>
    <Declaration>
        <DataProperty IRI="#samplingDate"/>
    </Declaration>
    <Declaration>
        <Class IRI="#ploidy"/>
    </Declaration>
    <Declaration>
        <NamedIndividual IRI="#Noisy-Strep"/>
    </Declaration>
    <Declaration>
        <Class IRI="#Protein-protein_interaction"/>
    </Declaration>
    <Declaration>
        <Class IRI="#Concentration"/>
    </Declaration>
    <Declaration>
        <Class IRI="#Quantitation"/>
    </Declaration>
    <Declaration>
        <Class IRI="#Time_of_flight_drift_tube"/>
    </Declaration>
    <Declaration>
        <Class IRI="#Binding"/>
    </Declaration>
    <Declaration>
        <Class IRI="#Experimental_factors"/>
    </Declaration>
    <Declaration>
        <Class IRI="#Measured_item"/>
    </Declaration>
    <Declaration>
        <Class IRI="#cell_type"/>
    </Declaration>
    <Declaration>
        <Class IRI="#Gas_chromatography"/>
    </Declaration>
    <Declaration>
        <Class IRI="#Nature_protocols"/>
    </Declaration>
    <Declaration>
        <Class IRI="#Tiling_path"/>
    </Declaration>
    <Declaration>
        <Class IRI="#Metabolite_profiling"/>
    </Declaration>
    <Declaration>
        <Class IRI="#Experimental_assay_type"/>
    </Declaration>
    <Declaration>
        <NamedIndividual IRI="#Saccharomyces_cerevisiae"/>
    </Declaration>
    <Declaration>
        <Class IRI="#SNP_array"/>
    </Declaration>
    <Declaration>
        <Class IRI="#Gene"/>
    </Declaration>
    <Declaration>
        <Class IRI="#2D_gel_electrophoresis"/>
    </Declaration>
    <Declaration>
        <Class IRI="#Structural_methods"/>
    </Declaration>
    <Declaration>
        <Class IRI="#Metabolomics"/>
    </Declaration>
    <Declaration>
        <Class IRI="#Organism"/>
    </Declaration>
    <Declaration>
        <Class IRI="#Cell_size"/>
    </Declaration>
    <Declaration>
        <Class IRI="#genotype"/>
    </Declaration>
    <Declaration>
        <Class IRI="#Chemostat_measurements"/>
    </Declaration>
    <Declaration>
        <Class IRI="#Initial_rate_experiment"/>
    </Declaration>
    <Declaration>
        <Class IRI="#Substrate_utilization"/>
    </Declaration>
    <Declaration>
        <ObjectProperty IRI="#isDerivedFrom"/>
    </Declaration>
    <Declaration>
        <Class IRI="#Continuous_enzymatic"/>
    </Declaration>
    <Declaration>
        <Class IRI="#Gas_flow"/>
    </Declaration>
    <Declaration>
        <DataProperty IRI="#NCBI_ID"/>
    </Declaration>
    <Declaration>
        <NamedIndividual IRI="#KOSMOBAC"/>
    </Declaration>
    <Declaration>
        <Class IRI="#fermentation"/>
    </Declaration>
    <Declaration>
        <Class IRI="#Glucose_pulse"/>
    </Declaration>
    <Declaration>
        <Class IRI="#Dry_biomass"/>
    </Declaration>
    <Declaration>
        <Class IRI="#diploid"/>
    </Declaration>
    <Declaration>
        <Class IRI="#Mass_spectrometry"/>
    </Declaration>
    <Declaration>
        <Class IRI="#RNA-Seq"/>
    </Declaration>
    <Declaration>
        <ObjectProperty IRI="#usesTechnology"/>
    </Declaration>
    <Declaration>
        <DataProperty IRI="#version"/>
    </Declaration>
    <Declaration>
        <Class IRI="#MAGEML"/>
    </Declaration>
    <Declaration>
        <Class IRI="#Data_file_format"/>
    </Declaration>
    <Declaration>
        <Class IRI="#Normalization_method"/>
    </Declaration>
    <Declaration>
        <Class IRI="#Functional_entity"/>
    </Declaration>
    <Declaration>
        <NamedIndividual IRI="#JWS_Online"/>
    </Declaration>
    <Declaration>
        <NamedIndividual IRI="#STREAM"/>
    </Declaration>
    <Declaration>
        <NamedIndividual IRI="#ScaRAB"/>
    </Declaration>
    <Declaration>
        <Class IRI="#SOP"/>
    </Declaration>
    <Declaration>
        <ObjectProperty IRI="#hasPart"/>
    </Declaration>
    <Declaration>
        <Class IRI="#Protein_purification"/>
    </Declaration>
    <Declaration>
        <Class IRI="#MALDI"/>
    </Declaration>
    <Declaration>
        <NamedIndividual IRI="#FLAME"/>
    </Declaration>
    <Declaration>
        <NamedIndividual IRI="#Lactococcus_lactis"/>
    </Declaration>
    <Declaration>
        <Class IRI="#RNAi"/>
    </Declaration>
    <Declaration>
        <Class IRI="#2-hybrid_system"/>
    </Declaration>
    <Declaration>
        <Class IRI="#Custom_Array"/>
    </Declaration>
    <Declaration>
        <Class IRI="#Sequencing"/>
    </Declaration>
    <Declaration>
        <Class IRI="#haploid"/>
    </Declaration>
    <Declaration>
        <Class IRI="#Enzyme"/>
    </Declaration>
    <Declaration>
        <DataProperty IRI="#title"/>
    </Declaration>
    <Declaration>
        <Class IRI="#Cell_growth_rate"/>
    </Declaration>
    <Declaration>
        <DataProperty IRI="#timepoint"/>
    </Declaration>
    <Declaration>
        <Class IRI="#ChIP-on-chip"/>
    </Declaration>
    <Declaration>
        <Class IRI="#Small_molecule_microarray"/>
    </Declaration>
    <Declaration>
        <NamedIndividual IRI="#MatLab"/>
    </Declaration>
    <Declaration>
        <Class IRI="#Immune_precipitation"/>
    </Declaration>
    <Declaration>
        <NamedIndividual IRI="#MOSES"/>
    </Declaration>
    <Declaration>
        <Class IRI="#Flow_cytometry"/>
    </Declaration>
    <Declaration>
        <Class IRI="#Fluxomics"/>
    </Declaration>
    <Declaration>
        <Class IRI="#Genome-scale_enzyme_activity_profiling"/>
    </Declaration>
    <Declaration>
        <ObjectProperty IRI="#technologyUsedIn"/>
    </Declaration>
    <Declaration>
        <Class IRI="#Affinity_chromatography"/>
    </Declaration>
    <Declaration>
        <Class IRI="#Microscopy"/>
    </Declaration>
    <Declaration>
        <Class IRI="#Expression_value_measurement_type"/>
    </Declaration>
    <Declaration>
        <Class IRI="#Progressive_curve_experiment"/>
    </Declaration>
    <Declaration>
        <ObjectProperty IRI="#isPartOf"/>
    </Declaration>
    <Declaration>
        <Class IRI="#Model_analysis_type"/>
    </Declaration>
    <Declaration>
        <Class IRI="#Spectrophotometry"/>
    </Declaration>
    <Declaration>
        <NamedIndividual IRI="#Clostridium_acetobutylicum"/>
    </Declaration>
    <Declaration>
        <Class IRI="#Protein_identification"/>
    </Declaration>
    <Declaration>
        <Class IRI="#Characteristic_for_specimen_or_sample"/>
    </Declaration>
    <Declaration>
        <Class IRI="#Person"/>
    </Declaration>
    <Declaration>
        <Class IRI="#Compound"/>
    </Declaration>
    <Declaration>
        <Class IRI="#Metabolic_network"/>
    </Declaration>
    <Declaration>
        <ObjectProperty IRI="#isFormatOf"/>
    </Declaration>
    <Declaration>
        <NamedIndividual IRI="#SUMO"/>
    </Declaration>
    <Declaration>
        <Class IRI="#Enzyme_activity"/>
    </Declaration>
    <Declaration>
        <Class IRI="#Transcriptomics"/>
    </Declaration>
    <Declaration>
        <Class IRI="#informatics_analysis_type"/>
    </Declaration>
    <Declaration>
        <Class IRI="#Gas_chromatography_mass_spectrometry"/>
    </Declaration>
    <Declaration>
        <Class IRI="#Buffer"/>
    </Declaration>
    <Declaration>
        <Class IRI="#semi-aerobic"/>
    </Declaration>
    <Declaration>
        <Class IRI="#Electrophoresis"/>
    </Declaration>
    <Declaration>
        <Class IRI="#Batch"/>
    </Declaration>
    <Declaration>
        <Class IRI="#Data"/>
    </Declaration>
    <Declaration>
        <NamedIndividual IRI="#image"/>
    </Declaration>
    <Declaration>
        <DataProperty IRI="#SEEKID"/>
    </Declaration>
    <Declaration>
        <Class IRI="#Capillary_electrophoresis"/>
    </Declaration>
    <Declaration>
        <Class IRI="#Growth_rate/Dilution_rate"/>
    </Declaration>
    <Declaration>
        <Class IRI="#Liquid_chromatography_mass_spectrometry"/>
    </Declaration>
    <Declaration>
        <Class IRI="#Strain"/>
    </Declaration>
    <Declaration>
        <Class IRI="#pH"/>
    </Declaration>
    <Declaration>
        <DataProperty IRI="#date_of_death"/>
    </Declaration>
    <Declaration>
        <DataProperty IRI="#sequence_accession"/>
    </Declaration>
    <Declaration>
        <Class IRI="#material_type"/>
    </Declaration>
    <Declaration>
        <Class IRI="#Post-translational_modification"/>
    </Declaration>
    <Declaration>
        <Class IRI="#Interactomics"/>
    </Declaration>
    <Declaration>
        <ObjectProperty IRI="#hasFormat"/>
    </Declaration>
    <Declaration>
        <Class IRI="#Primer_design"/>
    </Declaration>
    <Declaration>
        <Class IRI="#DNA_Methylation"/>
    </Declaration>
    <Declaration>
        <Class IRI="#Metabolite"/>
    </Declaration>
    <Declaration>
        <Class IRI="#insertion"/>
    </Declaration>
    <Declaration>
        <DataProperty IRI="#ECNumber"/>
    </Declaration>
    <Declaration>
        <Class IRI="#Accelerator_mass_spectrometry"/>
    </Declaration>
    <Declaration>
        <Class IRI="#deletion"/>
    </Declaration>
    <Declaration>
        <Class IRI="#Proteomics"/>
    </Declaration>
    <Declaration>
        <ObjectProperty IRI="#is_investigated_by"/>
    </Declaration>
    <Declaration>
        <Class IRI="#Ion_mobility_spectrometry_mass_spectrometry"/>
    </Declaration>
    <Declaration>
        <Class IRI="#Technology_type"/>
    </Declaration>
    <Declaration>
        <Class IRI="#aerobic"/>
    </Declaration>
    <Declaration>
        <Class IRI="#Biological_entity"/>
    </Declaration>
    <Declaration>
        <Class IRI="#Comparative_genomic_hybridization"/>
    </Declaration>
    <Declaration>
        <Class IRI="#Protein_structural_analysis"/>
    </Declaration>
    <Declaration>
        <Class IRI="#Study"/>
    </Declaration>
    <Declaration>
        <ObjectProperty IRI="#isconstructedFrom"/>
    </Declaration>
    <Declaration>
        <Class IRI="#SNP_detection"/>
    </Declaration>
    <Declaration>
        <Class IRI="#SBML_model"/>
    </Declaration>
    <Declaration>
        <Class IRI="#phenotype"/>
    </Declaration>
    <Declaration>
        <Class IRI="#Growth_medium_composition"/>
    </Declaration>
    <Declaration>
        <Class IRI="#Limited_media_growth"/>
    </Declaration>
    <Declaration>
        <Class IRI="#Metabolism"/>
    </Declaration>
    <Declaration>
        <Class IRI="#Spectrum_interpretation"/>
    </Declaration>
    <Declaration>
        <Class IRI="#Asset"/>
    </Declaration>
    <Declaration>
        <Class IRI="#FRAP"/>
    </Declaration>
    <Declaration>
        <Class IRI="#Imaging"/>
    </Declaration>
    <Declaration>
        <Class IRI="#Reactomics"/>
    </Declaration>
    <Declaration>
        <NamedIndividual IRI="#Bacillus_subtilis"/>
    </Declaration>
    <Declaration>
        <ObjectProperty IRI="#hasCreator"/>
    </Declaration>
    <Declaration>
        <Class IRI="#organism_part"/>
    </Declaration>
    <Declaration>
        <DataProperty IRI="#donationDate"/>
    </Declaration>
    <Declaration>
        <NamedIndividual IRI="#Sulfolobus_solfataricus"/>
    </Declaration>
    <Declaration>
        <Class IRI="#mutationType"/>
    </Declaration>
    <Declaration>
        <Class IRI="#Metabonomics"/>
    </Declaration>
    <Declaration>
        <Class IRI="#CultureGrowthType"/>
    </Declaration>
    <Declaration>
        <Class IRI="#Molecule_labelling"/>
    </Declaration>
    <Declaration>
        <Class IRI="#Spectrum_generation"/>
    </Declaration>
    <Declaration>
        <Class IRI="#Algebraic_equation"/>
    </Declaration>
    <Declaration>
        <Class IRI="#Mathematical_model_type"/>
    </Declaration>
    <Declaration>
        <DataProperty IRI="#External_supplier_ID"/>
    </Declaration>
    <Declaration>
        <DataProperty IRI="#manufacturer"/>
    </Declaration>
    <Declaration>
        <Class IRI="#Cell_cycle"/>
    </Declaration>
    <Declaration>
        <NamedIndividual IRI="#COSMIC"/>
    </Declaration>
    <Declaration>
        <Class IRI="#Instrument"/>
    </Declaration>
    <Declaration>
        <Class IRI="#Chemostat"/>
    </Declaration>
    <Declaration>
        <Class IRI="#Genome"/>
    </Declaration>
    <Declaration>
        <Class IRI="#Expression"/>
    </Declaration>
    <Declaration>
        <Class IRI="#Model_format"/>
    </Declaration>
    <Declaration>
        <Class IRI="#Genotyping"/>
    </Declaration>
    <Declaration>
        <Class IRI="#Post_source_component"/>
    </Declaration>
    <Declaration>
        <Class IRI="#Metabolite_concentration"/>
    </Declaration>
    <Declaration>
        <ObjectProperty IRI="#investigates"/>
    </Declaration>
    <Declaration>
        <Class IRI="#Model_execution_environment"/>
    </Declaration>
    <Declaration>
        <Class IRI="#Transcriptional_profiling"/>
    </Declaration>
    <Declaration>
        <Class IRI="#Assay_type"/>
    </Declaration>
    <Declaration>
        <Class IRI="#organ"/>
    </Declaration>
    <Declaration>
        <NamedIndividual IRI="#JADE"/>
    </Declaration>
    <Declaration>
        <Class IRI="#Pressure"/>
    </Declaration>
    <Declaration>
        <ObjectProperty IRI="#hasContributor"/>
    </Declaration>
    <Declaration>
        <Class IRI="#disease_state"/>
    </Declaration>
    <Declaration>
        <Class IRI="#Methylation_profiling"/>
    </Declaration>
    <Declaration>
        <Class IRI="#Sample_preparation_SOP"/>
    </Declaration>
    <Declaration>
        <Class IRI="#Mass_spec_file_format"/>
    </Declaration>
    <Declaration>
        <DataProperty IRI="#age_of_specimen/culture"/>
    </Declaration>
    <Declaration>
        <Class IRI="#Genome_scale"/>
    </Declaration>
    <Declaration>
        <Class IRI="#Intracellular_metabolite_Concentration"/>
    </Declaration>
    <Declaration>
        <NamedIndividual IRI="#PSYSMO"/>
    </Declaration>
    <Declaration>
        <Class IRI="#Next_generation_sequencing"/>
    </Declaration>
    <Declaration>
        <Class IRI="#Activity"/>
    </Declaration>
    <Declaration>
        <Class IRI="#Intracellular_concentration"/>
    </Declaration>
    <Declaration>
        <Class IRI="#Optical_density_600"/>
    </Declaration>
    <Declaration>
        <Class IRI="#Protein"/>
    </Declaration>
    <Declaration>
        <Class IRI="#respiration"/>
    </Declaration>
    <Declaration>
        <Class IRI="#Quality_control_type"/>
    </Declaration>
    <Declaration>
        <NamedIndividual IRI="#Translucent"/>
    </Declaration>
    <Declaration>
        <Class IRI="#Surface_plasmon_resonance"/>
    </Declaration>
    <Declaration>
        <ObjectProperty IRI="#isCreatorOf"/>
    </Declaration>
    <Declaration>
        <Class IRI="#Chip-Seq"/>
    </Declaration>
    <Declaration>
        <Class IRI="#Volume"/>
    </Declaration>
    <Declaration>
        <Class IRI="#Translation"/>
    </Declaration>
    <Declaration>
        <Class IRI="#Software"/>
    </Declaration>
    <EquivalentClasses>
        <Class IRI="#Assay"/>
        <ObjectSomeValuesFrom>
            <ObjectProperty IRI="#isPartOf"/>
            <Class IRI="#Study"/>
        </ObjectSomeValuesFrom>
    </EquivalentClasses>
    <EquivalentClasses>
        <Class IRI="#Investigation"/>
        <ObjectSomeValuesFrom>
            <ObjectProperty IRI="#hasPart"/>
            <Class IRI="#Study"/>
        </ObjectSomeValuesFrom>
    </EquivalentClasses>
    <EquivalentClasses>
        <Class IRI="#Methylation_profiling"/>
        <ObjectSomeValuesFrom>
            <ObjectProperty IRI="#usesTechnology"/>
            <Class IRI="#DNA_Methylation"/>
        </ObjectSomeValuesFrom>
    </EquivalentClasses>
    <EquivalentClasses>
        <Class IRI="#MicroRNA_profiling"/>
        <ObjectSomeValuesFrom>
            <ObjectProperty IRI="#usesTechnology"/>
            <Class IRI="#miRNA_microarray"/>
        </ObjectSomeValuesFrom>
    </EquivalentClasses>
    <EquivalentClasses>
        <Class IRI="#Model"/>
        <ObjectSomeValuesFrom>
            <ObjectProperty IRI="#hasFormat"/>
            <Class IRI="#Model_format"/>
        </ObjectSomeValuesFrom>
    </EquivalentClasses>
    <EquivalentClasses>
        <Class IRI="#NMR"/>
        <ObjectSomeValuesFrom>
            <ObjectProperty IRI="#technologyUsedIn"/>
            <Class IRI="#Protein_structural_analysis"/>
        </ObjectSomeValuesFrom>
    </EquivalentClasses>
    <EquivalentClasses>
        <Class IRI="#Protein_purification"/>
        <ObjectSomeValuesFrom>
            <ObjectProperty IRI="#usesTechnology"/>
            <Class IRI="#HPLC"/>
        </ObjectSomeValuesFrom>
    </EquivalentClasses>
    <EquivalentClasses>
        <Class IRI="#SOP"/>
        <ObjectSomeValuesFrom>
            <ObjectProperty IRI="#hasFormat"/>
            <Class IRI="#SOP_file_format"/>
        </ObjectSomeValuesFrom>
    </EquivalentClasses>
    <EquivalentClasses>
        <Class IRI="#Sample"/>
        <ObjectSomeValuesFrom>
            <ObjectProperty IRI="#hasCharacteristics"/>
            <Class IRI="#Characteristic_for_specimen_or_sample"/>
        </ObjectSomeValuesFrom>
    </EquivalentClasses>
    <EquivalentClasses>
        <Class IRI="#Specimen"/>
        <ObjectSomeValuesFrom>
            <ObjectProperty IRI="#hasCharacteristics"/>
            <Class IRI="#Characteristic_for_specimen_or_sample"/>
        </ObjectSomeValuesFrom>
    </EquivalentClasses>
    <EquivalentClasses>
        <Class IRI="#Study"/>
        <ObjectSomeValuesFrom>
            <ObjectProperty IRI="#hasPart"/>
            <Class IRI="#Assay"/>
        </ObjectSomeValuesFrom>
    </EquivalentClasses>
    <SubClassOf>
        <Class IRI="#Accelerator_mass_spectrometry"/>
        <Class IRI="#Mass_spectrometry"/>
    </SubClassOf>
    <SubClassOf>
        <Class IRI="#Activity"/>
        <Class IRI="#Factors_studied"/>
    </SubClassOf>
    <SubClassOf>
        <Class IRI="#Affinity_chromatography"/>
        <Class IRI="#Chromatography"/>
    </SubClassOf>
    <SubClassOf>
        <Class IRI="#Algebraic_equation"/>
        <Class IRI="#Mathematical_model_type"/>
    </SubClassOf>
    <SubClassOf>
        <Class IRI="#Amplification"/>
        <Class IRI="#Genomics"/>
    </SubClassOf>
    <SubClassOf>
        <Class IRI="#Assay"/>
        <Class IRI="#Experiment_description"/>
    </SubClassOf>
    <SubClassOf>
        <Class IRI="#Assay"/>
        <ObjectSomeValuesFrom>
            <ObjectProperty IRI="#hasPart"/>
            <Class IRI="#Asset"/>
        </ObjectSomeValuesFrom>
    </SubClassOf>
    <SubClassOf>
        <Class IRI="#Assay"/>
        <ObjectSomeValuesFrom>
            <ObjectProperty IRI="#hasType"/>
            <Class IRI="#Assay_type"/>
        </ObjectSomeValuesFrom>
    </SubClassOf>
    <SubClassOf>
        <Class IRI="#Assay"/>
        <ObjectSomeValuesFrom>
            <ObjectProperty IRI="#hasType"/>
            <Class IRI="#Technology_type"/>
        </ObjectSomeValuesFrom>
    </SubClassOf>
    <SubClassOf>
        <Class IRI="#Assay"/>
        <ObjectSomeValuesFrom>
            <ObjectProperty IRI="#investigates"/>
            <Class IRI="#Organism"/>
        </ObjectSomeValuesFrom>
    </SubClassOf>
    <SubClassOf>
        <Class IRI="#Assay_type"/>
        <Class IRI="#Experimental_factors"/>
    </SubClassOf>
    <SubClassOf>
        <Class IRI="#Asset"/>
        <ObjectSomeValuesFrom>
            <ObjectProperty IRI="#hasContributor"/>
            <Class IRI="#Person"/>
        </ObjectSomeValuesFrom>
    </SubClassOf>
    <SubClassOf>
        <Class IRI="#Asset"/>
        <ObjectSomeValuesFrom>
            <ObjectProperty IRI="#isPartOf"/>
            <Class IRI="#Assay"/>
        </ObjectSomeValuesFrom>
    </SubClassOf>
    <SubClassOf>
        <Class IRI="#Asset"/>
        <ObjectSomeValuesFrom>
            <ObjectProperty IRI="#itemProducedBy"/>
            <Class IRI="#Project"/>
        </ObjectSomeValuesFrom>
    </SubClassOf>
    <SubClassOf>
        <Class IRI="#Asset"/>
        <DataSomeValuesFrom>
            <DataProperty IRI="#SEEKID"/>
            <Datatype abbreviatedIRI="xsd:string"/>
        </DataSomeValuesFrom>
    </SubClassOf>
    <SubClassOf>
        <Class IRI="#Asset"/>
        <DataSomeValuesFrom>
            <DataProperty IRI="#description"/>
            <Datatype abbreviatedIRI="xsd:string"/>
        </DataSomeValuesFrom>
    </SubClassOf>
    <SubClassOf>
        <Class IRI="#Asset"/>
        <DataSomeValuesFrom>
            <DataProperty IRI="#title"/>
            <Datatype abbreviatedIRI="xsd:string"/>
        </DataSomeValuesFrom>
    </SubClassOf>
    <SubClassOf>
        <Class IRI="#Bait_protein_tagging"/>
        <Class IRI="#Molecule_labelling"/>
    </SubClassOf>
    <SubClassOf>
        <Class IRI="#Batch"/>
        <Class IRI="#CultureGrowthType"/>
    </SubClassOf>
    <SubClassOf>
        <Class IRI="#Binding"/>
        <Class IRI="#Technology_type"/>
    </SubClassOf>
    <SubClassOf>
        <Class IRI="#Bio_material"/>
        <Class IRI="#Experimental_factors"/>
    </SubClassOf>
    <SubClassOf>
        <Class IRI="#Bioinformatics_analysis"/>
        <Class IRI="#informatics_analysis_type"/>
    </SubClassOf>
    <SubClassOf>
        <Class IRI="#Biological_entity"/>
        <Class IRI="#Measured_item"/>
    </SubClassOf>
    <SubClassOf>
        <Class IRI="#Buffer"/>
        <Class IRI="#Factors_studied"/>
    </SubClassOf>
    <SubClassOf>
        <Class IRI="#By-product_formation"/>
        <Class IRI="#Organism_or_strain_characterisation"/>
    </SubClassOf>
    <SubClassOf>
        <Class IRI="#Capillary_electrophoresis"/>
        <Class IRI="#Electrophoresis"/>
    </SubClassOf>
    <SubClassOf>
        <Class IRI="#Catabolic_response"/>
        <Class IRI="#Metabolite_profiling"/>
    </SubClassOf>
    <SubClassOf>
        <Class IRI="#CellML"/>
        <Class IRI="#Model_format"/>
    </SubClassOf>
    <SubClassOf>
        <Class IRI="#Cell_cycle"/>
        <Class IRI="#Model_analysis_type"/>
    </SubClassOf>
    <SubClassOf>
        <Class IRI="#Cell_growth_optimisation"/>
        <Class IRI="#Cell_growth_rate"/>
    </SubClassOf>
    <SubClassOf>
        <Class IRI="#Cell_growth_rate"/>
        <Class IRI="#Organism_or_strain_characterisation"/>
    </SubClassOf>
    <SubClassOf>
        <Class IRI="#Cell_size"/>
        <Class IRI="#Organism_or_strain_characterisation"/>
    </SubClassOf>
    <SubClassOf>
        <Class IRI="#ChIP-on-chip"/>
        <Class IRI="#Microarray"/>
    </SubClassOf>
    <SubClassOf>
        <Class IRI="#Characteristic_for_specimen_or_sample"/>
        <Class IRI="#Experimental_factors"/>
    </SubClassOf>
    <SubClassOf>
        <Class IRI="#Cheminformatics_analysis"/>
        <Class IRI="#informatics_analysis_type"/>
    </SubClassOf>
    <SubClassOf>
        <Class IRI="#Chemostat"/>
        <Class IRI="#CultureGrowthType"/>
    </SubClassOf>
    <SubClassOf>
        <Class IRI="#Chemostat_measurements"/>
        <Class IRI="#Technology_type"/>
    </SubClassOf>
    <SubClassOf>
        <Class IRI="#Chip-Seq"/>
        <Class IRI="#Sequencing"/>
    </SubClassOf>
    <SubClassOf>
        <Class IRI="#Chromatography"/>
        <Class IRI="#Technology_type"/>
    </SubClassOf>
    <SubClassOf>
        <Class IRI="#Collision_cell"/>
        <Class IRI="#Post_source_component"/>
    </SubClassOf>
    <SubClassOf>
        <Class IRI="#Community_standard_specification"/>
        <Class IRI="#Data_file_format"/>
    </SubClassOf>
    <SubClassOf>
        <Class IRI="#Comparative_genomic_hybridization"/>
        <Class IRI="#Transcriptomics"/>
    </SubClassOf>
    <SubClassOf>
        <Class IRI="#Comparative_genomics"/>
        <Class IRI="#Genomics"/>
    </SubClassOf>
    <SubClassOf>
        <Class IRI="#Compound"/>
        <Class IRI="#Material_entity"/>
    </SubClassOf>
    <SubClassOf>
        <Class IRI="#Concentration"/>
        <Class IRI="#Factors_studied"/>
    </SubClassOf>
    <SubClassOf>
        <Class IRI="#Continuous_enzymatic"/>
        <Class IRI="#Enzymatic_assay"/>
    </SubClassOf>
    <SubClassOf>
        <Class IRI="#CultureGrowthType"/>
        <Class IRI="#Characteristic_for_specimen_or_sample"/>
    </SubClassOf>
    <SubClassOf>
        <Class IRI="#Custom_Array"/>
        <Class IRI="#Microarray"/>
    </SubClassOf>
    <SubClassOf>
        <Class IRI="#DNA_Methylation"/>
        <Class IRI="#Microarray"/>
    </SubClassOf>
    <SubClassOf>
        <Class IRI="#DNA_sequencing"/>
        <Class IRI="#Genomics"/>
    </SubClassOf>
    <SubClassOf>
        <Class IRI="#Data"/>
        <Class IRI="#Asset"/>
    </SubClassOf>
    <SubClassOf>
        <Class IRI="#Data"/>
        <ObjectSomeValuesFrom>
            <ObjectProperty IRI="#hasFormat"/>
            <Class IRI="#Data_file_format"/>
        </ObjectSomeValuesFrom>
    </SubClassOf>
    <SubClassOf>
        <Class IRI="#Data"/>
        <ObjectSomeValuesFrom>
            <ObjectProperty IRI="#hasPart"/>
            <Class IRI="#Factors_studied"/>
        </ObjectSomeValuesFrom>
    </SubClassOf>
    <SubClassOf>
        <Class IRI="#Data"/>
        <ObjectSomeValuesFrom>
            <ObjectProperty IRI="#isAssociatedWith"/>
            <Class IRI="#Sample"/>
        </ObjectSomeValuesFrom>
    </SubClassOf>
    <SubClassOf>
        <Class IRI="#Data_file_format"/>
        <Class IRI="#Format"/>
    </SubClassOf>
    <SubClassOf>
        <Class IRI="#Detectors"/>
        <Class IRI="#Post_source_component"/>
    </SubClassOf>
    <SubClassOf>
        <Class IRI="#Discontinuous_enzymatic"/>
        <Class IRI="#Enzymatic_assay"/>
    </SubClassOf>
    <SubClassOf>
        <Class IRI="#Dry_biomass"/>
        <Class IRI="#Mass"/>
    </SubClassOf>
    <SubClassOf>
        <Class IRI="#Electron_scanning_microscopy"/>
        <Class IRI="#Microscopy"/>
    </SubClassOf>
    <SubClassOf>
        <Class IRI="#Electrophoresis"/>
        <Class IRI="#Technology_type"/>
    </SubClassOf>
    <SubClassOf>
        <Class IRI="#ElectrosprayIonisation"/>
        <Class IRI="#Ionization_source"/>
    </SubClassOf>
    <SubClassOf>
        <Class IRI="#Enzymatic_activity_measurements"/>
        <Class IRI="#Technology_type"/>
    </SubClassOf>
    <SubClassOf>
        <Class IRI="#Enzymatic_assay"/>
        <Class IRI="#Reactomics"/>
    </SubClassOf>
    <SubClassOf>
        <Class IRI="#Enzyme"/>
        <Class IRI="#Protein"/>
    </SubClassOf>
    <SubClassOf>
        <Class IRI="#Enzyme_activity"/>
        <Class IRI="#Activity"/>
    </SubClassOf>
    <SubClassOf>
        <Class IRI="#Enzymology"/>
        <Class IRI="#Model_analysis_type"/>
    </SubClassOf>
    <SubClassOf>
        <Class IRI="#Equipment"/>
        <Class abbreviatedIRI="owl:Thing"/>
    </SubClassOf>
    <SubClassOf>
        <Class IRI="#Exon_array"/>
        <Class IRI="#Microarray"/>
    </SubClassOf>
    <SubClassOf>
        <Class IRI="#Experiment_description"/>
        <ObjectSomeValuesFrom>
            <ObjectProperty IRI="#itemProducedBy"/>
            <Class IRI="#Project"/>
        </ObjectSomeValuesFrom>
    </SubClassOf>
    <SubClassOf>
        <Class IRI="#Experiment_description"/>
        <DataSomeValuesFrom>
            <DataProperty IRI="#SEEKID"/>
            <Datatype abbreviatedIRI="xsd:string"/>
        </DataSomeValuesFrom>
    </SubClassOf>
    <SubClassOf>
        <Class IRI="#Experiment_description"/>
        <DataSomeValuesFrom>
            <DataProperty IRI="#description"/>
            <Datatype abbreviatedIRI="xsd:string"/>
        </DataSomeValuesFrom>
    </SubClassOf>
    <SubClassOf>
        <Class IRI="#Experiment_description"/>
        <DataSomeValuesFrom>
            <DataProperty IRI="#title"/>
            <Datatype abbreviatedIRI="xsd:string"/>
        </DataSomeValuesFrom>
    </SubClassOf>
    <SubClassOf>
        <Class IRI="#Experimental_assay_type"/>
        <Class IRI="#Assay_type"/>
    </SubClassOf>
    <SubClassOf>
        <Class IRI="#Experimental_design_type"/>
        <Class IRI="#Microarray_factors"/>
    </SubClassOf>
    <SubClassOf>
        <Class IRI="#Experimental_factor_type"/>
        <Class IRI="#Microarray_factors"/>
    </SubClassOf>
    <SubClassOf>
        <Class IRI="#Expression"/>
        <Class IRI="#Factors_studied"/>
    </SubClassOf>
    <SubClassOf>
        <Class IRI="#Expression_value_measurement_type"/>
        <Class IRI="#Microarray_factors"/>
    </SubClassOf>
    <SubClassOf>
        <Class IRI="#Extracellular_concentration"/>
        <Class IRI="#Concentration"/>
    </SubClassOf>
    <SubClassOf>
        <Class IRI="#Extracellular_metabolite_concentration"/>
        <Class IRI="#Metabolite_concentration"/>
    </SubClassOf>
    <SubClassOf>
        <Class IRI="#FACS"/>
        <Class IRI="#Flow_cytometry"/>
    </SubClassOf>
    <SubClassOf>
        <Class IRI="#FRAP"/>
        <Class IRI="#Imaging"/>
    </SubClassOf>
    <SubClassOf>
        <Class IRI="#FT-ICR"/>
        <Class IRI="#Post_source_component"/>
    </SubClassOf>
    <SubClassOf>
        <Class IRI="#Factors_studied"/>
        <Class IRI="#Experimental_factors"/>
    </SubClassOf>
    <SubClassOf>
        <Class IRI="#Factors_studied"/>
        <ObjectUnionOf>
            <ObjectSomeValuesFrom>
                <ObjectProperty IRI="#isPartOf"/>
                <Class IRI="#Data"/>
            </ObjectSomeValuesFrom>
            <ObjectSomeValuesFrom>
                <ObjectProperty IRI="#isPartOf"/>
                <Class IRI="#SOP"/>
            </ObjectSomeValuesFrom>
        </ObjectUnionOf>
    </SubClassOf>
    <SubClassOf>
        <Class IRI="#Factors_studied"/>
        <DataSomeValuesFrom>
            <DataProperty IRI="#timepoint"/>
            <Datatype abbreviatedIRI="xsd:integer"/>
        </DataSomeValuesFrom>
    </SubClassOf>
    <SubClassOf>
        <Class IRI="#Factors_studied"/>
        <DataSomeValuesFrom>
            <DataProperty IRI="#units"/>
            <Datatype abbreviatedIRI="xsd:string"/>
        </DataSomeValuesFrom>
    </SubClassOf>
    <SubClassOf>
        <Class IRI="#Flow_cytometry"/>
        <Class IRI="#Technology_type"/>
    </SubClassOf>
    <SubClassOf>
        <Class IRI="#Flux_balance_analysis"/>
        <Class IRI="#Fluxomics"/>
    </SubClassOf>
    <SubClassOf>
        <Class IRI="#Flux_balance_analysis"/>
        <Class IRI="#Metabolite_profiling"/>
    </SubClassOf>
    <SubClassOf>
        <Class IRI="#Fluxomics"/>
        <Class IRI="#Experimental_assay_type"/>
    </SubClassOf>
    <SubClassOf>
        <Class IRI="#Format"/>
        <Class abbreviatedIRI="owl:Thing"/>
    </SubClassOf>
    <SubClassOf>
        <Class IRI="#Functional_entity"/>
        <Class IRI="#Biological_entity"/>
    </SubClassOf>
    <SubClassOf>
        <Class IRI="#Gas_chromatography"/>
        <Class IRI="#Chromatography"/>
    </SubClassOf>
    <SubClassOf>
        <Class IRI="#Gas_chromatography_mass_spectrometry"/>
        <Class IRI="#Mass_spectrometry"/>
    </SubClassOf>
    <SubClassOf>
        <Class IRI="#Gas_flow"/>
        <Class IRI="#Factors_studied"/>
    </SubClassOf>
    <SubClassOf>
        <Class IRI="#Gel_electrophoresis"/>
        <Class IRI="#Electrophoresis"/>
    </SubClassOf>
    <SubClassOf>
        <Class IRI="#Gel_filtration"/>
        <Class IRI="#Chromatography"/>
    </SubClassOf>
    <SubClassOf>
        <Class IRI="#Gene"/>
        <Class IRI="#Material_entity"/>
    </SubClassOf>
    <SubClassOf>
        <Class IRI="#Gene_expression"/>
        <Class IRI="#Model_analysis_type"/>
    </SubClassOf>
    <SubClassOf>
        <Class IRI="#Gene_expression_profiling"/>
        <Class IRI="#Transcriptomics"/>
    </SubClassOf>
    <SubClassOf>
        <Class IRI="#Gene_regulatory_network"/>
        <Class IRI="#Model_analysis_type"/>
    </SubClassOf>
    <SubClassOf>
        <Class IRI="#Genome"/>
        <Class IRI="#Material_entity"/>
    </SubClassOf>
    <SubClassOf>
        <Class IRI="#Genome-scale_enzyme_activity_profiling"/>
        <Class IRI="#Reactomics"/>
    </SubClassOf>
    <SubClassOf>
        <Class IRI="#Genome_scale"/>
        <Class IRI="#Model_analysis_type"/>
    </SubClassOf>
    <SubClassOf>
        <Class IRI="#Genomics"/>
        <Class IRI="#Experimental_assay_type"/>
    </SubClassOf>
    <SubClassOf>
        <Class IRI="#Genotyping"/>
        <Class IRI="#Genomics"/>
    </SubClassOf>
    <SubClassOf>
        <Class IRI="#Glucose_pulse"/>
        <Class IRI="#Metabolite_profiling"/>
    </SubClassOf>
    <SubClassOf>
        <Class IRI="#Growth_medium_composition"/>
        <Class IRI="#Factors_studied"/>
    </SubClassOf>
    <SubClassOf>
        <Class IRI="#HPLC"/>
        <Class IRI="#Chromatography"/>
    </SubClassOf>
    <SubClassOf>
        <Class IRI="#Hybridization"/>
        <Class IRI="#Microarray_factors"/>
    </SubClassOf>
    <SubClassOf>
        <Class IRI="#Imaging"/>
        <Class IRI="#Technology_type"/>
    </SubClassOf>
    <SubClassOf>
        <Class IRI="#Immune_precipitation"/>
        <Class IRI="#Proteomics"/>
    </SubClassOf>
    <SubClassOf>
        <Class IRI="#Inductively_coupled_plasma_mass_spectrometry"/>
        <Class IRI="#Mass_spectrometry"/>
    </SubClassOf>
    <SubClassOf>
        <Class IRI="#Initial_rate_experiment"/>
        <Class IRI="#Enzymatic_activity_measurements"/>
    </SubClassOf>
    <SubClassOf>
        <Class IRI="#Instrument"/>
        <Class IRI="#Equipment"/>
    </SubClassOf>
    <SubClassOf>
        <Class IRI="#Instrument"/>
        <DataSomeValuesFrom>
            <DataProperty IRI="#instrument_model"/>
            <Datatype abbreviatedIRI="xsd:string"/>
        </DataSomeValuesFrom>
    </SubClassOf>
    <SubClassOf>
        <Class IRI="#Instrument"/>
        <DataSomeValuesFrom>
            <DataProperty IRI="#manufacturer"/>
            <Datatype abbreviatedIRI="xsd:string"/>
        </DataSomeValuesFrom>
    </SubClassOf>
    <SubClassOf>
        <Class IRI="#Interactomics"/>
        <Class IRI="#Experimental_assay_type"/>
    </SubClassOf>
    <SubClassOf>
        <Class IRI="#Intracellular_concentration"/>
        <Class IRI="#Concentration"/>
    </SubClassOf>
    <SubClassOf>
        <Class IRI="#Intracellular_metabolite_Concentration"/>
        <Class IRI="#Metabolite_concentration"/>
    </SubClassOf>
    <SubClassOf>
        <Class IRI="#Investigation"/>
        <Class IRI="#Experiment_description"/>
    </SubClassOf>
    <SubClassOf>
        <Class IRI="#Ion_mobility_spectrometry_mass_spectrometry"/>
        <Class IRI="#Mass_spectrometry"/>
    </SubClassOf>
    <SubClassOf>
        <Class IRI="#Ion_optics"/>
        <Class IRI="#Post_source_component"/>
    </SubClassOf>
    <SubClassOf>
        <Class IRI="#Ion_trap"/>
        <Class IRI="#Post_source_component"/>
    </SubClassOf>
    <SubClassOf>
        <Class IRI="#Ionization_source"/>
        <Class IRI="#Proteomics_factors"/>
    </SubClassOf>
    <SubClassOf>
        <Class IRI="#Isotope_ratio_mass_spectrometry"/>
        <Class IRI="#Mass_spectrometry"/>
    </SubClassOf>
    <SubClassOf>
        <Class IRI="#Label"/>
        <Class IRI="#Microarray_factors"/>
    </SubClassOf>
    <SubClassOf>
        <Class IRI="#Limited_media_growth"/>
        <Class IRI="#Organism_or_strain_characterisation"/>
    </SubClassOf>
    <SubClassOf>
        <Class IRI="#Linear_equation"/>
        <Class IRI="#Mathematical_model_type"/>
    </SubClassOf>
    <SubClassOf>
        <Class IRI="#Liquid_chromatography-tandem_mass_spectrometry"/>
        <Class IRI="#Mass_spectrometry"/>
    </SubClassOf>
    <SubClassOf>
        <Class IRI="#Liquid_chromatography_mass_spectrometry"/>
        <Class IRI="#Mass_spectrometry"/>
    </SubClassOf>
    <SubClassOf>
        <Class IRI="#MAGE-TAB"/>
        <Class IRI="#Microarray_file_format"/>
    </SubClassOf>
    <SubClassOf>
        <Class IRI="#MAGEML"/>
        <Class IRI="#Microarray_file_format"/>
    </SubClassOf>
    <SubClassOf>
        <Class IRI="#MALDI"/>
        <Class IRI="#Ionization_source"/>
    </SubClassOf>
    <SubClassOf>
        <Class IRI="#MALDI_TOF"/>
        <Class IRI="#Mass_spectrometry"/>
    </SubClassOf>
    <SubClassOf>
        <Class IRI="#MESH_term"/>
        <Class IRI="#Characteristic_for_specimen_or_sample"/>
    </SubClassOf>
    <SubClassOf>
        <Class IRI="#Mass"/>
        <Class IRI="#Factors_studied"/>
    </SubClassOf>
    <SubClassOf>
        <Class IRI="#Mass_spec_file_format"/>
        <Class IRI="#Proteomics_file_format"/>
    </SubClassOf>
    <SubClassOf>
        <Class IRI="#Mass_spectrometry"/>
        <Class IRI="#Technology_type"/>
    </SubClassOf>
    <SubClassOf>
        <Class IRI="#Material_entity"/>
        <Class IRI="#Biological_entity"/>
    </SubClassOf>
    <SubClassOf>
        <Class IRI="#Mathematical_model_type"/>
        <Class IRI="#Technology_type"/>
    </SubClassOf>
    <SubClassOf>
        <Class IRI="#Measured_item"/>
        <Class IRI="#Experimental_factors"/>
    </SubClassOf>
    <SubClassOf>
        <Class IRI="#Metabolic_network"/>
        <Class IRI="#Model_analysis_type"/>
    </SubClassOf>
    <SubClassOf>
        <Class IRI="#Metabolism"/>
        <Class IRI="#Model_analysis_type"/>
    </SubClassOf>
    <SubClassOf>
        <Class IRI="#Metabolite"/>
        <Class IRI="#Compound"/>
    </SubClassOf>
    <SubClassOf>
        <Class IRI="#Metabolite_concentration"/>
        <Class IRI="#Metabolite_profiling"/>
    </SubClassOf>
    <SubClassOf>
        <Class IRI="#Metabolite_profiling"/>
        <Class IRI="#Metabolomics"/>
    </SubClassOf>
    <SubClassOf>
        <Class IRI="#Metabolomics"/>
        <Class IRI="#Experimental_assay_type"/>
    </SubClassOf>
    <SubClassOf>
        <Class IRI="#Metabonomics"/>
        <Class IRI="#Metabolomics"/>
    </SubClassOf>
    <SubClassOf>
        <Class IRI="#Methylation_profiling"/>
        <Class IRI="#Transcriptomics"/>
    </SubClassOf>
    <SubClassOf>
        <Class IRI="#MicroRNA_profiling"/>
        <Class IRI="#Transcriptomics"/>
    </SubClassOf>
    <SubClassOf>
        <Class IRI="#Microarray"/>
        <Class IRI="#Technology_type"/>
    </SubClassOf>
    <SubClassOf>
        <Class IRI="#Microarray_factors"/>
        <Class IRI="#Experimental_factors"/>
    </SubClassOf>
    <SubClassOf>
        <Class IRI="#Microarray_file_format"/>
        <Class IRI="#Community_standard_specification"/>
    </SubClassOf>
    <SubClassOf>
        <Class IRI="#Microscopy"/>
        <Class IRI="#Imaging"/>
    </SubClassOf>
    <SubClassOf>
        <Class IRI="#Model"/>
        <Class IRI="#Asset"/>
    </SubClassOf>
    <SubClassOf>
        <Class IRI="#Model"/>
        <ObjectSomeValuesFrom>
            <ObjectProperty IRI="#hasFormat"/>
            <Class IRI="#Model_execution_environment"/>
        </ObjectSomeValuesFrom>
    </SubClassOf>
    <SubClassOf>
        <Class IRI="#Model"/>
        <ObjectSomeValuesFrom>
            <ObjectProperty IRI="#isconstructedFrom"/>
            <Class IRI="#Data"/>
        </ObjectSomeValuesFrom>
    </SubClassOf>
    <SubClassOf>
        <Class IRI="#Model"/>
        <ObjectSomeValuesFrom>
            <ObjectProperty IRI="#isconstructedFrom"/>
            <Class IRI="#Publication"/>
        </ObjectSomeValuesFrom>
    </SubClassOf>
    <SubClassOf>
        <Class IRI="#Model"/>
        <DataSomeValuesFrom>
            <DataProperty IRI="#termsofDistribution"/>
            <Datatype abbreviatedIRI="xsd:string"/>
        </DataSomeValuesFrom>
    </SubClassOf>
    <SubClassOf>
        <Class IRI="#Model_analysis_type"/>
        <Class IRI="#Assay_type"/>
    </SubClassOf>
    <SubClassOf>
        <Class IRI="#Model_execution_environment"/>
        <Class IRI="#Format"/>
    </SubClassOf>
    <SubClassOf>
        <Class IRI="#Model_format"/>
        <Class IRI="#Format"/>
    </SubClassOf>
    <SubClassOf>
        <Class IRI="#Molecule_labelling"/>
        <Class IRI="#Technology_type"/>
    </SubClassOf>
    <SubClassOf>
        <Class IRI="#NMR"/>
        <Class IRI="#Structural_methods"/>
    </SubClassOf>
    <SubClassOf>
        <Class IRI="#Nature_protocols"/>
        <Class IRI="#SOP_file_format"/>
    </SubClassOf>
    <SubClassOf>
        <Class IRI="#Next_generation_sequencing"/>
        <Class IRI="#Sequencing"/>
    </SubClassOf>
    <SubClassOf>
        <Class IRI="#Next_generation_sequencing_analysis"/>
        <Class IRI="#Genomics"/>
    </SubClassOf>
    <SubClassOf>
        <Class IRI="#Normalization_method"/>
        <Class IRI="#Proteomics_factors"/>
    </SubClassOf>
    <SubClassOf>
        <Class IRI="#Optical_density"/>
        <Class IRI="#Factors_studied"/>
    </SubClassOf>
    <SubClassOf>
        <Class IRI="#Optical_density_600"/>
        <Class IRI="#Optical_density"/>
    </SubClassOf>
    <SubClassOf>
        <Class IRI="#Ordinary_differential_equation"/>
        <Class IRI="#Mathematical_model_type"/>
    </SubClassOf>
    <SubClassOf>
        <Class IRI="#Organism"/>
        <Class IRI="#Material_entity"/>
    </SubClassOf>
    <SubClassOf>
        <Class IRI="#Organism"/>
        <ObjectSomeValuesFrom>
            <ObjectProperty IRI="#is_investigated_by"/>
            <Class IRI="#Assay"/>
        </ObjectSomeValuesFrom>
    </SubClassOf>
    <SubClassOf>
        <Class IRI="#Organism"/>
        <DataSomeValuesFrom>
            <DataProperty IRI="#NCBI_ID"/>
            <Datatype abbreviatedIRI="xsd:string"/>
        </DataSomeValuesFrom>
    </SubClassOf>
    <SubClassOf>
        <Class IRI="#Organism_or_strain_characterisation"/>
        <Class IRI="#Experimental_assay_type"/>
    </SubClassOf>
    <SubClassOf>
        <Class IRI="#PCR"/>
        <Class IRI="#Technology_type"/>
    </SubClassOf>
    <SubClassOf>
        <Class IRI="#Partial_differential_equation"/>
        <Class IRI="#Mathematical_model_type"/>
    </SubClassOf>
    <SubClassOf>
        <Class IRI="#Pathway"/>
        <Class IRI="#Functional_entity"/>
    </SubClassOf>
    <SubClassOf>
        <Class IRI="#Peptide"/>
        <Class IRI="#Protein"/>
    </SubClassOf>
    <SubClassOf>
        <Class IRI="#Person"/>
        <Class abbreviatedIRI="owl:Thing"/>
    </SubClassOf>
    <SubClassOf>
        <Class IRI="#Person"/>
        <ObjectSomeValuesFrom>
            <ObjectProperty IRI="#isAssociatedWith"/>
            <Class IRI="#Project"/>
        </ObjectSomeValuesFrom>
    </SubClassOf>
    <SubClassOf>
        <Class IRI="#Person"/>
        <ObjectSomeValuesFrom>
            <ObjectProperty IRI="#isContributorOf"/>
            <Class IRI="#Asset"/>
        </ObjectSomeValuesFrom>
    </SubClassOf>
    <SubClassOf>
        <Class IRI="#Physical_file_format"/>
        <Class IRI="#Data_file_format"/>
    </SubClassOf>
    <SubClassOf>
        <Class IRI="#Post-translational_modification"/>
        <Class IRI="#Proteomics"/>
    </SubClassOf>
    <SubClassOf>
        <Class IRI="#Post_source_component"/>
        <Class IRI="#Proteomics_factors"/>
    </SubClassOf>
    <SubClassOf>
        <Class IRI="#Pressure"/>
        <Class IRI="#Factors_studied"/>
    </SubClassOf>
    <SubClassOf>
        <Class IRI="#Primer_design"/>
        <Class IRI="#Genomics"/>
    </SubClassOf>
    <SubClassOf>
        <Class IRI="#Progressive_curve_experiment"/>
        <Class IRI="#Enzymatic_activity_measurements"/>
    </SubClassOf>
    <SubClassOf>
        <Class IRI="#Project"/>
        <ObjectSomeValuesFrom>
            <ObjectProperty IRI="#hasItem"/>
            <Class IRI="#Asset"/>
        </ObjectSomeValuesFrom>
    </SubClassOf>
    <SubClassOf>
        <Class IRI="#Project"/>
        <ObjectSomeValuesFrom>
            <ObjectProperty IRI="#hasItem"/>
            <Class IRI="#Experiment_description"/>
        </ObjectSomeValuesFrom>
    </SubClassOf>
    <SubClassOf>
        <Class IRI="#Project"/>
        <ObjectSomeValuesFrom>
            <ObjectProperty IRI="#investigates"/>
            <Class IRI="#Organism"/>
        </ObjectSomeValuesFrom>
    </SubClassOf>
    <SubClassOf>
        <Class IRI="#Project"/>
        <DataSomeValuesFrom>
            <DataProperty IRI="#WebLink"/>
            <Datatype abbreviatedIRI="xsd:anyURI"/>
        </DataSomeValuesFrom>
    </SubClassOf>
    <SubClassOf>
        <Class IRI="#Protein"/>
        <Class IRI="#Material_entity"/>
    </SubClassOf>
    <SubClassOf>
        <Class IRI="#Protein-protein_interaction"/>
        <Class IRI="#Proteomics"/>
    </SubClassOf>
    <SubClassOf>
        <Class IRI="#Protein-protein_interaction_profiling"/>
        <Class IRI="#Interactomics"/>
    </SubClassOf>
    <SubClassOf>
        <Class IRI="#Protein_expression_profiling"/>
        <Class IRI="#Proteomics"/>
    </SubClassOf>
    <SubClassOf>
        <Class IRI="#Protein_identification"/>
        <Class IRI="#Proteomics"/>
    </SubClassOf>
    <SubClassOf>
        <Class IRI="#Protein_purification"/>
        <Class IRI="#Protein_identification"/>
    </SubClassOf>
    <SubClassOf>
        <Class IRI="#Protein_structural_analysis"/>
        <Class IRI="#Proteomics"/>
    </SubClassOf>
    <SubClassOf>
        <Class IRI="#Proteomics"/>
        <Class IRI="#Experimental_assay_type"/>
    </SubClassOf>
    <SubClassOf>
        <Class IRI="#Proteomics_factors"/>
        <Class IRI="#Experimental_factors"/>
    </SubClassOf>
    <SubClassOf>
        <Class IRI="#Proteomics_file_format"/>
        <Class IRI="#Community_standard_specification"/>
    </SubClassOf>
    <SubClassOf>
        <Class IRI="#Publication"/>
        <Class IRI="#Asset"/>
    </SubClassOf>
    <SubClassOf>
        <Class IRI="#Quality_control_type"/>
        <Class IRI="#Microarray_factors"/>
    </SubClassOf>
    <SubClassOf>
        <Class IRI="#Quantitation"/>
        <Class IRI="#Proteomics_factors"/>
    </SubClassOf>
    <SubClassOf>
        <Class IRI="#RNA-Seq"/>
        <Class IRI="#Sequencing"/>
    </SubClassOf>
    <SubClassOf>
        <Class IRI="#RNA-seq_profiling"/>
        <Class IRI="#Transcriptomics"/>
    </SubClassOf>
    <SubClassOf>
        <Class IRI="#RNAi"/>
        <Class IRI="#Transcriptomics"/>
    </SubClassOf>
    <SubClassOf>
        <Class IRI="#Radioactive_labelling"/>
        <Class IRI="#Molecule_labelling"/>
    </SubClassOf>
    <SubClassOf>
        <Class IRI="#Reactomics"/>
        <Class IRI="#Experimental_assay_type"/>
    </SubClassOf>
    <SubClassOf>
        <Class IRI="#Replicate_type"/>
        <Class IRI="#Microarray_factors"/>
    </SubClassOf>
    <SubClassOf>
        <Class IRI="#SBML_format"/>
        <Class IRI="#Model_format"/>
    </SubClassOf>
    <SubClassOf>
        <Class IRI="#SBML_model"/>
        <Class IRI="#Model"/>
    </SubClassOf>
    <SubClassOf>
        <Class IRI="#SDS_PAGE"/>
        <Class IRI="#Gel_electrophoresis"/>
    </SubClassOf>
    <SubClassOf>
        <Class IRI="#SELDI_TOF"/>
        <Class IRI="#Mass_spectrometry"/>
    </SubClassOf>
    <SubClassOf>
        <Class IRI="#SNP_array"/>
        <Class IRI="#Microarray"/>
    </SubClassOf>
    <SubClassOf>
        <Class IRI="#SNP_detection"/>
        <Class IRI="#Genomics"/>
    </SubClassOf>
    <SubClassOf>
        <Class IRI="#SOP"/>
        <Class IRI="#Asset"/>
    </SubClassOf>
    <SubClassOf>
        <Class IRI="#SOP"/>
        <ObjectSomeValuesFrom>
            <ObjectProperty IRI="#hasPart"/>
            <Class IRI="#Factors_studied"/>
        </ObjectSomeValuesFrom>
    </SubClassOf>
    <SubClassOf>
        <Class IRI="#SOP_file_format"/>
        <Class IRI="#Format"/>
    </SubClassOf>
    <SubClassOf>
        <Class IRI="#Sample"/>
        <Class IRI="#Bio_material"/>
    </SubClassOf>
    <SubClassOf>
        <Class IRI="#Sample"/>
        <ObjectSomeValuesFrom>
            <ObjectProperty IRI="#isAssociatedWith"/>
            <Class IRI="#Data"/>
        </ObjectSomeValuesFrom>
    </SubClassOf>
    <SubClassOf>
        <Class IRI="#Sample"/>
        <ObjectSomeValuesFrom>
            <ObjectProperty IRI="#isDerivedFrom"/>
            <Class IRI="#Specimen"/>
        </ObjectSomeValuesFrom>
    </SubClassOf>
    <SubClassOf>
        <Class IRI="#Sample"/>
        <DataSomeValuesFrom>
            <DataProperty IRI="#SEEKID"/>
            <Datatype abbreviatedIRI="xsd:string"/>
        </DataSomeValuesFrom>
    </SubClassOf>
    <SubClassOf>
        <Class IRI="#Sample"/>
        <DataSomeValuesFrom>
            <DataProperty IRI="#samplingDate"/>
            <Datatype abbreviatedIRI="xsd:dateTime"/>
        </DataSomeValuesFrom>
    </SubClassOf>
    <SubClassOf>
        <Class IRI="#Sample_preparation_SOP"/>
        <Class IRI="#SOP"/>
    </SubClassOf>
    <SubClassOf>
        <Class IRI="#Sequencing"/>
        <Class IRI="#Technology_type"/>
    </SubClassOf>
    <SubClassOf>
        <Class IRI="#Signal_transduction"/>
        <Class IRI="#Model_analysis_type"/>
    </SubClassOf>
    <SubClassOf>
        <Class IRI="#Single_cell"/>
        <Class IRI="#Experimental_assay_type"/>
    </SubClassOf>
    <SubClassOf>
        <Class IRI="#Small_molecule_microarray"/>
        <Class IRI="#Microarray"/>
    </SubClassOf>
    <SubClassOf>
        <Class IRI="#Software"/>
        <Class IRI="#Equipment"/>
    </SubClassOf>
    <SubClassOf>
        <Class IRI="#Software"/>
        <DataSomeValuesFrom>
            <DataProperty IRI="#title"/>
            <Datatype abbreviatedIRI="xsd:string"/>
        </DataSomeValuesFrom>
    </SubClassOf>
    <SubClassOf>
        <Class IRI="#Software"/>
        <DataSomeValuesFrom>
            <DataProperty IRI="#version"/>
            <Datatype abbreviatedIRI="xsd:string"/>
        </DataSomeValuesFrom>
    </SubClassOf>
    <SubClassOf>
        <Class IRI="#Specific_concentration"/>
        <Class IRI="#Concentration"/>
    </SubClassOf>
    <SubClassOf>
        <Class IRI="#Specimen"/>
        <Class IRI="#Bio_material"/>
    </SubClassOf>
    <SubClassOf>
        <Class IRI="#Specimen"/>
        <ObjectSomeValuesFrom>
            <ObjectProperty IRI="#hasCharacteristics"/>
            <Class IRI="#CultureGrowthType"/>
        </ObjectSomeValuesFrom>
    </SubClassOf>
    <SubClassOf>
        <Class IRI="#Specimen"/>
        <ObjectSomeValuesFrom>
            <ObjectProperty IRI="#isDerivedFrom"/>
            <Class IRI="#Strain"/>
        </ObjectSomeValuesFrom>
    </SubClassOf>
    <SubClassOf>
        <Class IRI="#Specimen"/>
        <DataSomeValuesFrom>
            <DataProperty IRI="#External_supplier_ID"/>
            <Datatype abbreviatedIRI="xsd:string"/>
        </DataSomeValuesFrom>
    </SubClassOf>
    <SubClassOf>
        <Class IRI="#Specimen"/>
        <DataSomeValuesFrom>
            <DataProperty IRI="#Lab_internal_ID"/>
            <Datatype abbreviatedIRI="xsd:string"/>
        </DataSomeValuesFrom>
    </SubClassOf>
    <SubClassOf>
        <Class IRI="#Specimen"/>
        <DataSomeValuesFrom>
            <DataProperty IRI="#date_of_death"/>
            <Datatype abbreviatedIRI="xsd:string"/>
        </DataSomeValuesFrom>
    </SubClassOf>
    <SubClassOf>
        <Class IRI="#Specimen"/>
        <DataSomeValuesFrom>
            <DataProperty IRI="#description"/>
            <Datatype abbreviatedIRI="xsd:string"/>
        </DataSomeValuesFrom>
    </SubClassOf>
    <SubClassOf>
        <Class IRI="#Specimen"/>
        <DataSomeValuesFrom>
            <DataProperty IRI="#donationDate"/>
            <Datatype abbreviatedIRI="xsd:dateTime"/>
        </DataSomeValuesFrom>
    </SubClassOf>
    <SubClassOf>
        <Class IRI="#Specimen"/>
        <DataSomeValuesFrom>
            <DataProperty IRI="#age_of_specimen/culture"/>
            <Datatype abbreviatedIRI="xsd:string"/>
        </DataSomeValuesFrom>
    </SubClassOf>
    <SubClassOf>
        <Class IRI="#Specimen_preparation_SOP"/>
        <Class IRI="#SOP"/>
    </SubClassOf>
    <SubClassOf>
        <Class IRI="#Spectrophotometry"/>
        <Class IRI="#Technology_type"/>
    </SubClassOf>
    <SubClassOf>
        <Class IRI="#Spectrum_generation"/>
        <Class IRI="#Proteomics_factors"/>
    </SubClassOf>
    <SubClassOf>
        <Class IRI="#Spectrum_interpretation"/>
        <Class IRI="#Proteomics_factors"/>
    </SubClassOf>
    <SubClassOf>
        <Class IRI="#Strain"/>
        <Class IRI="#Organism"/>
    </SubClassOf>
    <SubClassOf>
        <Class IRI="#Strain"/>
        <DataSomeValuesFrom>
            <DataProperty IRI="#External_supplier_ID"/>
            <Datatype abbreviatedIRI="xsd:string"/>
        </DataSomeValuesFrom>
    </SubClassOf>
    <SubClassOf>
        <Class IRI="#Strain"/>
        <DataSomeValuesFrom>
            <DataProperty IRI="#Lab_internal_ID"/>
            <Datatype abbreviatedIRI="xsd:string"/>
        </DataSomeValuesFrom>
    </SubClassOf>
    <SubClassOf>
        <Class IRI="#Structural_methods"/>
        <Class IRI="#Technology_type"/>
    </SubClassOf>
    <SubClassOf>
        <Class IRI="#Study"/>
        <Class IRI="#Experiment_description"/>
    </SubClassOf>
    <SubClassOf>
        <Class IRI="#Study"/>
        <ObjectSomeValuesFrom>
            <ObjectProperty IRI="#isPartOf"/>
            <Class IRI="#Investigation"/>
        </ObjectSomeValuesFrom>
    </SubClassOf>
    <SubClassOf>
        <Class IRI="#Substrate_utilization"/>
        <Class IRI="#Organism_or_strain_characterisation"/>
    </SubClassOf>
    <SubClassOf>
        <Class IRI="#Surface_plasmon_resonance"/>
        <Class IRI="#Binding"/>
    </SubClassOf>
    <SubClassOf>
        <Class IRI="#Tandem_mass_spectrometry"/>
        <Class IRI="#Mass_spectrometry"/>
    </SubClassOf>
    <SubClassOf>
        <Class IRI="#Technology_type"/>
        <Class IRI="#Experimental_factors"/>
    </SubClassOf>
    <SubClassOf>
        <Class IRI="#Temperature"/>
        <Class IRI="#Factors_studied"/>
    </SubClassOf>
    <SubClassOf>
        <Class IRI="#Tiling_array"/>
        <Class IRI="#Microarray"/>
    </SubClassOf>
    <SubClassOf>
        <Class IRI="#Tiling_path"/>
        <Class IRI="#Transcriptomics"/>
    </SubClassOf>
    <SubClassOf>
        <Class IRI="#Time_of_flight_drift_tube"/>
        <Class IRI="#Post_source_component"/>
    </SubClassOf>
    <SubClassOf>
        <Class IRI="#Time_series"/>
        <Class IRI="#Factors_studied"/>
    </SubClassOf>
    <SubClassOf>
        <Class IRI="#Transcriptional_profiling"/>
        <Class IRI="#Gene_expression_profiling"/>
    </SubClassOf>
    <SubClassOf>
        <Class IRI="#Transcriptomics"/>
        <Class IRI="#Experimental_assay_type"/>
    </SubClassOf>
    <SubClassOf>
        <Class IRI="#Translation"/>
        <Class IRI="#Model_analysis_type"/>
    </SubClassOf>
    <SubClassOf>
        <Class IRI="#Translational_profiling"/>
        <Class IRI="#Gene_expression_profiling"/>
    </SubClassOf>
    <SubClassOf>
        <Class IRI="#UPLC"/>
        <Class IRI="#Chromatography"/>
    </SubClassOf>
    <SubClassOf>
        <Class IRI="#Volume"/>
        <Class IRI="#Factors_studied"/>
    </SubClassOf>
    <SubClassOf>
        <Class IRI="#aerobic"/>
        <Class IRI="#respiration"/>
    </SubClassOf>
    <SubClassOf>
        <Class IRI="#anaerobic"/>
        <Class IRI="#respiration"/>
    </SubClassOf>
    <SubClassOf>
        <Class IRI="#cell_type"/>
        <Class IRI="#Characteristic_for_specimen_or_sample"/>
    </SubClassOf>
    <SubClassOf>
        <Class IRI="#deletion"/>
        <Class IRI="#mutationType"/>
    </SubClassOf>
    <SubClassOf>
        <Class IRI="#developmentalStage"/>
        <Class IRI="#Characteristic_for_specimen_or_sample"/>
    </SubClassOf>
    <SubClassOf>
        <Class IRI="#diploid"/>
        <Class IRI="#ploidy"/>
    </SubClassOf>
    <SubClassOf>
        <Class IRI="#disease_state"/>
        <Class IRI="#Characteristic_for_specimen_or_sample"/>
    </SubClassOf>
    <SubClassOf>
        <Class IRI="#explantation"/>
        <Class IRI="#Characteristic_for_specimen_or_sample"/>
    </SubClassOf>
    <SubClassOf>
        <Class IRI="#fermentation"/>
        <Class IRI="#respiration"/>
    </SubClassOf>
    <SubClassOf>
        <Class IRI="#genotype"/>
        <Class IRI="#Characteristic_for_specimen_or_sample"/>
    </SubClassOf>
    <SubClassOf>
        <Class IRI="#haploid"/>
        <Class IRI="#ploidy"/>
    </SubClassOf>
    <SubClassOf>
        <Class IRI="#hexaploid"/>
        <Class IRI="#ploidy"/>
    </SubClassOf>
    <SubClassOf>
        <Class IRI="#informatics_analysis_type"/>
        <Class IRI="#Assay_type"/>
    </SubClassOf>
    <SubClassOf>
        <Class IRI="#insertion"/>
        <Class IRI="#mutationType"/>
    </SubClassOf>
    <SubClassOf>
        <Class IRI="#material_type"/>
        <Class IRI="#Characteristic_for_specimen_or_sample"/>
    </SubClassOf>
    <SubClassOf>
        <Class IRI="#miRNA_microarray"/>
        <Class IRI="#Microarray"/>
    </SubClassOf>
    <SubClassOf>
        <Class IRI="#mutationType"/>
        <Class IRI="#Characteristic_for_specimen_or_sample"/>
    </SubClassOf>
    <SubClassOf>
        <Class IRI="#organ"/>
        <Class IRI="#Characteristic_for_specimen_or_sample"/>
    </SubClassOf>
    <SubClassOf>
        <Class IRI="#organism_part"/>
        <Class IRI="#Characteristic_for_specimen_or_sample"/>
    </SubClassOf>
    <SubClassOf>
        <Class IRI="#pH"/>
        <Class IRI="#Factors_studied"/>
    </SubClassOf>
    <SubClassOf>
        <Class IRI="#phenotype"/>
        <Class IRI="#Characteristic_for_specimen_or_sample"/>
    </SubClassOf>
    <SubClassOf>
        <Class IRI="#ploidy"/>
        <Class IRI="#Characteristic_for_specimen_or_sample"/>
    </SubClassOf>
    <SubClassOf>
        <Class IRI="#qPCR"/>
        <Class IRI="#PCR"/>
    </SubClassOf>
    <SubClassOf>
        <Class IRI="#qRT-PCR"/>
        <Class IRI="#PCR"/>
    </SubClassOf>
    <SubClassOf>
        <Class IRI="#respiration"/>
        <Class IRI="#Characteristic_for_specimen_or_sample"/>
    </SubClassOf>
    <SubClassOf>
        <Class IRI="#semi-aerobic"/>
        <Class IRI="#respiration"/>
    </SubClassOf>
    <SubClassOf>
        <Class IRI="#tissue_type"/>
        <Class IRI="#Characteristic_for_specimen_or_sample"/>
    </SubClassOf>
    <SubClassOf>
        <Class IRI="#turbidostat"/>
        <Class IRI="#CultureGrowthType"/>
    </SubClassOf>
    <SubClassOf>
        <Class IRI="#13C_radiolabelling"/>
        <Class IRI="#Radioactive_labelling"/>
    </SubClassOf>
    <SubClassOf>
        <Class IRI="#2D_gel_electrophoresis"/>
        <Class IRI="#Gel_electrophoresis"/>
    </SubClassOf>
    <SubClassOf>
        <Class IRI="#2-hybrid_system"/>
        <Class IRI="#Binding"/>
    </SubClassOf>
    <SubClassOf>
        <Class IRI="#Growth_rate/Dilution_rate"/>
        <Class IRI="#Factors_studied"/>
    </SubClassOf>
    <SubClassOf>
        <Class IRI="#Sex/Gender"/>
        <Class IRI="#Characteristic_for_specimen_or_sample"/>
    </SubClassOf>
    <DisjointClasses>
        <Class IRI="#Assay"/>
        <Class IRI="#Investigation"/>
    </DisjointClasses>
    <DisjointClasses>
        <Class IRI="#Assay"/>
        <Class IRI="#Study"/>
    </DisjointClasses>
    <DisjointClasses>
        <Class IRI="#Assay_type"/>
        <Class IRI="#Bio_material"/>
        <Class IRI="#Characteristic_for_specimen_or_sample"/>
        <Class IRI="#Factors_studied"/>
        <Class IRI="#Measured_item"/>
        <Class IRI="#Microarray_factors"/>
        <Class IRI="#Proteomics_factors"/>
        <Class IRI="#Technology_type"/>
    </DisjointClasses>
    <DisjointClasses>
        <Class IRI="#Assay_type"/>
        <Class IRI="#Technology_type"/>
    </DisjointClasses>
    <DisjointClasses>
        <Class IRI="#Asset"/>
        <Class IRI="#Equipment"/>
    </DisjointClasses>
    <DisjointClasses>
        <Class IRI="#Asset"/>
        <Class IRI="#Experiment_description"/>
    </DisjointClasses>
    <DisjointClasses>
        <Class IRI="#Asset"/>
        <Class IRI="#Experimental_factors"/>
    </DisjointClasses>
    <DisjointClasses>
        <Class IRI="#Asset"/>
        <Class IRI="#Format"/>
    </DisjointClasses>
    <DisjointClasses>
        <Class IRI="#Asset"/>
        <Class IRI="#Person"/>
    </DisjointClasses>
    <DisjointClasses>
        <Class IRI="#Asset"/>
        <Class IRI="#Project"/>
    </DisjointClasses>
    <DisjointClasses>
        <Class IRI="#Batch"/>
        <Class IRI="#Chemostat"/>
    </DisjointClasses>
    <DisjointClasses>
        <Class IRI="#Data"/>
        <Class IRI="#Model"/>
        <Class IRI="#Publication"/>
        <Class IRI="#SOP"/>
    </DisjointClasses>
    <DisjointClasses>
        <Class IRI="#Data_file_format"/>
        <Class IRI="#Model_execution_environment"/>
    </DisjointClasses>
    <DisjointClasses>
        <Class IRI="#Data_file_format"/>
        <Class IRI="#Model_format"/>
    </DisjointClasses>
    <DisjointClasses>
        <Class IRI="#Data_file_format"/>
        <Class IRI="#SOP_file_format"/>
    </DisjointClasses>
    <DisjointClasses>
        <Class IRI="#Equipment"/>
        <Class IRI="#Experiment_description"/>
    </DisjointClasses>
    <DisjointClasses>
        <Class IRI="#Equipment"/>
        <Class IRI="#Experimental_factors"/>
    </DisjointClasses>
    <DisjointClasses>
        <Class IRI="#Equipment"/>
        <Class IRI="#Format"/>
    </DisjointClasses>
    <DisjointClasses>
        <Class IRI="#Equipment"/>
        <Class IRI="#Person"/>
    </DisjointClasses>
    <DisjointClasses>
        <Class IRI="#Equipment"/>
        <Class IRI="#Project"/>
    </DisjointClasses>
    <DisjointClasses>
        <Class IRI="#Experiment_description"/>
        <Class IRI="#Experimental_factors"/>
    </DisjointClasses>
    <DisjointClasses>
        <Class IRI="#Experiment_description"/>
        <Class IRI="#Format"/>
    </DisjointClasses>
    <DisjointClasses>
        <Class IRI="#Experiment_description"/>
        <Class IRI="#Person"/>
    </DisjointClasses>
    <DisjointClasses>
        <Class IRI="#Experiment_description"/>
        <Class IRI="#Project"/>
    </DisjointClasses>
    <DisjointClasses>
        <Class IRI="#Experimental_assay_type"/>
        <Class IRI="#Model_analysis_type"/>
        <Class IRI="#informatics_analysis_type"/>
    </DisjointClasses>
    <DisjointClasses>
        <Class IRI="#Experimental_factors"/>
        <Class IRI="#Format"/>
    </DisjointClasses>
    <DisjointClasses>
        <Class IRI="#Experimental_factors"/>
        <Class IRI="#Person"/>
    </DisjointClasses>
    <DisjointClasses>
        <Class IRI="#Experimental_factors"/>
        <Class IRI="#Project"/>
    </DisjointClasses>
    <DisjointClasses>
        <Class IRI="#Fluxomics"/>
        <Class IRI="#Genomics"/>
        <Class IRI="#Interactomics"/>
        <Class IRI="#Organism_or_strain_characterisation"/>
        <Class IRI="#Proteomics"/>
        <Class IRI="#Reactomics"/>
        <Class IRI="#Single_cell"/>
        <Class IRI="#Transcriptomics"/>
    </DisjointClasses>
    <DisjointClasses>
        <Class IRI="#Format"/>
        <Class IRI="#Person"/>
    </DisjointClasses>
    <DisjointClasses>
        <Class IRI="#Format"/>
        <Class IRI="#Project"/>
    </DisjointClasses>
    <DisjointClasses>
        <Class IRI="#Functional_entity"/>
        <Class IRI="#Material_entity"/>
    </DisjointClasses>
    <DisjointClasses>
        <Class IRI="#Gene"/>
        <Class IRI="#Organism"/>
    </DisjointClasses>
    <DisjointClasses>
        <Class IRI="#Gene"/>
        <Class IRI="#Protein"/>
    </DisjointClasses>
    <DisjointClasses>
        <Class IRI="#Investigation"/>
        <Class IRI="#Study"/>
    </DisjointClasses>
    <DisjointClasses>
        <Class IRI="#Model_execution_environment"/>
        <Class IRI="#Model_format"/>
    </DisjointClasses>
    <DisjointClasses>
        <Class IRI="#Model_execution_environment"/>
        <Class IRI="#SOP_file_format"/>
    </DisjointClasses>
    <DisjointClasses>
        <Class IRI="#Model_format"/>
        <Class IRI="#SOP_file_format"/>
    </DisjointClasses>
    <DisjointClasses>
        <Class IRI="#Organism"/>
        <Class IRI="#Protein"/>
    </DisjointClasses>
    <DisjointClasses>
        <Class IRI="#Person"/>
        <Class IRI="#Project"/>
    </DisjointClasses>
    <ClassAssertion>
        <Class IRI="#Project"/>
        <NamedIndividual IRI="#BaCell"/>
    </ClassAssertion>
    <ClassAssertion>
        <Class abbreviatedIRI="owl:Thing"/>
        <NamedIndividual IRI="#BaCell"/>
    </ClassAssertion>
    <ClassAssertion>
        <Class IRI="#Organism"/>
        <NamedIndividual IRI="#Bacillus_subtilis"/>
    </ClassAssertion>
    <ClassAssertion>
        <Class abbreviatedIRI="owl:Thing"/>
        <NamedIndividual IRI="#Bacillus_subtilis"/>
    </ClassAssertion>
    <ClassAssertion>
        <Class IRI="#Model_execution_environment"/>
        <NamedIndividual IRI="#COPASI"/>
    </ClassAssertion>
    <ClassAssertion>
        <Class IRI="#Project"/>
        <NamedIndividual IRI="#COSMIC"/>
    </ClassAssertion>
    <ClassAssertion>
        <Class abbreviatedIRI="owl:Thing"/>
        <NamedIndividual IRI="#COSMIC"/>
    </ClassAssertion>
    <ClassAssertion>
        <Class IRI="#Organism"/>
        <NamedIndividual IRI="#Clostridium_acetobutylicum"/>
    </ClassAssertion>
    <ClassAssertion>
        <Class abbreviatedIRI="owl:Thing"/>
        <NamedIndividual IRI="#Clostridium_acetobutylicum"/>
    </ClassAssertion>
    <ClassAssertion>
        <Class IRI="#Organism"/>
        <NamedIndividual IRI="#Enterococcus_faecalis"/>
    </ClassAssertion>
    <ClassAssertion>
        <Class abbreviatedIRI="owl:Thing"/>
        <NamedIndividual IRI="#Enterococcus_faecalis"/>
    </ClassAssertion>
    <ClassAssertion>
        <Class IRI="#Organism"/>
        <NamedIndividual IRI="#Escherichia_coli"/>
    </ClassAssertion>
    <ClassAssertion>
        <Class abbreviatedIRI="owl:Thing"/>
        <NamedIndividual IRI="#Escherichia_coli"/>
    </ClassAssertion>
    <ClassAssertion>
        <Class IRI="#Physical_file_format"/>
        <NamedIndividual IRI="#Excel"/>
    </ClassAssertion>
    <ClassAssertion>
        <Class IRI="#Model_execution_environment"/>
        <NamedIndividual IRI="#FLAME"/>
    </ClassAssertion>
    <ClassAssertion>
        <Class IRI="#Model_execution_environment"/>
        <NamedIndividual IRI="#JADE"/>
    </ClassAssertion>
    <ClassAssertion>
        <Class IRI="#Model_execution_environment"/>
        <NamedIndividual IRI="#JWS_Online"/>
    </ClassAssertion>
    <ClassAssertion>
        <Class IRI="#Project"/>
        <NamedIndividual IRI="#KOSMOBAC"/>
    </ClassAssertion>
    <ClassAssertion>
        <Class abbreviatedIRI="owl:Thing"/>
        <NamedIndividual IRI="#KOSMOBAC"/>
    </ClassAssertion>
    <ClassAssertion>
        <Class IRI="#Organism"/>
        <NamedIndividual IRI="#Lactococcus_lactis"/>
    </ClassAssertion>
    <ClassAssertion>
        <Class abbreviatedIRI="owl:Thing"/>
        <NamedIndividual IRI="#Lactococcus_lactis"/>
    </ClassAssertion>
    <ClassAssertion>
        <Class IRI="#Project"/>
        <NamedIndividual IRI="#MOSES"/>
    </ClassAssertion>
    <ClassAssertion>
        <Class abbreviatedIRI="owl:Thing"/>
        <NamedIndividual IRI="#MOSES"/>
    </ClassAssertion>
    <ClassAssertion>
        <Class IRI="#Model_execution_environment"/>
        <NamedIndividual IRI="#MatLab"/>
    </ClassAssertion>
    <ClassAssertion>
        <Class IRI="#Project"/>
        <NamedIndividual IRI="#Noisy-Strep"/>
    </ClassAssertion>
    <ClassAssertion>
        <Class abbreviatedIRI="owl:Thing"/>
        <NamedIndividual IRI="#Noisy-Strep"/>
    </ClassAssertion>
    <ClassAssertion>
        <Class IRI="#Project"/>
        <NamedIndividual IRI="#PSYSMO"/>
    </ClassAssertion>
    <ClassAssertion>
        <Class abbreviatedIRI="owl:Thing"/>
        <NamedIndividual IRI="#PSYSMO"/>
    </ClassAssertion>
    <ClassAssertion>
        <Class IRI="#Organism"/>
        <NamedIndividual IRI="#Pseudomonas_fluorescens"/>
    </ClassAssertion>
    <ClassAssertion>
        <Class abbreviatedIRI="owl:Thing"/>
        <NamedIndividual IRI="#Pseudomonas_fluorescens"/>
    </ClassAssertion>
    <ClassAssertion>
        <Class IRI="#Organism"/>
        <NamedIndividual IRI="#Pseudomonas_putida"/>
    </ClassAssertion>
    <ClassAssertion>
        <Class abbreviatedIRI="owl:Thing"/>
        <NamedIndividual IRI="#Pseudomonas_putida"/>
    </ClassAssertion>
    <ClassAssertion>
        <Class IRI="#Project"/>
        <NamedIndividual IRI="#STREAM"/>
    </ClassAssertion>
    <ClassAssertion>
        <Class abbreviatedIRI="owl:Thing"/>
        <NamedIndividual IRI="#STREAM"/>
    </ClassAssertion>
    <ClassAssertion>
        <Class IRI="#Project"/>
        <NamedIndividual IRI="#SUMO"/>
    </ClassAssertion>
    <ClassAssertion>
        <Class abbreviatedIRI="owl:Thing"/>
        <NamedIndividual IRI="#SUMO"/>
    </ClassAssertion>
    <ClassAssertion>
        <Class IRI="#Organism"/>
        <NamedIndividual IRI="#Saccharomyces_cerevisiae"/>
    </ClassAssertion>
    <ClassAssertion>
        <Class abbreviatedIRI="owl:Thing"/>
        <NamedIndividual IRI="#Saccharomyces_cerevisiae"/>
    </ClassAssertion>
    <ClassAssertion>
        <Class IRI="#Project"/>
        <NamedIndividual IRI="#ScaRAB"/>
    </ClassAssertion>
    <ClassAssertion>
        <Class abbreviatedIRI="owl:Thing"/>
        <NamedIndividual IRI="#ScaRAB"/>
    </ClassAssertion>
    <ClassAssertion>
        <Class IRI="#Project"/>
        <NamedIndividual IRI="#SilicoTryp"/>
    </ClassAssertion>
    <ClassAssertion>
        <Class abbreviatedIRI="owl:Thing"/>
        <NamedIndividual IRI="#SilicoTryp"/>
    </ClassAssertion>
    <ClassAssertion>
        <Class IRI="#Organism"/>
        <NamedIndividual IRI="#Streptococcus_pneumoniae"/>
    </ClassAssertion>
    <ClassAssertion>
        <Class abbreviatedIRI="owl:Thing"/>
        <NamedIndividual IRI="#Streptococcus_pneumoniae"/>
    </ClassAssertion>
    <ClassAssertion>
        <Class IRI="#Organism"/>
        <NamedIndividual IRI="#Streptococcus_pyogenes"/>
    </ClassAssertion>
    <ClassAssertion>
        <Class abbreviatedIRI="owl:Thing"/>
        <NamedIndividual IRI="#Streptococcus_pyogenes"/>
    </ClassAssertion>
    <ClassAssertion>
        <Class IRI="#Organism"/>
        <NamedIndividual IRI="#Streptomyces_coelicolor"/>
    </ClassAssertion>
    <ClassAssertion>
        <Class abbreviatedIRI="owl:Thing"/>
        <NamedIndividual IRI="#Streptomyces_coelicolor"/>
    </ClassAssertion>
    <ClassAssertion>
        <Class IRI="#Project"/>
        <NamedIndividual IRI="#SulfoSys"/>
    </ClassAssertion>
    <ClassAssertion>
        <Class abbreviatedIRI="owl:Thing"/>
        <NamedIndividual IRI="#SulfoSys"/>
    </ClassAssertion>
    <ClassAssertion>
        <Class IRI="#Organism"/>
        <NamedIndividual IRI="#Sulfolobus_solfataricus"/>
    </ClassAssertion>
    <ClassAssertion>
        <Class abbreviatedIRI="owl:Thing"/>
        <NamedIndividual IRI="#Sulfolobus_solfataricus"/>
    </ClassAssertion>
    <ClassAssertion>
        <Class IRI="#Project"/>
        <NamedIndividual IRI="#SysMO-DB"/>
    </ClassAssertion>
    <ClassAssertion>
        <Class IRI="#Project"/>
        <NamedIndividual IRI="#SysmoLab"/>
    </ClassAssertion>
    <ClassAssertion>
        <Class abbreviatedIRI="owl:Thing"/>
        <NamedIndividual IRI="#SysmoLab"/>
    </ClassAssertion>
    <ClassAssertion>
        <Class IRI="#Project"/>
        <NamedIndividual IRI="#Translucent"/>
    </ClassAssertion>
    <ClassAssertion>
        <Class abbreviatedIRI="owl:Thing"/>
        <NamedIndividual IRI="#Translucent"/>
    </ClassAssertion>
    <ClassAssertion>
        <Class IRI="#Organism"/>
        <NamedIndividual IRI="#Trypanosoma_brucei"/>
    </ClassAssertion>
    <ClassAssertion>
        <Class abbreviatedIRI="owl:Thing"/>
        <NamedIndividual IRI="#Trypanosoma_brucei"/>
    </ClassAssertion>
    <ClassAssertion>
        <Class IRI="#Physical_file_format"/>
        <NamedIndividual IRI="#image"/>
    </ClassAssertion>
    <ObjectPropertyAssertion>
        <ObjectProperty IRI="#investigates"/>
        <NamedIndividual IRI="#BaCell"/>
        <NamedIndividual IRI="#Bacillus_subtilis"/>
    </ObjectPropertyAssertion>
    <ObjectPropertyAssertion>
        <ObjectProperty IRI="#is_investigated_by"/>
        <NamedIndividual IRI="#Bacillus_subtilis"/>
        <NamedIndividual IRI="#BaCell"/>
    </ObjectPropertyAssertion>
    <ObjectPropertyAssertion>
        <ObjectProperty IRI="#investigates"/>
        <NamedIndividual IRI="#COSMIC"/>
        <NamedIndividual IRI="#Clostridium_acetobutylicum"/>
    </ObjectPropertyAssertion>
    <ObjectPropertyAssertion>
        <ObjectProperty IRI="#is_investigated_by"/>
        <NamedIndividual IRI="#Clostridium_acetobutylicum"/>
        <NamedIndividual IRI="#COSMIC"/>
    </ObjectPropertyAssertion>
    <ObjectPropertyAssertion>
        <ObjectProperty IRI="#is_investigated_by"/>
        <NamedIndividual IRI="#Enterococcus_faecalis"/>
        <NamedIndividual IRI="#SysmoLab"/>
    </ObjectPropertyAssertion>
    <ObjectPropertyAssertion>
        <ObjectProperty IRI="#is_investigated_by"/>
        <NamedIndividual IRI="#Escherichia_coli"/>
        <NamedIndividual IRI="#KOSMOBAC"/>
    </ObjectPropertyAssertion>
    <ObjectPropertyAssertion>
        <ObjectProperty IRI="#is_investigated_by"/>
        <NamedIndividual IRI="#Escherichia_coli"/>
        <NamedIndividual IRI="#SUMO"/>
    </ObjectPropertyAssertion>
    <ObjectPropertyAssertion>
        <ObjectProperty IRI="#investigates"/>
        <NamedIndividual IRI="#MOSES"/>
        <NamedIndividual IRI="#Saccharomyces_cerevisiae"/>
    </ObjectPropertyAssertion>
    <ObjectPropertyAssertion>
        <ObjectProperty IRI="#investigates"/>
        <NamedIndividual IRI="#PSYSMO"/>
        <NamedIndividual IRI="#Pseudomonas_putida"/>
    </ObjectPropertyAssertion>
    <ObjectPropertyAssertion>
        <ObjectProperty IRI="#is_investigated_by"/>
        <NamedIndividual IRI="#Pseudomonas_fluorescens"/>
        <NamedIndividual IRI="#ScaRAB"/>
    </ObjectPropertyAssertion>
    <ObjectPropertyAssertion>
        <ObjectProperty IRI="#investigates"/>
        <NamedIndividual IRI="#STREAM"/>
        <NamedIndividual IRI="#Streptomyces_coelicolor"/>
    </ObjectPropertyAssertion>
    <ObjectPropertyAssertion>
        <ObjectProperty IRI="#is_investigated_by"/>
        <NamedIndividual IRI="#Streptococcus_pneumoniae"/>
        <NamedIndividual IRI="#SilicoTryp"/>
    </ObjectPropertyAssertion>
    <ObjectPropertyAssertion>
        <ObjectProperty IRI="#investigates"/>
        <NamedIndividual IRI="#SulfoSys"/>
        <NamedIndividual IRI="#Sulfolobus_solfataricus"/>
    </ObjectPropertyAssertion>
    <ObjectPropertyAssertion>
        <ObjectProperty IRI="#investigates"/>
        <NamedIndividual IRI="#SysmoLab"/>
        <NamedIndividual IRI="#Enterococcus_faecalis"/>
    </ObjectPropertyAssertion>
    <ObjectPropertyAssertion>
        <ObjectProperty IRI="#investigates"/>
        <NamedIndividual IRI="#SysmoLab"/>
        <NamedIndividual IRI="#Lactococcus_lactis"/>
    </ObjectPropertyAssertion>
    <ObjectPropertyAssertion>
        <ObjectProperty IRI="#investigates"/>
        <NamedIndividual IRI="#SysmoLab"/>
        <NamedIndividual IRI="#Streptococcus_pyogenes"/>
    </ObjectPropertyAssertion>
    <ObjectPropertyAssertion>
        <ObjectProperty IRI="#investigates"/>
        <NamedIndividual IRI="#Translucent"/>
        <NamedIndividual IRI="#Saccharomyces_cerevisiae"/>
    </ObjectPropertyAssertion>
    <ObjectPropertyAssertion>
        <ObjectProperty IRI="#is_investigated_by"/>
        <NamedIndividual IRI="#Trypanosoma_brucei"/>
        <NamedIndividual IRI="#Noisy-Strep"/>
    </ObjectPropertyAssertion>
    <SubObjectPropertyOf>
        <ObjectProperty IRI="#hasCreator"/>
        <ObjectProperty IRI="#hasContributor"/>
    </SubObjectPropertyOf>
    <SubObjectPropertyOf>
        <ObjectProperty IRI="#isCreatorOf"/>
        <ObjectProperty IRI="#isContributorOf"/>
    </SubObjectPropertyOf>
    <InverseObjectProperties>
        <ObjectProperty IRI="#hasContributor"/>
        <ObjectProperty IRI="#isContributorOf"/>
    </InverseObjectProperties>
    <InverseObjectProperties>
        <ObjectProperty IRI="#hasFormat"/>
        <ObjectProperty IRI="#isFormatOf"/>
    </InverseObjectProperties>
    <InverseObjectProperties>
        <ObjectProperty IRI="#hasItem"/>
        <ObjectProperty IRI="#itemProducedBy"/>
    </InverseObjectProperties>
    <InverseObjectProperties>
        <ObjectProperty IRI="#hasPart"/>
        <ObjectProperty IRI="#isPartOf"/>
    </InverseObjectProperties>
    <InverseObjectProperties>
        <ObjectProperty IRI="#hasType"/>
        <ObjectProperty IRI="#isTypeOf"/>
    </InverseObjectProperties>
    <InverseObjectProperties>
        <ObjectProperty IRI="#investigates"/>
        <ObjectProperty IRI="#is_investigated_by"/>
    </InverseObjectProperties>
    <InverseObjectProperties>
        <ObjectProperty IRI="#technologyUsedIn"/>
        <ObjectProperty IRI="#usesTechnology"/>
    </InverseObjectProperties>
    <TransitiveObjectProperty>
        <ObjectProperty IRI="#hasCreator"/>
    </TransitiveObjectProperty>
    <ObjectPropertyDomain>
        <ObjectProperty IRI="#hasCharacteristics"/>
        <Class IRI="#Bio_material"/>
    </ObjectPropertyDomain>
    <ObjectPropertyDomain>
        <ObjectProperty IRI="#hasFormat"/>
        <Class IRI="#Asset"/>
    </ObjectPropertyDomain>
    <ObjectPropertyDomain>
        <ObjectProperty IRI="#hasItem"/>
        <Class IRI="#Project"/>
    </ObjectPropertyDomain>
    <ObjectPropertyDomain>
        <ObjectProperty IRI="#hasType"/>
        <Class IRI="#Assay"/>
    </ObjectPropertyDomain>
    <ObjectPropertyDomain>
        <ObjectProperty IRI="#isContributorOf"/>
        <Class IRI="#Person"/>
    </ObjectPropertyDomain>
    <ObjectPropertyDomain>
        <ObjectProperty IRI="#isCreatorOf"/>
        <Class IRI="#Person"/>
    </ObjectPropertyDomain>
    <ObjectPropertyDomain>
        <ObjectProperty IRI="#isFormatOf"/>
        <Class IRI="#Format"/>
    </ObjectPropertyDomain>
    <ObjectPropertyDomain>
        <ObjectProperty IRI="#is_investigated_by"/>
        <Class IRI="#Organism"/>
    </ObjectPropertyDomain>
    <ObjectPropertyDomain>
        <ObjectProperty IRI="#isconstructedFrom"/>
        <Class IRI="#Model"/>
    </ObjectPropertyDomain>
    <ObjectPropertyDomain>
        <ObjectProperty IRI="#technologyUsedIn"/>
        <Class IRI="#Technology_type"/>
    </ObjectPropertyDomain>
    <ObjectPropertyDomain>
        <ObjectProperty IRI="#usesTechnology"/>
        <Class IRI="#Assay_type"/>
    </ObjectPropertyDomain>
    <ObjectPropertyRange>
        <ObjectProperty IRI="#hasCharacteristics"/>
        <Class IRI="#Characteristic_for_specimen_or_sample"/>
    </ObjectPropertyRange>
    <ObjectPropertyRange>
        <ObjectProperty IRI="#hasContributor"/>
        <Class IRI="#Person"/>
    </ObjectPropertyRange>
    <ObjectPropertyRange>
        <ObjectProperty IRI="#hasCreator"/>
        <Class IRI="#Person"/>
    </ObjectPropertyRange>
    <ObjectPropertyRange>
        <ObjectProperty IRI="#hasFormat"/>
        <Class IRI="#Format"/>
    </ObjectPropertyRange>
    <ObjectPropertyRange>
        <ObjectProperty IRI="#investigates"/>
        <Class IRI="#Organism"/>
    </ObjectPropertyRange>
    <ObjectPropertyRange>
        <ObjectProperty IRI="#isFormatOf"/>
        <Class IRI="#Asset"/>
    </ObjectPropertyRange>
    <ObjectPropertyRange>
        <ObjectProperty IRI="#isTypeOf"/>
        <Class IRI="#Assay"/>
    </ObjectPropertyRange>
    <ObjectPropertyRange>
        <ObjectProperty IRI="#itemProducedBy"/>
        <Class IRI="#Project"/>
    </ObjectPropertyRange>
    <ObjectPropertyRange>
        <ObjectProperty IRI="#technologyUsedIn"/>
        <Class IRI="#Assay_type"/>
    </ObjectPropertyRange>
    <ObjectPropertyRange>
        <ObjectProperty IRI="#usesTechnology"/>
        <Class IRI="#Technology_type"/>
    </ObjectPropertyRange>
    <SubDataPropertyOf>
        <DataProperty IRI="#ECNumber"/>
        <DataProperty IRI="#identifier"/>
    </SubDataPropertyOf>
    <SubDataPropertyOf>
        <DataProperty IRI="#External_supplier_ID"/>
        <DataProperty IRI="#identifier"/>
    </SubDataPropertyOf>
    <SubDataPropertyOf>
        <DataProperty IRI="#Lab_internal_ID"/>
        <DataProperty IRI="#identifier"/>
    </SubDataPropertyOf>
    <SubDataPropertyOf>
        <DataProperty IRI="#NCBI_ID"/>
        <DataProperty IRI="#identifier"/>
    </SubDataPropertyOf>
    <SubDataPropertyOf>
        <DataProperty IRI="#SEEKID"/>
        <DataProperty IRI="#identifier"/>
    </SubDataPropertyOf>
    <SubDataPropertyOf>
        <DataProperty IRI="#Sabio-RK_ID"/>
        <DataProperty IRI="#identifier"/>
    </SubDataPropertyOf>
    <SubDataPropertyOf>
        <DataProperty IRI="#WebLink"/>
        <DataProperty IRI="#identifier"/>
    </SubDataPropertyOf>
    <SubDataPropertyOf>
        <DataProperty IRI="#sequence_accession"/>
        <DataProperty IRI="#identifier"/>
    </SubDataPropertyOf>
    <SubDataPropertyOf>
        <DataProperty IRI="#age_of_specimen/culture"/>
        <DataProperty abbreviatedIRI="owl:topDataProperty"/>
    </SubDataPropertyOf>
    <DataPropertyDomain>
        <DataProperty IRI="#manufacturer"/>
        <Class IRI="#Instrument"/>
    </DataPropertyDomain>
</Ontology>



<!-- Generated by the OWL API (version 4.2.8) https://github.com/owlcs/owlapi -->

