<?xml version="1.0"?>
<Ontology xmlns="http://www.w3.org/2002/07/owl#"
     xml:base="http://neomark.owl"
     xmlns:rdf="http://www.w3.org/1999/02/22-rdf-syntax-ns#"
     xmlns:xml="http://www.w3.org/XML/1998/namespace"
     xmlns:xsd="http://www.w3.org/2001/XMLSchema#"
     xmlns:rdfs="http://www.w3.org/2000/01/rdf-schema#"
     ontologyIRI="http://neomark.owl">
    <Prefix name="owl" IRI="http://www.w3.org/2002/07/owl#"/>
    <Prefix name="rdf" IRI="http://www.w3.org/1999/02/22-rdf-syntax-ns#"/>
    <Prefix name="xml" IRI="http://www.w3.org/XML/1998/namespace"/>
    <Prefix name="xsd" IRI="http://www.w3.org/2001/XMLSchema#"/>
    <Prefix name="rdfs" IRI="http://www.w3.org/2000/01/rdf-schema#"/>
    <Declaration>
        <Class IRI="#total_pharyngectomy"/>
    </Declaration>
    <Declaration>
        <Class IRI="#lymph_node_extra_capsular_spreading"/>
    </Declaration>
    <Declaration>
        <Class IRI="http://purl.org/obo/owl/DOID#DOID_8649"/>
    </Declaration>
    <Declaration>
        <Class IRI="#cervicofacial_flap"/>
    </Declaration>
    <Declaration>
        <Class IRI="#maxilectomy"/>
    </Declaration>
    <Declaration>
        <Class IRI="#tumor_related_muscle_atrophy"/>
    </Declaration>
    <Declaration>
        <Class IRI="#tumor_spread_across_midline"/>
    </Declaration>
    <Declaration>
        <Class IRI="#tumor_internal_carotid_invasion"/>
    </Declaration>
    <Declaration>
        <Class IRI="#tumor_cuataneous_invasion"/>
    </Declaration>
    <Declaration>
        <Class IRI="http://purl.org/obo/owl/DOID#DOID_9055"/>
    </Declaration>
    <Declaration>
        <Class IRI="#sialoadenectomy"/>
    </Declaration>
    <Declaration>
        <Class IRI="#facial_artery_flap"/>
    </Declaration>
    <Declaration>
        <Class IRI="http://purl.org/obo/owl/DOID#DOID_9057"/>
    </Declaration>
    <Declaration>
        <Class IRI="#latissimus_dorsii_flap"/>
    </Declaration>
    <Declaration>
        <Class IRI="http://purl.org/obo/owl/DOID#DOID_9058"/>
    </Declaration>
    <Declaration>
        <Class IRI="http://purl.org/obo/owl/DOID#DOID_8883"/>
    </Declaration>
    <Declaration>
        <Class IRI="#tumor_necrosis"/>
    </Declaration>
    <Declaration>
        <Class IRI="#Posterior-Inferior_Extension"/>
    </Declaration>
    <Declaration>
        <Class IRI="#fibula_flap"/>
    </Declaration>
    <Declaration>
        <Class IRI="http://purl.org/obo/owl/DOID#DOID_9173"/>
    </Declaration>
    <Declaration>
        <Class IRI="#external_vestibular_corticotomy"/>
    </Declaration>
    <Declaration>
        <Class IRI="#resection"/>
    </Declaration>
    <Declaration>
        <Class IRI="#corticotomy"/>
    </Declaration>
    <Declaration>
        <Class IRI="#lymph_node_homolateral_station"/>
    </Declaration>
    <Declaration>
        <Class IRI="#partial_pharyngectomy"/>
    </Declaration>
    <Declaration>
        <Class IRI="#tumor_thickness"/>
    </Declaration>
    <Declaration>
        <Class IRI="http://www.ifomis.org/bfo/1.1/snap#RealizableEntity"/>
    </Declaration>
    <Declaration>
        <Class IRI="#segmental_left_mandibulectomy"/>
    </Declaration>
    <Declaration>
        <Class IRI="#tumor_perineural_infiltration"/>
    </Declaration>
    <Declaration>
        <ObjectProperty IRI="http://www.obofoundry.org/ro/ro.owl#agent_in"/>
    </Declaration>
    <Declaration>
        <Class IRI="#lymph_node_consistence"/>
    </Declaration>
    <Declaration>
        <Class IRI="#thyreolingual_trunk_flap"/>
    </Declaration>
    <Declaration>
        <Class IRI="#tumor_floor_of_the_mouth_invasion"/>
    </Declaration>
    <Declaration>
        <Class IRI="#speech_evaluation"/>
    </Declaration>
    <Declaration>
        <Class IRI="#tumor_grade_of_differentiation"/>
    </Declaration>
    <Declaration>
        <Class IRI="http://purl.org/obo/owl/DOID#DOID_8635"/>
    </Declaration>
    <Declaration>
        <Class IRI="http://purl.org/obo/owl/DOID#DOID_8999"/>
    </Declaration>
    <Declaration>
        <Class IRI="#internal_lugular_vein_flap"/>
    </Declaration>
    <Declaration>
        <Class IRI="#tumor_number_of_mitoses_per_10_HPF"/>
    </Declaration>
    <Declaration>
        <Class IRI="#other_nerve_flap"/>
    </Declaration>
    <Declaration>
        <Class IRI="#segmental_right_maxilectomy"/>
    </Declaration>
    <Declaration>
        <Class IRI="#Inferior_Extension"/>
    </Declaration>
    <Declaration>
        <Class IRI="http://www.ifomis.org/bfo/1.1/snap#Disposition"/>
    </Declaration>
    <Declaration>
        <Class IRI="http://purl.org/obo/owl/DOID#DOID_9168"/>
    </Declaration>
    <Declaration>
        <Class IRI="http://purl.org/obo/owl/DOID#DOID_8630"/>
    </Declaration>
    <Declaration>
        <Class IRI="#genomic_reoccurrence_prediction"/>
    </Declaration>
    <Declaration>
        <Class IRI="#tumor_extra_spreading"/>
    </Declaration>
    <Declaration>
        <Class IRI="http://purl.org/obo/owl/DOID#DOID_9160"/>
    </Declaration>
    <Declaration>
        <Class IRI="#full_thickness_resection"/>
    </Declaration>
    <Declaration>
        <Class IRI="#lymph_node_bilateral_station"/>
    </Declaration>
    <Declaration>
        <Class IRI="#tumor_macroscopic_view"/>
    </Declaration>
    <Declaration>
        <Class IRI="#lymph_node_texture"/>
    </Declaration>
    <Declaration>
        <Class IRI="#respiration_evaluation"/>
    </Declaration>
    <Declaration>
        <Class IRI="http://purl.obolibrary.org/obo/OBI_0000118"/>
    </Declaration>
    <Declaration>
        <Class IRI="#gene_ontology_term"/>
    </Declaration>
    <Declaration>
        <Class IRI="http://purl.org/obo/owl/DOID#DOID_9197"/>
    </Declaration>
    <Declaration>
        <Class IRI="http://purl.org/obo/owl/DOID#DOID_8660"/>
    </Declaration>
    <Declaration>
        <Class IRI="#tumor_sublingual_space_invasion"/>
    </Declaration>
    <Declaration>
        <Class IRI="http://www.ifomis.org/bfo/1.1/snap#GenericallyDependentContinuant"/>
    </Declaration>
    <Declaration>
        <Class IRI="#lymph_node_quantity"/>
    </Declaration>
    <Declaration>
        <Class IRI="#hemimandibulectomy"/>
    </Declaration>
    <Declaration>
        <Class IRI="http://purl.org/obo/owl/DOID#DOID_8663"/>
    </Declaration>
    <Declaration>
        <Class IRI="#total_mandibulectomy"/>
    </Declaration>
    <Declaration>
        <Class IRI="#post_treatment"/>
    </Declaration>
    <Declaration>
        <Class IRI="#temporalis_flap"/>
    </Declaration>
    <Declaration>
        <Class IRI="#gorilla_input_gene_list"/>
    </Declaration>
    <Declaration>
        <Class IRI="#tumor_pathological_invasion"/>
    </Declaration>
    <Declaration>
        <Class IRI="#pelvectomy"/>
    </Declaration>
    <Declaration>
        <Class IRI="#lymph_node_cluster"/>
    </Declaration>
    <Declaration>
        <Class IRI="#tumor_maxilary_sinus_invasion"/>
    </Declaration>
    <Declaration>
        <Class IRI="#segmental_maxilectomy"/>
    </Declaration>
    <Declaration>
        <Class IRI="#free_flap"/>
    </Declaration>
    <Declaration>
        <Class IRI="#microarray_input_gene_list"/>
    </Declaration>
    <Declaration>
        <Class IRI="#trapezious_flap"/>
    </Declaration>
    <Declaration>
        <Class IRI="http://purl.org/obo/owl/DOID#DOID_8533"/>
    </Declaration>
    <Declaration>
        <Class IRI="http://purl.org/obo/owl/DOID#DOID_8896"/>
    </Declaration>
    <Declaration>
        <Class IRI="#lymph_node_contrast_take_up_rate"/>
    </Declaration>
    <Declaration>
        <Class IRI="#total_maxilectomy"/>
    </Declaration>
    <Declaration>
        <Class IRI="#tumor_contrast_take_up_rate"/>
    </Declaration>
    <Declaration>
        <Class IRI="#tumor_depth_of_invasion"/>
    </Declaration>
    <Declaration>
        <Class IRI="http://purl.org/obo/owl/DOID#DOID_8779"/>
    </Declaration>
    <Declaration>
        <Class IRI="#segmental_left_maxilectomy"/>
    </Declaration>
    <Declaration>
        <Class IRI="http://purl.org/obo/owl/DOID#DOID_9188"/>
    </Declaration>
    <Declaration>
        <Class IRI="http://purl.org/obo/owl/DOID#DOID_9068"/>
    </Declaration>
    <Declaration>
        <Class IRI="#tumor_EGFR_stain"/>
    </Declaration>
    <Declaration>
        <Class IRI="#family_malignance_history"/>
    </Declaration>
    <Declaration>
        <ObjectProperty IRI="http://www.obofoundry.org/ro/ro.owl#contained_in"/>
    </Declaration>
    <Declaration>
        <Class IRI="#cordectomy"/>
    </Declaration>
    <Declaration>
        <Class IRI="#infection"/>
    </Declaration>
    <Declaration>
        <Class IRI="http://purl.org/obo/owl/DOID#DOID_462"/>
    </Declaration>
    <Declaration>
        <Class IRI="#hemimaxilectomy"/>
    </Declaration>
    <Declaration>
        <Class IRI="#anterolateral_tigh_flap"/>
    </Declaration>
    <Declaration>
        <Class IRI="#Lateral_Extension"/>
    </Declaration>
    <Declaration>
        <Class IRI="http://purl.org/obo/owl/DOID#DOID_8688"/>
    </Declaration>
    <Declaration>
        <Class IRI="http://purl.org/obo/owl/DOID#DOID_449"/>
    </Declaration>
    <Declaration>
        <Class IRI="#lymph_node_form"/>
    </Declaration>
    <Declaration>
        <Class IRI="#surgical_treatment"/>
    </Declaration>
    <Declaration>
        <Class IRI="#tumor_skull_base_invasion"/>
    </Declaration>
    <Declaration>
        <Class IRI="#hemiglossectomy"/>
    </Declaration>
    <Declaration>
        <Class IRI="#tumor_lymphovascular_invasion"/>
    </Declaration>
    <Declaration>
        <Class IRI="#lymph_node_necrosis"/>
    </Declaration>
    <Declaration>
        <Class IRI="http://purl.org/obo/owl/DOID#DOID_8684"/>
    </Declaration>
    <Declaration>
        <Class IRI="http://purl.org/obo/owl/DOID#DOID_8564"/>
    </Declaration>
    <Declaration>
        <Class IRI="#mechanical_trauma"/>
    </Declaration>
    <Declaration>
        <Class IRI="#tumor_Martinez-Gimeno_score"/>
    </Declaration>
    <Declaration>
        <Class IRI="#lymph_node_shape_deviation"/>
    </Declaration>
    <Declaration>
        <Class IRI="#tumor_invasion"/>
    </Declaration>
    <Declaration>
        <Class IRI="#Medial_Extension"/>
    </Declaration>
    <Declaration>
        <Class IRI="#lymph_node_bone_infiltration"/>
    </Declaration>
    <Declaration>
        <ObjectProperty IRI="http://www.obofoundry.org/ro/ro.owl#preceded_by"/>
    </Declaration>
    <Declaration>
        <Class IRI="http://www.ifomis.org/bfo/1.1/snap#MaterialEntity"/>
    </Declaration>
    <Declaration>
        <Class IRI="#tumor_pathological_data"/>
    </Declaration>
    <Declaration>
        <Class IRI="#tumor_previous_pathological_sample"/>
    </Declaration>
    <Declaration>
        <Class IRI="#gene_ontology_term_list"/>
    </Declaration>
    <Declaration>
        <Class IRI="http://purl.org/obo/owl/DOID#DOID_8556"/>
    </Declaration>
    <Declaration>
        <Class IRI="#tumor_level_of_invasion"/>
    </Declaration>
    <Declaration>
        <Class IRI="http://purl.org/obo/owl/DOID#DOID_8557"/>
    </Declaration>
    <Declaration>
        <ObjectProperty IRI="http://www.obofoundry.org/ro/ro.owl#proper_part_of"/>
    </Declaration>
    <Declaration>
        <Class IRI="#lingual_artery_flap"/>
    </Declaration>
    <Declaration>
        <Class IRI="http://purl.obolibrary.org/obo/OGMS_0000014"/>
    </Declaration>
    <Declaration>
        <Class IRI="#tumor_parapharingeal_space_invasion"/>
    </Declaration>
    <Declaration>
        <Class IRI="#tumor_pterigo_palatine_invasion"/>
    </Declaration>
    <Declaration>
        <Class IRI="#patient_risk_factor"/>
    </Declaration>
    <Declaration>
        <Class IRI="http://purl.obolibrary.org/obo/OGMS_0000015"/>
    </Declaration>
    <Declaration>
        <Class IRI="#alcohol"/>
    </Declaration>
    <Declaration>
        <Class IRI="#tumor_degree_of_cells_keratinisation"/>
    </Declaration>
    <Declaration>
        <Class IRI="#Anterior_Extension"/>
    </Declaration>
    <Declaration>
        <ObjectProperty IRI="http://www.obofoundry.org/ro/ro.owl#has_improper_part"/>
    </Declaration>
    <Declaration>
        <Class IRI="#parathyroidectomy"/>
    </Declaration>
    <Declaration>
        <Class IRI="#tumor_nuclear_pleomorphism"/>
    </Declaration>
    <Declaration>
        <Class IRI="#tumor_HPV_DNA"/>
    </Declaration>
    <Declaration>
        <Class IRI="http://purl.obolibrary.org/obo/OGMS_0000018"/>
    </Declaration>
    <Declaration>
        <Class IRI="http://purl.obolibrary.org/obo/OGMS_0000017"/>
    </Declaration>
    <Declaration>
        <ObjectProperty IRI="http://www.obofoundry.org/ro/ro.owl#improper_part_of"/>
    </Declaration>
    <Declaration>
        <Class IRI="#tumor_basaloid_features"/>
    </Declaration>
    <Declaration>
        <Class IRI="#tumor_surgical_margins"/>
    </Declaration>
    <Declaration>
        <Class IRI="#tumor_HPV_Type"/>
    </Declaration>
    <Declaration>
        <Class IRI="#forearm_flap"/>
    </Declaration>
    <Declaration>
        <Class IRI="#tumor_bone_infiltration"/>
    </Declaration>
    <Declaration>
        <Class IRI="#paliative_treatment"/>
    </Declaration>
    <Declaration>
        <Class IRI="#microarray_output_gene_list"/>
    </Declaration>
    <Declaration>
        <Class IRI="http://purl.org/obo/owl/DOID#DOID_8900"/>
    </Declaration>
    <Declaration>
        <Class IRI="#glossectomy"/>
    </Declaration>
    <Declaration>
        <Class IRI="#precancerous_lesion"/>
    </Declaration>
    <Declaration>
        <Class IRI="#partial_glossectomy"/>
    </Declaration>
    <Declaration>
        <Class IRI="#tumor_stain"/>
    </Declaration>
    <Declaration>
        <Class IRI="#tumor_extension_site_C1"/>
    </Declaration>
    <Declaration>
        <Class IRI="#total_laryngectomy"/>
    </Declaration>
    <Declaration>
        <Class IRI="#lymph_node_invasion"/>
    </Declaration>
    <Declaration>
        <Class IRI="#tumor_extension_site_C0"/>
    </Declaration>
    <Declaration>
        <Class IRI="http://www.ifomis.org/bfo/1.1/span#Occurrent"/>
    </Declaration>
    <Declaration>
        <Class IRI="#tumor_site"/>
    </Declaration>
    <Declaration>
        <Class IRI="#pharyngectomy"/>
    </Declaration>
    <Declaration>
        <Class IRI="#segmental_mandibulectomy"/>
    </Declaration>
    <Declaration>
        <Class IRI="#illiac_crest_flap"/>
    </Declaration>
    <Declaration>
        <ObjectProperty IRI="http://www.obofoundry.org/ro/ro.owl#integral_part_of"/>
    </Declaration>
    <Declaration>
        <ObjectProperty IRI="http://purl.obolibrary.org/obo/IAO_0000136"/>
    </Declaration>
    <Declaration>
        <Class IRI="#nose_resection"/>
    </Declaration>
    <Declaration>
        <Class IRI="#non_surgical_treatment"/>
    </Declaration>
    <Declaration>
        <Class IRI="#diet_deficit"/>
    </Declaration>
    <Declaration>
        <Class IRI="http://purl.org/obo/owl/DOID#DOID_8578"/>
    </Declaration>
    <Declaration>
        <Class IRI="#lymph_node_carotid_infiltration"/>
    </Declaration>
    <Declaration>
        <Class IRI="http://purl.org/obo/owl/DOID#DOID_3680"/>
    </Declaration>
    <Declaration>
        <Class IRI="#tumor_side"/>
    </Declaration>
    <Declaration>
        <Class IRI="#social_rehabilitation"/>
    </Declaration>
    <Declaration>
        <Class IRI="#Anterior-Lateral_Extension"/>
    </Declaration>
    <Declaration>
        <Class IRI="http://purl.org/obo/owl/DOID#DOID_14566"/>
    </Declaration>
    <Declaration>
        <Class IRI="#lymph_node_contralateral_station"/>
    </Declaration>
    <Declaration>
        <Class IRI="#tumor_max_diameter"/>
    </Declaration>
    <Declaration>
        <Class IRI="#tumor_imaging_data"/>
    </Declaration>
    <Declaration>
        <Class IRI="#qPCR_input_gene_list"/>
    </Declaration>
    <Declaration>
        <ObjectProperty IRI="http://www.obofoundry.org/ro/ro.owl#location_of"/>
    </Declaration>
    <Declaration>
        <Class IRI="#lymph_node_site"/>
    </Declaration>
    <Declaration>
        <Class IRI="#skin_resection"/>
    </Declaration>
    <Declaration>
        <Class IRI="http://www.ifomis.org/bfo/1.1#Entity"/>
    </Declaration>
    <Declaration>
        <Class IRI="#dental_cusps"/>
    </Declaration>
    <Declaration>
        <Class IRI="#tobacco"/>
    </Declaration>
    <Declaration>
        <Class IRI="#tumor_ulceration"/>
    </Declaration>
    <Declaration>
        <ObjectProperty IRI="http://www.obofoundry.org/ro/ro.owl#has_integral_part"/>
    </Declaration>
    <Declaration>
        <Class IRI="#tumor_haemorrage"/>
    </Declaration>
    <Declaration>
        <Class IRI="#distant_pedicled_flap"/>
    </Declaration>
    <Declaration>
        <ObjectProperty IRI="http://www.obofoundry.org/ro/ro.owl#has_part"/>
    </Declaration>
    <Declaration>
        <Class IRI="#Posterior-Medial_Extension"/>
    </Declaration>
    <Declaration>
        <Class IRI="#tumor_perineural_invasion"/>
    </Declaration>
    <Declaration>
        <Class IRI="#microarray_data"/>
    </Declaration>
    <Declaration>
        <Class IRI="#lymph_node_minor_axis"/>
    </Declaration>
    <Declaration>
        <Class IRI="#lymph_node_side"/>
    </Declaration>
    <Declaration>
        <Class IRI="http://www.ifomis.org/bfo/1.1/snap#DependentContinuant"/>
    </Declaration>
    <Declaration>
        <Class IRI="#galvanic_current"/>
    </Declaration>
    <Declaration>
        <Class IRI="#Inferior-Medial_Extension"/>
    </Declaration>
    <Declaration>
        <Class IRI="#qPCR_data"/>
    </Declaration>
    <Declaration>
        <Class IRI="#palpebral_resection"/>
    </Declaration>
    <Declaration>
        <Class IRI="#tumor_clinical_data"/>
    </Declaration>
    <Declaration>
        <Class IRI="#lymph_node_depth"/>
    </Declaration>
    <Declaration>
        <Class IRI="#immunosupressor_tratment"/>
    </Declaration>
    <Declaration>
        <Class IRI="#tumor_metastasis_site"/>
    </Declaration>
    <Declaration>
        <Class IRI="http://www.ifomis.org/bfo/1.1/snap#Role"/>
    </Declaration>
    <Declaration>
        <Class IRI="#tumor_number_of_metastatic_lymphnodes_per_level"/>
    </Declaration>
    <Declaration>
        <Class IRI="#lymph_node_dimension"/>
    </Declaration>
    <Declaration>
        <Class IRI="#alveolar_resection"/>
    </Declaration>
    <Declaration>
        <Class IRI="#deglutition_evaluation"/>
    </Declaration>
    <Declaration>
        <Class IRI="#transverse_cervical_artery_flap"/>
    </Declaration>
    <Declaration>
        <Class IRI="#internal_lingual_corticotomy"/>
    </Declaration>
    <Declaration>
        <Class IRI="#Inferior-Lateral"/>
    </Declaration>
    <Declaration>
        <Class IRI="#nerve_resection"/>
    </Declaration>
    <Declaration>
        <ObjectProperty IRI="http://www.obofoundry.org/ro/ro.owl#has_agent"/>
    </Declaration>
    <Declaration>
        <Class IRI="#external_carotid_artery_flap"/>
    </Declaration>
    <Declaration>
        <ObjectProperty IRI="http://www.obofoundry.org/ro/ro.owl#contains"/>
    </Declaration>
    <Declaration>
        <Class IRI="#external_lugular_vein_flap"/>
    </Declaration>
    <Declaration>
        <Class IRI="#tumor_buccal_face_invasion"/>
    </Declaration>
    <Declaration>
        <ObjectProperty IRI="http://www.obofoundry.org/ro/ro.owl#derived_into"/>
    </Declaration>
    <Declaration>
        <Class IRI="http://www.ifomis.org/bfo/1.1/snap#Continuant"/>
    </Declaration>
    <Declaration>
        <Class IRI="http://www.ifomis.org/bfo/1.1/snap#IndependentContinuant"/>
    </Declaration>
    <Declaration>
        <Class IRI="#immunotherapy"/>
    </Declaration>
    <Declaration>
        <Class IRI="http://purl.org/obo/owl/DOID#DOID_8940"/>
    </Declaration>
    <Declaration>
        <Class IRI="#pectoralis_major_flap"/>
    </Declaration>
    <Declaration>
        <Class IRI="#tumor_localization_data"/>
    </Declaration>
    <Declaration>
        <Class IRI="http://purl.org/obo/owl/DOID#DOID_8702"/>
    </Declaration>
    <Declaration>
        <Class IRI="#subtotal_glossectomy"/>
    </Declaration>
    <Declaration>
        <Class IRI="#hypogloss_flap"/>
    </Declaration>
    <Declaration>
        <Class IRI="#Superior-Lateral_Extension"/>
    </Declaration>
    <Declaration>
        <Class IRI="#arterial_anastomosis_flap"/>
    </Declaration>
    <Declaration>
        <Class IRI="#facial_bone_resection"/>
    </Declaration>
    <Declaration>
        <Class IRI="#lymph_node_growing_rate"/>
    </Declaration>
    <Declaration>
        <Class IRI="#hard_palate_resection"/>
    </Declaration>
    <Declaration>
        <ObjectProperty IRI="http://www.obofoundry.org/ro/ro.owl#transformed_into"/>
    </Declaration>
    <Declaration>
        <Class IRI="http://purl.org/obo/owl/DOID#DOID_9235"/>
    </Declaration>
    <Declaration>
        <Class IRI="#tumor_pattern_of_invasion"/>
    </Declaration>
    <Declaration>
        <Class IRI="#other_locoregional_flap"/>
    </Declaration>
    <Declaration>
        <Class IRI="#clinical_reoccurrence_prediction"/>
    </Declaration>
    <Declaration>
        <Class IRI="http://purl.org/obo/owl/DOID#DOID_8937"/>
    </Declaration>
    <Declaration>
        <Class IRI="#other_arterial_flap"/>
    </Declaration>
    <Declaration>
        <Class IRI="#tumor_p53_stain"/>
    </Declaration>
    <Declaration>
        <Class IRI="#horizontal_supracricoid_laryngectomy"/>
    </Declaration>
    <Declaration>
        <Class IRI="http://purl.org/obo/owl/DOID#DOID_8930"/>
    </Declaration>
    <Declaration>
        <Class IRI="http://purl.org/obo/owl/DOID#DOID_9229"/>
    </Declaration>
    <Declaration>
        <Class IRI="#lymph_node_infiltration"/>
    </Declaration>
    <Declaration>
        <Class IRI="#laryngectomy"/>
    </Declaration>
    <Declaration>
        <Class IRI="#ionizing_radiation"/>
    </Declaration>
    <Declaration>
        <Class IRI="#oral_hygiene_habits"/>
    </Declaration>
    <Declaration>
        <Class IRI="http://purl.org/obo/owl/DOID#DOID_8814"/>
    </Declaration>
    <Declaration>
        <Class IRI="#lymph_node_extra_spreading"/>
    </Declaration>
    <Declaration>
        <Class IRI="#mandibulectomy"/>
    </Declaration>
    <Declaration>
        <Class IRI="#surgical_procedure"/>
    </Declaration>
    <Declaration>
        <Class IRI="#tumor_periosteal_infiltration"/>
    </Declaration>
    <Declaration>
        <Class IRI="#local_flap"/>
    </Declaration>
    <Declaration>
        <Class IRI="#Posterior_Extension"/>
    </Declaration>
    <Declaration>
        <Class IRI="#cervicoperctoral_flap"/>
    </Declaration>
    <Declaration>
        <Class IRI="http://purl.obolibrary.org/obo/OBI_0000093"/>
    </Declaration>
    <Declaration>
        <Class IRI="#lymph_node_side_near_tumor"/>
    </Declaration>
    <Declaration>
        <Class IRI="http://purl.obolibrary.org/obo/IAO_0000100"/>
    </Declaration>
    <Declaration>
        <Class IRI="#soft_palate_resection"/>
    </Declaration>
    <Declaration>
        <ObjectProperty IRI="http://www.obofoundry.org/ro/ro.owl#has_proper_part"/>
    </Declaration>
    <Declaration>
        <Class IRI="#masseter_flap"/>
    </Declaration>
    <Declaration>
        <Class IRI="#tumor_lymphoplasmacytic_reaction"/>
    </Declaration>
    <Declaration>
        <Class IRI="#lymph_node_surgical_procedure"/>
    </Declaration>
    <Declaration>
        <Class IRI="#surgical_reconstruction"/>
    </Declaration>
    <Declaration>
        <Class IRI="#lymph_node_station"/>
    </Declaration>
    <Declaration>
        <Class IRI="#lingual_nerve_flap"/>
    </Declaration>
    <Declaration>
        <Class IRI="http://purl.org/obo/owl/DOID#DOID_8601"/>
    </Declaration>
    <Declaration>
        <Class IRI="#tumor_infiltration"/>
    </Declaration>
    <Declaration>
        <Class IRI="http://purl.org/obo/owl/DOID#DOID_8602"/>
    </Declaration>
    <Declaration>
        <Class IRI="http://purl.org/obo/owl/DOID#DOID_8969"/>
    </Declaration>
    <Declaration>
        <Class IRI="#thyroidectomy"/>
    </Declaration>
    <Declaration>
        <Class IRI="http://www.ifomis.org/bfo/1.1/snap#SpecificallyDependentContinuant"/>
    </Declaration>
    <Declaration>
        <Class IRI="#lymph_node_cutaneous_invasion"/>
    </Declaration>
    <Declaration>
        <Class IRI="http://purl.obolibrary.org/obo/OGMS_0000083"/>
    </Declaration>
    <Declaration>
        <Class IRI="http://purl.org/obo/owl/DOID#DOID_9135"/>
    </Declaration>
    <Declaration>
        <Class IRI="#other_distant_pedicled_flap"/>
    </Declaration>
    <Declaration>
        <Class IRI="#physical_agent"/>
    </Declaration>
    <Declaration>
        <ObjectProperty IRI="http://www.obofoundry.org/ro/ro.owl#participates_in"/>
    </Declaration>
    <Declaration>
        <Class IRI="http://www.ifomis.org/bfo/1.1/span#ProcessualEntity"/>
    </Declaration>
    <Declaration>
        <Class IRI="http://purl.org/obo/owl/FMA#FMA_5034"/>
    </Declaration>
    <Declaration>
        <Class IRI="#chemotherapy"/>
    </Declaration>
    <Declaration>
        <Class IRI="http://purl.obolibrary.org/obo/OBI_0100015"/>
    </Declaration>
    <Declaration>
        <ObjectProperty IRI="http://www.obofoundry.org/ro/ro.owl#transformation_of"/>
    </Declaration>
    <Declaration>
        <ObjectProperty IRI="http://www.obofoundry.org/ro/ro.owl#precedes"/>
    </Declaration>
    <Declaration>
        <Class IRI="#tumor_size"/>
    </Declaration>
    <Declaration>
        <Class IRI="#tumor_consistence"/>
    </Declaration>
    <Declaration>
        <Class IRI="#tumor_water_content"/>
    </Declaration>
    <Declaration>
        <Class IRI="#Superior-Medial-Alveolar"/>
    </Declaration>
    <Declaration>
        <Class IRI="#lymph_node_finding"/>
    </Declaration>
    <Declaration>
        <Class IRI="#total_extended_to_pharynx_laryngectomy"/>
    </Declaration>
    <Declaration>
        <Class IRI="#horizontal_supraglottic_laryngectomy"/>
    </Declaration>
    <Declaration>
        <Class IRI="#locoregional_flap"/>
    </Declaration>
    <Declaration>
        <Class IRI="#mobile_prothesis"/>
    </Declaration>
    <Declaration>
        <Class IRI="#venous_anastomosis_flap"/>
    </Declaration>
    <Declaration>
        <Class IRI="http://purl.obolibrary.org/obo/OGMS_0000090"/>
    </Declaration>
    <Declaration>
        <Class IRI="#lymph_node_skin_mobility"/>
    </Declaration>
    <Declaration>
        <Class IRI="#patient_quality_of_life_evaluation"/>
    </Declaration>
    <Declaration>
        <Class IRI="#total_glossectomy"/>
    </Declaration>
    <Declaration>
        <ObjectProperty IRI="http://www.obofoundry.org/ro/ro.owl#located_in"/>
    </Declaration>
    <Declaration>
        <Class IRI="#laryngeal_nerve_resection"/>
    </Declaration>
    <Declaration>
        <Class IRI="http://purl.obolibrary.org/obo/OGMS_0000093"/>
    </Declaration>
    <Declaration>
        <Class IRI="#rectus_abdominis_flap"/>
    </Declaration>
    <Declaration>
        <Class IRI="http://purl.org/obo/owl/DOID#DOID_9125"/>
    </Declaration>
    <Declaration>
        <Class IRI="#thyroid_artery_flap"/>
    </Declaration>
    <Declaration>
        <Class IRI="#tumor_stage_grouping"/>
    </Declaration>
    <Declaration>
        <Class IRI="#gene_ontology_term_gene_list"/>
    </Declaration>
    <Declaration>
        <Class IRI="http://purl.org/obo/owl/DOID#DOID_162"/>
    </Declaration>
    <Declaration>
        <Class IRI="#tumor_Ki-67_stain"/>
    </Declaration>
    <Declaration>
        <Class IRI="http://purl.org/obo/owl/DOID#DOID_8949"/>
    </Declaration>
    <Declaration>
        <Class IRI="#imaging_reoccurrence_prediction"/>
    </Declaration>
    <Declaration>
        <Class IRI="#lymph_node_clinical_data"/>
    </Declaration>
    <Declaration>
        <Class IRI="#tumor_Anneroths-Mod_score"/>
    </Declaration>
    <Declaration>
        <Class IRI="#tumor_finding"/>
    </Declaration>
    <Declaration>
        <Class IRI="#tumor_TNM_staging"/>
    </Declaration>
    <Declaration>
        <Class IRI="#reoccurrence_prediction"/>
    </Declaration>
    <Declaration>
        <Class IRI="http://purl.org/obo/owl/DOID#DOID_8984"/>
    </Declaration>
    <Declaration>
        <Class IRI="#lymph_node_water_content"/>
    </Declaration>
    <Declaration>
        <Class IRI="#tumor_masticator_space_invasion"/>
    </Declaration>
    <Declaration>
        <ObjectProperty IRI="http://www.obofoundry.org/ro/ro.owl#inheres_in"/>
    </Declaration>
    <Declaration>
        <Class IRI="#Superior_Extension"/>
    </Declaration>
    <Declaration>
        <Class IRI="#mucosa_resection"/>
    </Declaration>
    <Declaration>
        <Class IRI="#tumor_total_number_of_lymphnodes_per_level"/>
    </Declaration>
    <Declaration>
        <Class IRI="#tumor_surgical_procedure"/>
    </Declaration>
    <Declaration>
        <Class IRI="#tumor_D2-40_stain"/>
    </Declaration>
    <Declaration>
        <Class IRI="http://purl.org/obo/owl/DOID#DOID_9036"/>
    </Declaration>
    <Declaration>
        <ObjectProperty IRI="http://www.obofoundry.org/ro/ro.owl#relationship"/>
    </Declaration>
    <Declaration>
        <ObjectProperty IRI="http://www.obofoundry.org/ro/ro.owl#has_participant"/>
    </Declaration>
    <Declaration>
        <ObjectProperty IRI="http://www.obofoundry.org/ro/ro.owl#part_of"/>
    </Declaration>
    <Declaration>
        <Class IRI="http://purl.obolibrary.org/obo/OBI_1110055"/>
    </Declaration>
    <Declaration>
        <Class IRI="#substance"/>
    </Declaration>
    <Declaration>
        <Class IRI="#radiotherapy"/>
    </Declaration>
    <Declaration>
        <Class IRI="#tonsilla_resection"/>
    </Declaration>
    <Declaration>
        <Class IRI="#lymph_node_imaging_data"/>
    </Declaration>
    <Declaration>
        <Class IRI="http://purl.org/obo/owl/DOID#DOID_8618"/>
    </Declaration>
    <Declaration>
        <Class IRI="http://purl.obolibrary.org/obo/IAO_0000030"/>
    </Declaration>
    <Declaration>
        <Class IRI="#submental_flap"/>
    </Declaration>
    <Declaration>
        <Class IRI="http://purl.org/obo/owl/DOID#DOID_9149"/>
    </Declaration>
    <Declaration>
        <Class IRI="#facial_nerve_flap"/>
    </Declaration>
    <Declaration>
        <Class IRI="http://purl.org/obo/owl/DOID#DOID_8975"/>
    </Declaration>
    <Declaration>
        <Class IRI="http://purl.org/obo/owl/DOID#DOID_8858"/>
    </Declaration>
    <Declaration>
        <Class IRI="#eating_habits"/>
    </Declaration>
    <Declaration>
        <Class IRI="http://purl.org/obo/owl/DOID#DOID_8617"/>
    </Declaration>
    <Declaration>
        <Class IRI="#lip_resection"/>
    </Declaration>
    <Declaration>
        <Class IRI="http://purl.org/obo/owl/DOID#DOID_9144"/>
    </Declaration>
    <Declaration>
        <Class IRI="#tumor_principal_site"/>
    </Declaration>
    <Declaration>
        <Class IRI="http://purl.org/obo/owl/DOID#DOID_8850"/>
    </Declaration>
    <Declaration>
        <ObjectProperty IRI="http://www.obofoundry.org/ro/ro.owl#derives_from"/>
    </Declaration>
    <Declaration>
        <Class IRI="#segmental_right_mandibulectomy"/>
    </Declaration>
    <Declaration>
        <ObjectProperty IRI="http://www.geneontology.org/formats/oboInOwl#ObsoleteProperty"/>
    </Declaration>
    <Declaration>
        <Class IRI="#nerve_anastomosis_flap"/>
    </Declaration>
    <Declaration>
        <Class IRI="#auricle_resection"/>
    </Declaration>
    <Declaration>
        <Class IRI="http://purl.obolibrary.org/obo/IAO_0000027"/>
    </Declaration>
    <Declaration>
        <Class IRI="http://purl.org/obo/owl/DOID#DOID_8849"/>
    </Declaration>
    <Declaration>
        <Class IRI="#facial_nerve_resection"/>
    </Declaration>
    <Declaration>
        <Class IRI="#tumor_P16Ink4a_stain"/>
    </Declaration>
    <Declaration>
        <Class IRI="#cheek_resection"/>
    </Declaration>
    <Declaration>
        <Class IRI="#marginal_mandibulectomy"/>
    </Declaration>
    <EquivalentClasses>
        <Class IRI="http://www.ifomis.org/bfo/1.1#Entity"/>
        <ObjectUnionOf>
            <Class IRI="http://www.ifomis.org/bfo/1.1/snap#Continuant"/>
            <Class IRI="http://www.ifomis.org/bfo/1.1/span#Occurrent"/>
        </ObjectUnionOf>
    </EquivalentClasses>
    <EquivalentClasses>
        <Class IRI="http://www.ifomis.org/bfo/1.1/snap#DependentContinuant"/>
        <ObjectUnionOf>
            <Class IRI="http://www.ifomis.org/bfo/1.1/snap#GenericallyDependentContinuant"/>
            <Class IRI="http://www.ifomis.org/bfo/1.1/snap#SpecificallyDependentContinuant"/>
        </ObjectUnionOf>
    </EquivalentClasses>
    <SubClassOf>
        <Class IRI="#Anterior-Lateral_Extension"/>
        <Class IRI="#tumor_localization_data"/>
    </SubClassOf>
    <SubClassOf>
        <Class IRI="#Anterior_Extension"/>
        <Class IRI="#tumor_localization_data"/>
    </SubClassOf>
    <SubClassOf>
        <Class IRI="#Inferior-Lateral"/>
        <Class IRI="#tumor_localization_data"/>
    </SubClassOf>
    <SubClassOf>
        <Class IRI="#Inferior-Medial_Extension"/>
        <Class IRI="#tumor_localization_data"/>
    </SubClassOf>
    <SubClassOf>
        <Class IRI="#Inferior_Extension"/>
        <Class IRI="#tumor_localization_data"/>
    </SubClassOf>
    <SubClassOf>
        <Class IRI="#Lateral_Extension"/>
        <Class IRI="#tumor_localization_data"/>
    </SubClassOf>
    <SubClassOf>
        <Class IRI="#Medial_Extension"/>
        <Class IRI="#tumor_localization_data"/>
    </SubClassOf>
    <SubClassOf>
        <Class IRI="#Posterior-Inferior_Extension"/>
        <Class IRI="#tumor_localization_data"/>
    </SubClassOf>
    <SubClassOf>
        <Class IRI="#Posterior-Medial_Extension"/>
        <Class IRI="#tumor_localization_data"/>
    </SubClassOf>
    <SubClassOf>
        <Class IRI="#Posterior_Extension"/>
        <Class IRI="#tumor_localization_data"/>
    </SubClassOf>
    <SubClassOf>
        <Class IRI="#Superior-Lateral_Extension"/>
        <Class IRI="#tumor_localization_data"/>
    </SubClassOf>
    <SubClassOf>
        <Class IRI="#Superior-Medial-Alveolar"/>
        <Class IRI="#tumor_localization_data"/>
    </SubClassOf>
    <SubClassOf>
        <Class IRI="#Superior_Extension"/>
        <Class IRI="#tumor_localization_data"/>
    </SubClassOf>
    <SubClassOf>
        <Class IRI="#alcohol"/>
        <Class IRI="#patient_risk_factor"/>
    </SubClassOf>
    <SubClassOf>
        <Class IRI="#alveolar_resection"/>
        <Class IRI="#resection"/>
    </SubClassOf>
    <SubClassOf>
        <Class IRI="#anterolateral_tigh_flap"/>
        <Class IRI="#free_flap"/>
    </SubClassOf>
    <SubClassOf>
        <Class IRI="#arterial_anastomosis_flap"/>
        <Class IRI="#free_flap"/>
    </SubClassOf>
    <SubClassOf>
        <Class IRI="#auricle_resection"/>
        <Class IRI="#resection"/>
    </SubClassOf>
    <SubClassOf>
        <Class IRI="#cervicofacial_flap"/>
        <Class IRI="#locoregional_flap"/>
    </SubClassOf>
    <SubClassOf>
        <Class IRI="#cervicoperctoral_flap"/>
        <Class IRI="#locoregional_flap"/>
    </SubClassOf>
    <SubClassOf>
        <Class IRI="#cheek_resection"/>
        <Class IRI="#resection"/>
    </SubClassOf>
    <SubClassOf>
        <Class IRI="#chemotherapy"/>
        <Class IRI="#non_surgical_treatment"/>
    </SubClassOf>
    <SubClassOf>
        <Class IRI="#clinical_reoccurrence_prediction"/>
        <Class IRI="#reoccurrence_prediction"/>
    </SubClassOf>
    <SubClassOf>
        <Class IRI="#cordectomy"/>
        <Class IRI="#tumor_surgical_procedure"/>
    </SubClassOf>
    <SubClassOf>
        <Class IRI="#corticotomy"/>
        <Class IRI="#tumor_surgical_procedure"/>
    </SubClassOf>
    <SubClassOf>
        <Class IRI="#deglutition_evaluation"/>
        <Class IRI="#patient_quality_of_life_evaluation"/>
    </SubClassOf>
    <SubClassOf>
        <Class IRI="#dental_cusps"/>
        <Class IRI="#mechanical_trauma"/>
    </SubClassOf>
    <SubClassOf>
        <Class IRI="#diet_deficit"/>
        <Class IRI="#patient_risk_factor"/>
    </SubClassOf>
    <SubClassOf>
        <Class IRI="#distant_pedicled_flap"/>
        <Class IRI="#surgical_reconstruction"/>
    </SubClassOf>
    <SubClassOf>
        <Class IRI="#eating_habits"/>
        <Class IRI="#patient_risk_factor"/>
    </SubClassOf>
    <SubClassOf>
        <Class IRI="#external_carotid_artery_flap"/>
        <Class IRI="#arterial_anastomosis_flap"/>
    </SubClassOf>
    <SubClassOf>
        <Class IRI="#external_lugular_vein_flap"/>
        <Class IRI="#venous_anastomosis_flap"/>
    </SubClassOf>
    <SubClassOf>
        <Class IRI="#external_vestibular_corticotomy"/>
        <Class IRI="#corticotomy"/>
    </SubClassOf>
    <SubClassOf>
        <Class IRI="#facial_artery_flap"/>
        <Class IRI="#arterial_anastomosis_flap"/>
    </SubClassOf>
    <SubClassOf>
        <Class IRI="#facial_bone_resection"/>
        <Class IRI="#resection"/>
    </SubClassOf>
    <SubClassOf>
        <Class IRI="#facial_nerve_flap"/>
        <Class IRI="#nerve_anastomosis_flap"/>
    </SubClassOf>
    <SubClassOf>
        <Class IRI="#facial_nerve_resection"/>
        <Class IRI="#nerve_resection"/>
    </SubClassOf>
    <SubClassOf>
        <Class IRI="#family_malignance_history"/>
        <Class IRI="#patient_risk_factor"/>
    </SubClassOf>
    <SubClassOf>
        <Class IRI="#fibula_flap"/>
        <Class IRI="#free_flap"/>
    </SubClassOf>
    <SubClassOf>
        <Class IRI="#forearm_flap"/>
        <Class IRI="#free_flap"/>
    </SubClassOf>
    <SubClassOf>
        <Class IRI="#free_flap"/>
        <Class IRI="#surgical_reconstruction"/>
    </SubClassOf>
    <SubClassOf>
        <Class IRI="#full_thickness_resection"/>
        <Class IRI="#resection"/>
    </SubClassOf>
    <SubClassOf>
        <Class IRI="#galvanic_current"/>
        <Class IRI="#mechanical_trauma"/>
    </SubClassOf>
    <SubClassOf>
        <Class IRI="#gene_ontology_term"/>
        <Class IRI="http://purl.obolibrary.org/obo/IAO_0000027"/>
    </SubClassOf>
    <SubClassOf>
        <Class IRI="#gene_ontology_term"/>
        <ObjectAllValuesFrom>
            <ObjectProperty IRI="http://www.obofoundry.org/ro/ro.owl#part_of"/>
            <Class IRI="#gene_ontology_term_list"/>
        </ObjectAllValuesFrom>
    </SubClassOf>
    <SubClassOf>
        <Class IRI="#gene_ontology_term"/>
        <ObjectExactCardinality cardinality="1">
            <ObjectProperty IRI="http://www.obofoundry.org/ro/ro.owl#contains"/>
            <Class IRI="#gene_ontology_term_gene_list"/>
        </ObjectExactCardinality>
    </SubClassOf>
    <SubClassOf>
        <Class IRI="#gene_ontology_term_gene_list"/>
        <Class IRI="http://purl.obolibrary.org/obo/OBI_0000118"/>
    </SubClassOf>
    <SubClassOf>
        <Class IRI="#gene_ontology_term_gene_list"/>
        <ObjectExactCardinality cardinality="1">
            <ObjectProperty IRI="http://www.obofoundry.org/ro/ro.owl#contained_in"/>
            <Class IRI="#gene_ontology_term"/>
        </ObjectExactCardinality>
    </SubClassOf>
    <SubClassOf>
        <Class IRI="#gene_ontology_term_list"/>
        <Class IRI="http://purl.obolibrary.org/obo/IAO_0000100"/>
    </SubClassOf>
    <SubClassOf>
        <Class IRI="#gene_ontology_term_list"/>
        <ObjectAllValuesFrom>
            <ObjectProperty IRI="http://www.obofoundry.org/ro/ro.owl#has_part"/>
            <Class IRI="#gene_ontology_term"/>
        </ObjectAllValuesFrom>
    </SubClassOf>
    <SubClassOf>
        <Class IRI="#genomic_reoccurrence_prediction"/>
        <Class IRI="#reoccurrence_prediction"/>
    </SubClassOf>
    <SubClassOf>
        <Class IRI="#glossectomy"/>
        <Class IRI="#tumor_surgical_procedure"/>
    </SubClassOf>
    <SubClassOf>
        <Class IRI="#gorilla_input_gene_list"/>
        <Class IRI="#microarray_output_gene_list"/>
    </SubClassOf>
    <SubClassOf>
        <Class IRI="#gorilla_input_gene_list"/>
        <Class IRI="http://purl.obolibrary.org/obo/OBI_0000118"/>
    </SubClassOf>
    <SubClassOf>
        <Class IRI="#hard_palate_resection"/>
        <Class IRI="#resection"/>
    </SubClassOf>
    <SubClassOf>
        <Class IRI="#hemiglossectomy"/>
        <Class IRI="#glossectomy"/>
    </SubClassOf>
    <SubClassOf>
        <Class IRI="#hemimandibulectomy"/>
        <Class IRI="#mandibulectomy"/>
    </SubClassOf>
    <SubClassOf>
        <Class IRI="#hemimaxilectomy"/>
        <Class IRI="#maxilectomy"/>
    </SubClassOf>
    <SubClassOf>
        <Class IRI="#horizontal_supracricoid_laryngectomy"/>
        <Class IRI="#laryngectomy"/>
    </SubClassOf>
    <SubClassOf>
        <Class IRI="#horizontal_supraglottic_laryngectomy"/>
        <Class IRI="#laryngectomy"/>
    </SubClassOf>
    <SubClassOf>
        <Class IRI="#hypogloss_flap"/>
        <Class IRI="#free_flap"/>
    </SubClassOf>
    <SubClassOf>
        <Class IRI="#illiac_crest_flap"/>
        <Class IRI="#free_flap"/>
    </SubClassOf>
    <SubClassOf>
        <Class IRI="#imaging_reoccurrence_prediction"/>
        <Class IRI="#reoccurrence_prediction"/>
    </SubClassOf>
    <SubClassOf>
        <Class IRI="#immunosupressor_tratment"/>
        <Class IRI="#patient_risk_factor"/>
    </SubClassOf>
    <SubClassOf>
        <Class IRI="#immunotherapy"/>
        <Class IRI="#non_surgical_treatment"/>
    </SubClassOf>
    <SubClassOf>
        <Class IRI="#infection"/>
        <Class IRI="#patient_risk_factor"/>
    </SubClassOf>
    <SubClassOf>
        <Class IRI="#internal_lingual_corticotomy"/>
        <Class IRI="#corticotomy"/>
    </SubClassOf>
    <SubClassOf>
        <Class IRI="#internal_lugular_vein_flap"/>
        <Class IRI="#venous_anastomosis_flap"/>
    </SubClassOf>
    <SubClassOf>
        <Class IRI="#ionizing_radiation"/>
        <Class IRI="#physical_agent"/>
    </SubClassOf>
    <SubClassOf>
        <Class IRI="#laryngeal_nerve_resection"/>
        <Class IRI="#nerve_resection"/>
    </SubClassOf>
    <SubClassOf>
        <Class IRI="#laryngectomy"/>
        <Class IRI="#tumor_surgical_procedure"/>
    </SubClassOf>
    <SubClassOf>
        <Class IRI="#latissimus_dorsii_flap"/>
        <Class IRI="#distant_pedicled_flap"/>
    </SubClassOf>
    <SubClassOf>
        <Class IRI="#latissimus_dorsii_flap"/>
        <Class IRI="#free_flap"/>
    </SubClassOf>
    <SubClassOf>
        <Class IRI="#lingual_artery_flap"/>
        <Class IRI="#arterial_anastomosis_flap"/>
    </SubClassOf>
    <SubClassOf>
        <Class IRI="#lingual_nerve_flap"/>
        <Class IRI="#nerve_anastomosis_flap"/>
    </SubClassOf>
    <SubClassOf>
        <Class IRI="#lip_resection"/>
        <Class IRI="#resection"/>
    </SubClassOf>
    <SubClassOf>
        <Class IRI="#local_flap"/>
        <Class IRI="#surgical_reconstruction"/>
    </SubClassOf>
    <SubClassOf>
        <Class IRI="#locoregional_flap"/>
        <Class IRI="#surgical_reconstruction"/>
    </SubClassOf>
    <SubClassOf>
        <Class IRI="#lymph_node_bilateral_station"/>
        <Class IRI="#lymph_node_station"/>
    </SubClassOf>
    <SubClassOf>
        <Class IRI="#lymph_node_bone_infiltration"/>
        <Class IRI="#lymph_node_infiltration"/>
    </SubClassOf>
    <SubClassOf>
        <Class IRI="#lymph_node_carotid_infiltration"/>
        <Class IRI="#lymph_node_infiltration"/>
    </SubClassOf>
    <SubClassOf>
        <Class IRI="#lymph_node_clinical_data"/>
        <Class IRI="#lymph_node_finding"/>
    </SubClassOf>
    <SubClassOf>
        <Class IRI="#lymph_node_cluster"/>
        <Class IRI="#lymph_node_imaging_data"/>
    </SubClassOf>
    <SubClassOf>
        <Class IRI="#lymph_node_consistence"/>
        <Class IRI="#lymph_node_clinical_data"/>
    </SubClassOf>
    <SubClassOf>
        <Class IRI="#lymph_node_contralateral_station"/>
        <Class IRI="#lymph_node_station"/>
    </SubClassOf>
    <SubClassOf>
        <Class IRI="#lymph_node_contrast_take_up_rate"/>
        <Class IRI="#lymph_node_imaging_data"/>
    </SubClassOf>
    <SubClassOf>
        <Class IRI="#lymph_node_cutaneous_invasion"/>
        <Class IRI="#lymph_node_invasion"/>
    </SubClassOf>
    <SubClassOf>
        <Class IRI="#lymph_node_depth"/>
        <Class IRI="#lymph_node_clinical_data"/>
    </SubClassOf>
    <SubClassOf>
        <Class IRI="#lymph_node_dimension"/>
        <Class IRI="#lymph_node_clinical_data"/>
    </SubClassOf>
    <SubClassOf>
        <Class IRI="#lymph_node_extra_capsular_spreading"/>
        <Class IRI="#lymph_node_clinical_data"/>
    </SubClassOf>
    <SubClassOf>
        <Class IRI="#lymph_node_extra_spreading"/>
        <Class IRI="#lymph_node_imaging_data"/>
    </SubClassOf>
    <SubClassOf>
        <Class IRI="#lymph_node_finding"/>
        <Class IRI="http://purl.obolibrary.org/obo/OGMS_0000014"/>
    </SubClassOf>
    <SubClassOf>
        <Class IRI="#lymph_node_finding"/>
        <ObjectExactCardinality cardinality="1">
            <ObjectProperty IRI="http://purl.obolibrary.org/obo/IAO_0000136"/>
            <Class IRI="http://purl.org/obo/owl/FMA#FMA_5034"/>
        </ObjectExactCardinality>
    </SubClassOf>
    <SubClassOf>
        <Class IRI="#lymph_node_form"/>
        <Class IRI="#lymph_node_clinical_data"/>
    </SubClassOf>
    <SubClassOf>
        <Class IRI="#lymph_node_growing_rate"/>
        <Class IRI="#lymph_node_imaging_data"/>
    </SubClassOf>
    <SubClassOf>
        <Class IRI="#lymph_node_homolateral_station"/>
        <Class IRI="#lymph_node_station"/>
    </SubClassOf>
    <SubClassOf>
        <Class IRI="#lymph_node_imaging_data"/>
        <Class IRI="#lymph_node_finding"/>
    </SubClassOf>
    <SubClassOf>
        <Class IRI="#lymph_node_imaging_data"/>
        <Class IRI="http://purl.obolibrary.org/obo/OGMS_0000017"/>
    </SubClassOf>
    <SubClassOf>
        <Class IRI="#lymph_node_infiltration"/>
        <Class IRI="#lymph_node_imaging_data"/>
    </SubClassOf>
    <SubClassOf>
        <Class IRI="#lymph_node_invasion"/>
        <Class IRI="#lymph_node_imaging_data"/>
    </SubClassOf>
    <SubClassOf>
        <Class IRI="#lymph_node_minor_axis"/>
        <Class IRI="#lymph_node_imaging_data"/>
    </SubClassOf>
    <SubClassOf>
        <Class IRI="#lymph_node_necrosis"/>
        <Class IRI="#lymph_node_imaging_data"/>
    </SubClassOf>
    <SubClassOf>
        <Class IRI="#lymph_node_quantity"/>
        <Class IRI="#lymph_node_clinical_data"/>
    </SubClassOf>
    <SubClassOf>
        <Class IRI="#lymph_node_shape_deviation"/>
        <Class IRI="#lymph_node_imaging_data"/>
    </SubClassOf>
    <SubClassOf>
        <Class IRI="#lymph_node_side"/>
        <Class IRI="#lymph_node_imaging_data"/>
    </SubClassOf>
    <SubClassOf>
        <Class IRI="#lymph_node_side_near_tumor"/>
        <Class IRI="#lymph_node_imaging_data"/>
    </SubClassOf>
    <SubClassOf>
        <Class IRI="#lymph_node_site"/>
        <Class IRI="#lymph_node_imaging_data"/>
    </SubClassOf>
    <SubClassOf>
        <Class IRI="#lymph_node_skin_mobility"/>
        <Class IRI="#lymph_node_clinical_data"/>
    </SubClassOf>
    <SubClassOf>
        <Class IRI="#lymph_node_station"/>
        <Class IRI="#lymph_node_clinical_data"/>
    </SubClassOf>
    <SubClassOf>
        <Class IRI="#lymph_node_surgical_procedure"/>
        <Class IRI="#surgical_procedure"/>
    </SubClassOf>
    <SubClassOf>
        <Class IRI="#lymph_node_texture"/>
        <Class IRI="#lymph_node_imaging_data"/>
    </SubClassOf>
    <SubClassOf>
        <Class IRI="#lymph_node_water_content"/>
        <Class IRI="#lymph_node_imaging_data"/>
    </SubClassOf>
    <SubClassOf>
        <Class IRI="#mandibulectomy"/>
        <Class IRI="#tumor_surgical_procedure"/>
    </SubClassOf>
    <SubClassOf>
        <Class IRI="#marginal_mandibulectomy"/>
        <Class IRI="#mandibulectomy"/>
    </SubClassOf>
    <SubClassOf>
        <Class IRI="#masseter_flap"/>
        <Class IRI="#locoregional_flap"/>
    </SubClassOf>
    <SubClassOf>
        <Class IRI="#maxilectomy"/>
        <Class IRI="#tumor_surgical_procedure"/>
    </SubClassOf>
    <SubClassOf>
        <Class IRI="#mechanical_trauma"/>
        <Class IRI="#patient_risk_factor"/>
    </SubClassOf>
    <SubClassOf>
        <Class IRI="#microarray_data"/>
        <Class IRI="http://purl.obolibrary.org/obo/OGMS_0000018"/>
    </SubClassOf>
    <SubClassOf>
        <Class IRI="#microarray_input_gene_list"/>
        <Class IRI="#microarray_data"/>
    </SubClassOf>
    <SubClassOf>
        <Class IRI="#microarray_input_gene_list"/>
        <Class IRI="http://purl.obolibrary.org/obo/OBI_0000118"/>
    </SubClassOf>
    <SubClassOf>
        <Class IRI="#microarray_input_gene_list"/>
        <ObjectExactCardinality cardinality="1">
            <ObjectProperty IRI="http://purl.obolibrary.org/obo/IAO_0000136"/>
            <Class IRI="http://purl.obolibrary.org/obo/OBI_0000093"/>
        </ObjectExactCardinality>
    </SubClassOf>
    <SubClassOf>
        <Class IRI="#microarray_output_gene_list"/>
        <Class IRI="#gorilla_input_gene_list"/>
    </SubClassOf>
    <SubClassOf>
        <Class IRI="#microarray_output_gene_list"/>
        <Class IRI="#microarray_data"/>
    </SubClassOf>
    <SubClassOf>
        <Class IRI="#microarray_output_gene_list"/>
        <Class IRI="#qPCR_input_gene_list"/>
    </SubClassOf>
    <SubClassOf>
        <Class IRI="#microarray_output_gene_list"/>
        <Class IRI="http://purl.obolibrary.org/obo/OBI_0000118"/>
    </SubClassOf>
    <SubClassOf>
        <Class IRI="#microarray_output_gene_list"/>
        <ObjectExactCardinality cardinality="1">
            <ObjectProperty IRI="http://purl.obolibrary.org/obo/IAO_0000136"/>
            <Class IRI="http://purl.obolibrary.org/obo/OBI_0000093"/>
        </ObjectExactCardinality>
    </SubClassOf>
    <SubClassOf>
        <Class IRI="#mobile_prothesis"/>
        <Class IRI="#mechanical_trauma"/>
    </SubClassOf>
    <SubClassOf>
        <Class IRI="#mucosa_resection"/>
        <Class IRI="#resection"/>
    </SubClassOf>
    <SubClassOf>
        <Class IRI="#nerve_anastomosis_flap"/>
        <Class IRI="#free_flap"/>
    </SubClassOf>
    <SubClassOf>
        <Class IRI="#nerve_resection"/>
        <Class IRI="#resection"/>
    </SubClassOf>
    <SubClassOf>
        <Class IRI="#non_surgical_treatment"/>
        <Class IRI="http://purl.obolibrary.org/obo/OGMS_0000090"/>
    </SubClassOf>
    <SubClassOf>
        <Class IRI="#nose_resection"/>
        <Class IRI="#resection"/>
    </SubClassOf>
    <SubClassOf>
        <Class IRI="#oral_hygiene_habits"/>
        <Class IRI="#patient_risk_factor"/>
    </SubClassOf>
    <SubClassOf>
        <Class IRI="#other_arterial_flap"/>
        <Class IRI="#arterial_anastomosis_flap"/>
    </SubClassOf>
    <SubClassOf>
        <Class IRI="#other_distant_pedicled_flap"/>
        <Class IRI="#distant_pedicled_flap"/>
    </SubClassOf>
    <SubClassOf>
        <Class IRI="#other_locoregional_flap"/>
        <Class IRI="#locoregional_flap"/>
    </SubClassOf>
    <SubClassOf>
        <Class IRI="#other_nerve_flap"/>
        <Class IRI="#nerve_anastomosis_flap"/>
    </SubClassOf>
    <SubClassOf>
        <Class IRI="#paliative_treatment"/>
        <Class IRI="#non_surgical_treatment"/>
    </SubClassOf>
    <SubClassOf>
        <Class IRI="#palpebral_resection"/>
        <Class IRI="#resection"/>
    </SubClassOf>
    <SubClassOf>
        <Class IRI="#parathyroidectomy"/>
        <Class IRI="#tumor_surgical_procedure"/>
    </SubClassOf>
    <SubClassOf>
        <Class IRI="#partial_glossectomy"/>
        <Class IRI="#glossectomy"/>
    </SubClassOf>
    <SubClassOf>
        <Class IRI="#partial_pharyngectomy"/>
        <Class IRI="#pharyngectomy"/>
    </SubClassOf>
    <SubClassOf>
        <Class IRI="#patient_quality_of_life_evaluation"/>
        <Class IRI="http://purl.obolibrary.org/obo/OGMS_0000083"/>
    </SubClassOf>
    <SubClassOf>
        <Class IRI="#patient_risk_factor"/>
        <Class IRI="http://purl.obolibrary.org/obo/OGMS_0000014"/>
    </SubClassOf>
    <SubClassOf>
        <Class IRI="#pectoralis_major_flap"/>
        <Class IRI="#distant_pedicled_flap"/>
    </SubClassOf>
    <SubClassOf>
        <Class IRI="#pelvectomy"/>
        <Class IRI="#tumor_surgical_procedure"/>
    </SubClassOf>
    <SubClassOf>
        <Class IRI="#pharyngectomy"/>
        <Class IRI="#tumor_surgical_procedure"/>
    </SubClassOf>
    <SubClassOf>
        <Class IRI="#physical_agent"/>
        <Class IRI="#patient_risk_factor"/>
    </SubClassOf>
    <SubClassOf>
        <Class IRI="#post_treatment"/>
        <Class IRI="http://www.ifomis.org/bfo/1.1/span#ProcessualEntity"/>
    </SubClassOf>
    <SubClassOf>
        <Class IRI="#post_treatment"/>
        <ObjectSomeValuesFrom>
            <ObjectProperty IRI="http://www.obofoundry.org/ro/ro.owl#preceded_by"/>
            <Class IRI="http://purl.obolibrary.org/obo/OGMS_0000090"/>
        </ObjectSomeValuesFrom>
    </SubClassOf>
    <SubClassOf>
        <Class IRI="#precancerous_lesion"/>
        <Class IRI="#patient_risk_factor"/>
    </SubClassOf>
    <SubClassOf>
        <Class IRI="#qPCR_data"/>
        <Class IRI="http://purl.obolibrary.org/obo/OGMS_0000018"/>
    </SubClassOf>
    <SubClassOf>
        <Class IRI="#qPCR_input_gene_list"/>
        <Class IRI="#microarray_output_gene_list"/>
    </SubClassOf>
    <SubClassOf>
        <Class IRI="#qPCR_input_gene_list"/>
        <Class IRI="#qPCR_data"/>
    </SubClassOf>
    <SubClassOf>
        <Class IRI="#qPCR_input_gene_list"/>
        <Class IRI="http://purl.obolibrary.org/obo/OBI_0000118"/>
    </SubClassOf>
    <SubClassOf>
        <Class IRI="#radiotherapy"/>
        <Class IRI="#non_surgical_treatment"/>
    </SubClassOf>
    <SubClassOf>
        <Class IRI="#rectus_abdominis_flap"/>
        <Class IRI="#free_flap"/>
    </SubClassOf>
    <SubClassOf>
        <Class IRI="#reoccurrence_prediction"/>
        <Class IRI="http://purl.obolibrary.org/obo/OGMS_0000093"/>
    </SubClassOf>
    <SubClassOf>
        <Class IRI="#resection"/>
        <Class IRI="#tumor_surgical_procedure"/>
    </SubClassOf>
    <SubClassOf>
        <Class IRI="#respiration_evaluation"/>
        <Class IRI="#patient_quality_of_life_evaluation"/>
    </SubClassOf>
    <SubClassOf>
        <Class IRI="#segmental_left_mandibulectomy"/>
        <Class IRI="#segmental_mandibulectomy"/>
    </SubClassOf>
    <SubClassOf>
        <Class IRI="#segmental_left_maxilectomy"/>
        <Class IRI="#segmental_maxilectomy"/>
    </SubClassOf>
    <SubClassOf>
        <Class IRI="#segmental_mandibulectomy"/>
        <Class IRI="#mandibulectomy"/>
    </SubClassOf>
    <SubClassOf>
        <Class IRI="#segmental_maxilectomy"/>
        <Class IRI="#maxilectomy"/>
    </SubClassOf>
    <SubClassOf>
        <Class IRI="#segmental_right_mandibulectomy"/>
        <Class IRI="#segmental_mandibulectomy"/>
    </SubClassOf>
    <SubClassOf>
        <Class IRI="#segmental_right_maxilectomy"/>
        <Class IRI="#segmental_maxilectomy"/>
    </SubClassOf>
    <SubClassOf>
        <Class IRI="#sialoadenectomy"/>
        <Class IRI="#tumor_surgical_procedure"/>
    </SubClassOf>
    <SubClassOf>
        <Class IRI="#skin_resection"/>
        <Class IRI="#resection"/>
    </SubClassOf>
    <SubClassOf>
        <Class IRI="#social_rehabilitation"/>
        <Class IRI="#patient_quality_of_life_evaluation"/>
    </SubClassOf>
    <SubClassOf>
        <Class IRI="#soft_palate_resection"/>
        <Class IRI="#resection"/>
    </SubClassOf>
    <SubClassOf>
        <Class IRI="#speech_evaluation"/>
        <Class IRI="#patient_quality_of_life_evaluation"/>
    </SubClassOf>
    <SubClassOf>
        <Class IRI="#submental_flap"/>
        <Class IRI="#locoregional_flap"/>
    </SubClassOf>
    <SubClassOf>
        <Class IRI="#substance"/>
        <Class IRI="#physical_agent"/>
    </SubClassOf>
    <SubClassOf>
        <Class IRI="#subtotal_glossectomy"/>
        <Class IRI="#glossectomy"/>
    </SubClassOf>
    <SubClassOf>
        <Class IRI="#surgical_procedure"/>
        <Class IRI="#surgical_treatment"/>
    </SubClassOf>
    <SubClassOf>
        <Class IRI="#surgical_procedure"/>
        <ObjectSomeValuesFrom>
            <ObjectProperty IRI="http://www.obofoundry.org/ro/ro.owl#precedes"/>
            <Class IRI="#surgical_reconstruction"/>
        </ObjectSomeValuesFrom>
    </SubClassOf>
    <SubClassOf>
        <Class IRI="#surgical_reconstruction"/>
        <Class IRI="#surgical_treatment"/>
    </SubClassOf>
    <SubClassOf>
        <Class IRI="#surgical_reconstruction"/>
        <ObjectSomeValuesFrom>
            <ObjectProperty IRI="http://www.obofoundry.org/ro/ro.owl#preceded_by"/>
            <Class IRI="#surgical_procedure"/>
        </ObjectSomeValuesFrom>
    </SubClassOf>
    <SubClassOf>
        <Class IRI="#surgical_treatment"/>
        <Class IRI="http://purl.obolibrary.org/obo/OGMS_0000090"/>
    </SubClassOf>
    <SubClassOf>
        <Class IRI="#temporalis_flap"/>
        <Class IRI="#locoregional_flap"/>
    </SubClassOf>
    <SubClassOf>
        <Class IRI="#thyreolingual_trunk_flap"/>
        <Class IRI="#free_flap"/>
    </SubClassOf>
    <SubClassOf>
        <Class IRI="#thyroid_artery_flap"/>
        <Class IRI="#arterial_anastomosis_flap"/>
    </SubClassOf>
    <SubClassOf>
        <Class IRI="#thyroidectomy"/>
        <Class IRI="#tumor_surgical_procedure"/>
    </SubClassOf>
    <SubClassOf>
        <Class IRI="#tobacco"/>
        <Class IRI="#patient_risk_factor"/>
    </SubClassOf>
    <SubClassOf>
        <Class IRI="#tonsilla_resection"/>
        <Class IRI="#resection"/>
    </SubClassOf>
    <SubClassOf>
        <Class IRI="#total_extended_to_pharynx_laryngectomy"/>
        <Class IRI="#laryngectomy"/>
    </SubClassOf>
    <SubClassOf>
        <Class IRI="#total_glossectomy"/>
        <Class IRI="#glossectomy"/>
    </SubClassOf>
    <SubClassOf>
        <Class IRI="#total_laryngectomy"/>
        <Class IRI="#laryngectomy"/>
    </SubClassOf>
    <SubClassOf>
        <Class IRI="#total_mandibulectomy"/>
        <Class IRI="#mandibulectomy"/>
    </SubClassOf>
    <SubClassOf>
        <Class IRI="#total_maxilectomy"/>
        <Class IRI="#maxilectomy"/>
    </SubClassOf>
    <SubClassOf>
        <Class IRI="#total_pharyngectomy"/>
        <Class IRI="#pharyngectomy"/>
    </SubClassOf>
    <SubClassOf>
        <Class IRI="#transverse_cervical_artery_flap"/>
        <Class IRI="#arterial_anastomosis_flap"/>
    </SubClassOf>
    <SubClassOf>
        <Class IRI="#trapezious_flap"/>
        <Class IRI="#distant_pedicled_flap"/>
    </SubClassOf>
    <SubClassOf>
        <Class IRI="#tumor_Anneroths-Mod_score"/>
        <Class IRI="#tumor_pathological_data"/>
    </SubClassOf>
    <SubClassOf>
        <Class IRI="#tumor_D2-40_stain"/>
        <Class IRI="#tumor_stain"/>
    </SubClassOf>
    <SubClassOf>
        <Class IRI="#tumor_EGFR_stain"/>
        <Class IRI="#tumor_stain"/>
    </SubClassOf>
    <SubClassOf>
        <Class IRI="#tumor_HPV_DNA"/>
        <Class IRI="#tumor_pathological_data"/>
    </SubClassOf>
    <SubClassOf>
        <Class IRI="#tumor_HPV_Type"/>
        <Class IRI="#tumor_pathological_data"/>
    </SubClassOf>
    <SubClassOf>
        <Class IRI="#tumor_Ki-67_stain"/>
        <Class IRI="#tumor_stain"/>
    </SubClassOf>
    <SubClassOf>
        <Class IRI="#tumor_Martinez-Gimeno_score"/>
        <Class IRI="#tumor_pathological_data"/>
    </SubClassOf>
    <SubClassOf>
        <Class IRI="#tumor_P16Ink4a_stain"/>
        <Class IRI="#tumor_stain"/>
    </SubClassOf>
    <SubClassOf>
        <Class IRI="#tumor_TNM_staging"/>
        <Class IRI="#tumor_clinical_data"/>
    </SubClassOf>
    <SubClassOf>
        <Class IRI="#tumor_TNM_staging"/>
        <Class IRI="#tumor_imaging_data"/>
    </SubClassOf>
    <SubClassOf>
        <Class IRI="#tumor_basaloid_features"/>
        <Class IRI="#tumor_pathological_data"/>
    </SubClassOf>
    <SubClassOf>
        <Class IRI="#tumor_bone_infiltration"/>
        <Class IRI="#tumor_infiltration"/>
    </SubClassOf>
    <SubClassOf>
        <Class IRI="#tumor_buccal_face_invasion"/>
        <Class IRI="#tumor_invasion"/>
    </SubClassOf>
    <SubClassOf>
        <Class IRI="#tumor_clinical_data"/>
        <Class IRI="#tumor_finding"/>
    </SubClassOf>
    <SubClassOf>
        <Class IRI="#tumor_consistence"/>
        <Class IRI="#tumor_clinical_data"/>
    </SubClassOf>
    <SubClassOf>
        <Class IRI="#tumor_contrast_take_up_rate"/>
        <Class IRI="#tumor_imaging_data"/>
    </SubClassOf>
    <SubClassOf>
        <Class IRI="#tumor_cuataneous_invasion"/>
        <Class IRI="#tumor_invasion"/>
    </SubClassOf>
    <SubClassOf>
        <Class IRI="#tumor_degree_of_cells_keratinisation"/>
        <Class IRI="#tumor_pathological_data"/>
    </SubClassOf>
    <SubClassOf>
        <Class IRI="#tumor_depth_of_invasion"/>
        <Class IRI="#tumor_pathological_invasion"/>
    </SubClassOf>
    <SubClassOf>
        <Class IRI="#tumor_extension_site_C0"/>
        <Class IRI="#tumor_imaging_data"/>
    </SubClassOf>
    <SubClassOf>
        <Class IRI="#tumor_extension_site_C1"/>
        <Class IRI="#tumor_imaging_data"/>
    </SubClassOf>
    <SubClassOf>
        <Class IRI="#tumor_extra_spreading"/>
        <Class IRI="#tumor_imaging_data"/>
    </SubClassOf>
    <SubClassOf>
        <Class IRI="#tumor_finding"/>
        <Class IRI="http://purl.obolibrary.org/obo/OGMS_0000014"/>
    </SubClassOf>
    <SubClassOf>
        <Class IRI="#tumor_finding"/>
        <ObjectExactCardinality cardinality="1">
            <ObjectProperty IRI="http://purl.obolibrary.org/obo/IAO_0000136"/>
            <Class IRI="http://purl.org/obo/owl/DOID#DOID_3680"/>
        </ObjectExactCardinality>
    </SubClassOf>
    <SubClassOf>
        <Class IRI="#tumor_floor_of_the_mouth_invasion"/>
        <Class IRI="#tumor_invasion"/>
    </SubClassOf>
    <SubClassOf>
        <Class IRI="#tumor_grade_of_differentiation"/>
        <Class IRI="#tumor_pathological_data"/>
    </SubClassOf>
    <SubClassOf>
        <Class IRI="#tumor_haemorrage"/>
        <Class IRI="#tumor_clinical_data"/>
    </SubClassOf>
    <SubClassOf>
        <Class IRI="#tumor_imaging_data"/>
        <Class IRI="#tumor_finding"/>
    </SubClassOf>
    <SubClassOf>
        <Class IRI="#tumor_imaging_data"/>
        <Class IRI="http://purl.obolibrary.org/obo/OGMS_0000017"/>
    </SubClassOf>
    <SubClassOf>
        <Class IRI="#tumor_infiltration"/>
        <Class IRI="#tumor_imaging_data"/>
    </SubClassOf>
    <SubClassOf>
        <Class IRI="#tumor_internal_carotid_invasion"/>
        <Class IRI="#tumor_invasion"/>
    </SubClassOf>
    <SubClassOf>
        <Class IRI="#tumor_invasion"/>
        <Class IRI="#tumor_imaging_data"/>
    </SubClassOf>
    <SubClassOf>
        <Class IRI="#tumor_level_of_invasion"/>
        <Class IRI="#tumor_pathological_invasion"/>
    </SubClassOf>
    <SubClassOf>
        <Class IRI="#tumor_localization_data"/>
        <Class IRI="#tumor_finding"/>
    </SubClassOf>
    <SubClassOf>
        <Class IRI="#tumor_lymphoplasmacytic_reaction"/>
        <Class IRI="#tumor_pathological_data"/>
    </SubClassOf>
    <SubClassOf>
        <Class IRI="#tumor_lymphovascular_invasion"/>
        <Class IRI="#tumor_pathological_invasion"/>
    </SubClassOf>
    <SubClassOf>
        <Class IRI="#tumor_macroscopic_view"/>
        <Class IRI="#tumor_clinical_data"/>
    </SubClassOf>
    <SubClassOf>
        <Class IRI="#tumor_masticator_space_invasion"/>
        <Class IRI="#tumor_invasion"/>
    </SubClassOf>
    <SubClassOf>
        <Class IRI="#tumor_max_diameter"/>
        <Class IRI="#tumor_pathological_data"/>
    </SubClassOf>
    <SubClassOf>
        <Class IRI="#tumor_maxilary_sinus_invasion"/>
        <Class IRI="#tumor_invasion"/>
    </SubClassOf>
    <SubClassOf>
        <Class IRI="#tumor_metastasis_site"/>
        <Class IRI="#tumor_clinical_data"/>
    </SubClassOf>
    <SubClassOf>
        <Class IRI="#tumor_necrosis"/>
        <Class IRI="#tumor_clinical_data"/>
    </SubClassOf>
    <SubClassOf>
        <Class IRI="#tumor_necrosis"/>
        <Class IRI="#tumor_imaging_data"/>
    </SubClassOf>
    <SubClassOf>
        <Class IRI="#tumor_nuclear_pleomorphism"/>
        <Class IRI="#tumor_pathological_data"/>
    </SubClassOf>
    <SubClassOf>
        <Class IRI="#tumor_number_of_metastatic_lymphnodes_per_level"/>
        <Class IRI="#tumor_pathological_data"/>
    </SubClassOf>
    <SubClassOf>
        <Class IRI="#tumor_number_of_mitoses_per_10_HPF"/>
        <Class IRI="#tumor_pathological_data"/>
    </SubClassOf>
    <SubClassOf>
        <Class IRI="#tumor_p53_stain"/>
        <Class IRI="#tumor_stain"/>
    </SubClassOf>
    <SubClassOf>
        <Class IRI="#tumor_parapharingeal_space_invasion"/>
        <Class IRI="#tumor_invasion"/>
    </SubClassOf>
    <SubClassOf>
        <Class IRI="#tumor_pathological_data"/>
        <Class IRI="#tumor_finding"/>
    </SubClassOf>
    <SubClassOf>
        <Class IRI="#tumor_pathological_invasion"/>
        <Class IRI="#tumor_pathological_data"/>
    </SubClassOf>
    <SubClassOf>
        <Class IRI="#tumor_pattern_of_invasion"/>
        <Class IRI="#tumor_pathological_invasion"/>
    </SubClassOf>
    <SubClassOf>
        <Class IRI="#tumor_perineural_infiltration"/>
        <Class IRI="#tumor_infiltration"/>
    </SubClassOf>
    <SubClassOf>
        <Class IRI="#tumor_perineural_invasion"/>
        <Class IRI="#tumor_pathological_invasion"/>
    </SubClassOf>
    <SubClassOf>
        <Class IRI="#tumor_periosteal_infiltration"/>
        <Class IRI="#tumor_infiltration"/>
    </SubClassOf>
    <SubClassOf>
        <Class IRI="#tumor_previous_pathological_sample"/>
        <Class IRI="#tumor_pathological_data"/>
    </SubClassOf>
    <SubClassOf>
        <Class IRI="#tumor_principal_site"/>
        <Class IRI="#tumor_imaging_data"/>
    </SubClassOf>
    <SubClassOf>
        <Class IRI="#tumor_pterigo_palatine_invasion"/>
        <Class IRI="#tumor_invasion"/>
    </SubClassOf>
    <SubClassOf>
        <Class IRI="#tumor_related_muscle_atrophy"/>
        <Class IRI="#tumor_imaging_data"/>
    </SubClassOf>
    <SubClassOf>
        <Class IRI="#tumor_side"/>
        <Class IRI="#tumor_imaging_data"/>
    </SubClassOf>
    <SubClassOf>
        <Class IRI="#tumor_site"/>
        <Class IRI="#tumor_pathological_data"/>
    </SubClassOf>
    <SubClassOf>
        <Class IRI="#tumor_size"/>
        <Class IRI="#tumor_clinical_data"/>
    </SubClassOf>
    <SubClassOf>
        <Class IRI="#tumor_skull_base_invasion"/>
        <Class IRI="#tumor_invasion"/>
    </SubClassOf>
    <SubClassOf>
        <Class IRI="#tumor_spread_across_midline"/>
        <Class IRI="#tumor_imaging_data"/>
    </SubClassOf>
    <SubClassOf>
        <Class IRI="#tumor_stage_grouping"/>
        <Class IRI="#tumor_imaging_data"/>
    </SubClassOf>
    <SubClassOf>
        <Class IRI="#tumor_stain"/>
        <Class IRI="#tumor_pathological_data"/>
    </SubClassOf>
    <SubClassOf>
        <Class IRI="#tumor_sublingual_space_invasion"/>
        <Class IRI="#tumor_invasion"/>
    </SubClassOf>
    <SubClassOf>
        <Class IRI="#tumor_surgical_margins"/>
        <Class IRI="#tumor_pathological_data"/>
    </SubClassOf>
    <SubClassOf>
        <Class IRI="#tumor_surgical_procedure"/>
        <Class IRI="#surgical_procedure"/>
    </SubClassOf>
    <SubClassOf>
        <Class IRI="#tumor_thickness"/>
        <Class IRI="#tumor_pathological_data"/>
    </SubClassOf>
    <SubClassOf>
        <Class IRI="#tumor_total_number_of_lymphnodes_per_level"/>
        <Class IRI="#tumor_pathological_data"/>
    </SubClassOf>
    <SubClassOf>
        <Class IRI="#tumor_ulceration"/>
        <Class IRI="#tumor_clinical_data"/>
    </SubClassOf>
    <SubClassOf>
        <Class IRI="#tumor_water_content"/>
        <Class IRI="#tumor_imaging_data"/>
    </SubClassOf>
    <SubClassOf>
        <Class IRI="#venous_anastomosis_flap"/>
        <Class IRI="#free_flap"/>
    </SubClassOf>
    <SubClassOf>
        <Class IRI="http://purl.obolibrary.org/obo/IAO_0000027"/>
        <Class IRI="http://purl.obolibrary.org/obo/IAO_0000030"/>
    </SubClassOf>
    <SubClassOf>
        <Class IRI="http://purl.obolibrary.org/obo/IAO_0000030"/>
        <Class IRI="http://www.ifomis.org/bfo/1.1/snap#GenericallyDependentContinuant"/>
    </SubClassOf>
    <SubClassOf>
        <Class IRI="http://purl.obolibrary.org/obo/IAO_0000030"/>
        <ObjectSomeValuesFrom>
            <ObjectProperty IRI="http://purl.obolibrary.org/obo/IAO_0000136"/>
            <Class IRI="http://www.ifomis.org/bfo/1.1#Entity"/>
        </ObjectSomeValuesFrom>
    </SubClassOf>
    <SubClassOf>
        <Class IRI="http://purl.obolibrary.org/obo/IAO_0000100"/>
        <Class IRI="http://purl.obolibrary.org/obo/IAO_0000027"/>
    </SubClassOf>
    <SubClassOf>
        <Class IRI="http://purl.obolibrary.org/obo/OBI_0000093"/>
        <Class IRI="http://www.ifomis.org/bfo/1.1/snap#Role"/>
    </SubClassOf>
    <SubClassOf>
        <Class IRI="http://purl.obolibrary.org/obo/OBI_0000093"/>
        <ObjectAllValuesFrom>
            <ObjectProperty IRI="http://www.obofoundry.org/ro/ro.owl#contains"/>
            <Class IRI="http://purl.org/obo/owl/FMA#FMA_5034"/>
        </ObjectAllValuesFrom>
    </SubClassOf>
    <SubClassOf>
        <Class IRI="http://purl.obolibrary.org/obo/OBI_0000093"/>
        <ObjectMinCardinality cardinality="1">
            <ObjectProperty IRI="http://www.obofoundry.org/ro/ro.owl#participates_in"/>
            <Class IRI="http://purl.obolibrary.org/obo/OGMS_0000090"/>
        </ObjectMinCardinality>
    </SubClassOf>
    <SubClassOf>
        <Class IRI="http://purl.obolibrary.org/obo/OBI_0000093"/>
        <ObjectExactCardinality cardinality="1">
            <ObjectProperty IRI="http://www.obofoundry.org/ro/ro.owl#contains"/>
            <Class IRI="http://purl.org/obo/owl/DOID#DOID_3680"/>
        </ObjectExactCardinality>
    </SubClassOf>
    <SubClassOf>
        <Class IRI="http://purl.obolibrary.org/obo/OBI_0000118"/>
        <Class IRI="http://purl.obolibrary.org/obo/IAO_0000100"/>
    </SubClassOf>
    <SubClassOf>
        <Class IRI="http://purl.obolibrary.org/obo/OBI_0100015"/>
        <Class IRI="http://www.ifomis.org/bfo/1.1/snap#MaterialEntity"/>
    </SubClassOf>
    <SubClassOf>
        <Class IRI="http://purl.obolibrary.org/obo/OBI_1110055"/>
        <Class IRI="http://www.ifomis.org/bfo/1.1/snap#Disposition"/>
    </SubClassOf>
    <SubClassOf>
        <Class IRI="http://purl.obolibrary.org/obo/OGMS_0000014"/>
        <Class IRI="http://purl.obolibrary.org/obo/IAO_0000027"/>
    </SubClassOf>
    <SubClassOf>
        <Class IRI="http://purl.obolibrary.org/obo/OGMS_0000014"/>
        <ObjectExactCardinality cardinality="1">
            <ObjectProperty IRI="http://purl.obolibrary.org/obo/IAO_0000136"/>
            <Class IRI="http://purl.obolibrary.org/obo/OBI_0000093"/>
        </ObjectExactCardinality>
    </SubClassOf>
    <SubClassOf>
        <Class IRI="http://purl.obolibrary.org/obo/OGMS_0000015"/>
        <Class IRI="http://purl.obolibrary.org/obo/OGMS_0000014"/>
    </SubClassOf>
    <SubClassOf>
        <Class IRI="http://purl.obolibrary.org/obo/OGMS_0000017"/>
        <Class IRI="http://purl.obolibrary.org/obo/OGMS_0000014"/>
    </SubClassOf>
    <SubClassOf>
        <Class IRI="http://purl.obolibrary.org/obo/OGMS_0000018"/>
        <Class IRI="http://purl.obolibrary.org/obo/OGMS_0000014"/>
    </SubClassOf>
    <SubClassOf>
        <Class IRI="http://purl.obolibrary.org/obo/OGMS_0000083"/>
        <Class IRI="http://purl.obolibrary.org/obo/OGMS_0000014"/>
    </SubClassOf>
    <SubClassOf>
        <Class IRI="http://purl.obolibrary.org/obo/OGMS_0000090"/>
        <Class IRI="http://www.ifomis.org/bfo/1.1/span#ProcessualEntity"/>
    </SubClassOf>
    <SubClassOf>
        <Class IRI="http://purl.obolibrary.org/obo/OGMS_0000090"/>
        <ObjectAllValuesFrom>
            <ObjectProperty IRI="http://www.obofoundry.org/ro/ro.owl#precedes"/>
            <Class IRI="#post_treatment"/>
        </ObjectAllValuesFrom>
    </SubClassOf>
    <SubClassOf>
        <Class IRI="http://purl.obolibrary.org/obo/OGMS_0000090"/>
        <ObjectExactCardinality cardinality="1">
            <ObjectProperty IRI="http://www.obofoundry.org/ro/ro.owl#has_participant"/>
            <Class IRI="http://purl.obolibrary.org/obo/OBI_0000093"/>
        </ObjectExactCardinality>
    </SubClassOf>
    <SubClassOf>
        <Class IRI="http://purl.obolibrary.org/obo/OGMS_0000093"/>
        <Class IRI="http://purl.obolibrary.org/obo/IAO_0000027"/>
    </SubClassOf>
    <SubClassOf>
        <Class IRI="http://purl.obolibrary.org/obo/OGMS_0000093"/>
        <ObjectExactCardinality cardinality="1">
            <ObjectProperty IRI="http://purl.obolibrary.org/obo/IAO_0000136"/>
            <Class IRI="http://purl.obolibrary.org/obo/OBI_0000093"/>
        </ObjectExactCardinality>
    </SubClassOf>
    <SubClassOf>
        <Class IRI="http://purl.org/obo/owl/DOID#DOID_14566"/>
        <Class IRI="http://purl.obolibrary.org/obo/OBI_1110055"/>
    </SubClassOf>
    <SubClassOf>
        <Class IRI="http://purl.org/obo/owl/DOID#DOID_162"/>
        <Class IRI="http://purl.org/obo/owl/DOID#DOID_14566"/>
    </SubClassOf>
    <SubClassOf>
        <Class IRI="http://purl.org/obo/owl/DOID#DOID_3680"/>
        <Class IRI="http://purl.org/obo/owl/DOID#DOID_449"/>
    </SubClassOf>
    <SubClassOf>
        <Class IRI="http://purl.org/obo/owl/DOID#DOID_3680"/>
        <ObjectExactCardinality cardinality="1">
            <ObjectProperty IRI="http://www.obofoundry.org/ro/ro.owl#contained_in"/>
            <Class IRI="http://purl.obolibrary.org/obo/OBI_0000093"/>
        </ObjectExactCardinality>
    </SubClassOf>
    <SubClassOf>
        <Class IRI="http://purl.org/obo/owl/DOID#DOID_449"/>
        <Class IRI="http://purl.org/obo/owl/DOID#DOID_462"/>
    </SubClassOf>
    <SubClassOf>
        <Class IRI="http://purl.org/obo/owl/DOID#DOID_462"/>
        <Class IRI="http://purl.org/obo/owl/DOID#DOID_162"/>
    </SubClassOf>
    <SubClassOf>
        <Class IRI="http://purl.org/obo/owl/DOID#DOID_8533"/>
        <Class IRI="http://purl.org/obo/owl/DOID#DOID_3680"/>
    </SubClassOf>
    <SubClassOf>
        <Class IRI="http://purl.org/obo/owl/DOID#DOID_8556"/>
        <Class IRI="http://purl.org/obo/owl/DOID#DOID_8557"/>
    </SubClassOf>
    <SubClassOf>
        <Class IRI="http://purl.org/obo/owl/DOID#DOID_8557"/>
        <Class IRI="http://purl.org/obo/owl/DOID#DOID_3680"/>
    </SubClassOf>
    <SubClassOf>
        <Class IRI="http://purl.org/obo/owl/DOID#DOID_8564"/>
        <Class IRI="http://purl.org/obo/owl/DOID#DOID_3680"/>
    </SubClassOf>
    <SubClassOf>
        <Class IRI="http://purl.org/obo/owl/DOID#DOID_8578"/>
        <Class IRI="http://purl.org/obo/owl/DOID#DOID_3680"/>
    </SubClassOf>
    <SubClassOf>
        <Class IRI="http://purl.org/obo/owl/DOID#DOID_8601"/>
        <Class IRI="http://purl.org/obo/owl/DOID#DOID_8602"/>
    </SubClassOf>
    <SubClassOf>
        <Class IRI="http://purl.org/obo/owl/DOID#DOID_8602"/>
        <Class IRI="http://purl.org/obo/owl/DOID#DOID_3680"/>
    </SubClassOf>
    <SubClassOf>
        <Class IRI="http://purl.org/obo/owl/DOID#DOID_8617"/>
        <Class IRI="http://purl.org/obo/owl/DOID#DOID_8618"/>
    </SubClassOf>
    <SubClassOf>
        <Class IRI="http://purl.org/obo/owl/DOID#DOID_8618"/>
        <Class IRI="http://purl.org/obo/owl/DOID#DOID_3680"/>
    </SubClassOf>
    <SubClassOf>
        <Class IRI="http://purl.org/obo/owl/DOID#DOID_8630"/>
        <Class IRI="http://purl.org/obo/owl/DOID#DOID_8564"/>
    </SubClassOf>
    <SubClassOf>
        <Class IRI="http://purl.org/obo/owl/DOID#DOID_8635"/>
        <Class IRI="http://purl.org/obo/owl/DOID#DOID_3680"/>
    </SubClassOf>
    <SubClassOf>
        <Class IRI="http://purl.org/obo/owl/DOID#DOID_8649"/>
        <Class IRI="http://purl.org/obo/owl/DOID#DOID_3680"/>
    </SubClassOf>
    <SubClassOf>
        <Class IRI="http://purl.org/obo/owl/DOID#DOID_8660"/>
        <Class IRI="http://purl.org/obo/owl/DOID#DOID_8533"/>
    </SubClassOf>
    <SubClassOf>
        <Class IRI="http://purl.org/obo/owl/DOID#DOID_8663"/>
        <Class IRI="http://purl.org/obo/owl/DOID#DOID_8533"/>
    </SubClassOf>
    <SubClassOf>
        <Class IRI="http://purl.org/obo/owl/DOID#DOID_8684"/>
        <Class IRI="http://purl.org/obo/owl/DOID#DOID_8557"/>
    </SubClassOf>
    <SubClassOf>
        <Class IRI="http://purl.org/obo/owl/DOID#DOID_8688"/>
        <Class IRI="http://purl.org/obo/owl/DOID#DOID_8557"/>
    </SubClassOf>
    <SubClassOf>
        <Class IRI="http://purl.org/obo/owl/DOID#DOID_8702"/>
        <Class IRI="http://purl.org/obo/owl/DOID#DOID_3680"/>
    </SubClassOf>
    <SubClassOf>
        <Class IRI="http://purl.org/obo/owl/DOID#DOID_8779"/>
        <Class IRI="http://purl.org/obo/owl/DOID#DOID_8649"/>
    </SubClassOf>
    <SubClassOf>
        <Class IRI="http://purl.org/obo/owl/DOID#DOID_8814"/>
        <Class IRI="http://purl.org/obo/owl/DOID#DOID_3680"/>
    </SubClassOf>
    <SubClassOf>
        <Class IRI="http://purl.org/obo/owl/DOID#DOID_8849"/>
        <Class IRI="http://purl.org/obo/owl/DOID#DOID_8850"/>
    </SubClassOf>
    <SubClassOf>
        <Class IRI="http://purl.org/obo/owl/DOID#DOID_8850"/>
        <Class IRI="http://purl.org/obo/owl/DOID#DOID_3680"/>
    </SubClassOf>
    <SubClassOf>
        <Class IRI="http://purl.org/obo/owl/DOID#DOID_8858"/>
        <Class IRI="http://purl.org/obo/owl/DOID#DOID_8557"/>
    </SubClassOf>
    <SubClassOf>
        <Class IRI="http://purl.org/obo/owl/DOID#DOID_8883"/>
        <Class IRI="http://purl.org/obo/owl/DOID#DOID_8564"/>
    </SubClassOf>
    <SubClassOf>
        <Class IRI="http://purl.org/obo/owl/DOID#DOID_8896"/>
        <Class IRI="http://purl.org/obo/owl/DOID#DOID_8557"/>
    </SubClassOf>
    <SubClassOf>
        <Class IRI="http://purl.org/obo/owl/DOID#DOID_8900"/>
        <Class IRI="http://purl.org/obo/owl/DOID#DOID_8649"/>
    </SubClassOf>
    <SubClassOf>
        <Class IRI="http://purl.org/obo/owl/DOID#DOID_8930"/>
        <Class IRI="http://purl.org/obo/owl/DOID#DOID_3680"/>
    </SubClassOf>
    <SubClassOf>
        <Class IRI="http://purl.org/obo/owl/DOID#DOID_8937"/>
        <Class IRI="http://purl.org/obo/owl/DOID#DOID_3680"/>
    </SubClassOf>
    <SubClassOf>
        <Class IRI="http://purl.org/obo/owl/DOID#DOID_8940"/>
        <Class IRI="http://purl.org/obo/owl/DOID#DOID_8649"/>
    </SubClassOf>
    <SubClassOf>
        <Class IRI="http://purl.org/obo/owl/DOID#DOID_8949"/>
        <Class IRI="http://purl.org/obo/owl/DOID#DOID_8557"/>
    </SubClassOf>
    <SubClassOf>
        <Class IRI="http://purl.org/obo/owl/DOID#DOID_8969"/>
        <Class IRI="http://purl.org/obo/owl/DOID#DOID_8557"/>
    </SubClassOf>
    <SubClassOf>
        <Class IRI="http://purl.org/obo/owl/DOID#DOID_8975"/>
        <Class IRI="http://purl.org/obo/owl/DOID#DOID_8564"/>
    </SubClassOf>
    <SubClassOf>
        <Class IRI="http://purl.org/obo/owl/DOID#DOID_8984"/>
        <Class IRI="http://purl.org/obo/owl/DOID#DOID_8564"/>
    </SubClassOf>
    <SubClassOf>
        <Class IRI="http://purl.org/obo/owl/DOID#DOID_8999"/>
        <Class IRI="http://purl.org/obo/owl/DOID#DOID_8649"/>
    </SubClassOf>
    <SubClassOf>
        <Class IRI="http://purl.org/obo/owl/DOID#DOID_9036"/>
        <Class IRI="http://purl.org/obo/owl/DOID#DOID_8850"/>
    </SubClassOf>
    <SubClassOf>
        <Class IRI="http://purl.org/obo/owl/DOID#DOID_9055"/>
        <Class IRI="http://purl.org/obo/owl/DOID#DOID_8618"/>
    </SubClassOf>
    <SubClassOf>
        <Class IRI="http://purl.org/obo/owl/DOID#DOID_9057"/>
        <Class IRI="http://purl.org/obo/owl/DOID#DOID_8814"/>
    </SubClassOf>
    <SubClassOf>
        <Class IRI="http://purl.org/obo/owl/DOID#DOID_9058"/>
        <Class IRI="http://purl.org/obo/owl/DOID#DOID_8649"/>
    </SubClassOf>
    <SubClassOf>
        <Class IRI="http://purl.org/obo/owl/DOID#DOID_9068"/>
        <Class IRI="http://purl.org/obo/owl/DOID#DOID_8649"/>
    </SubClassOf>
    <SubClassOf>
        <Class IRI="http://purl.org/obo/owl/DOID#DOID_9125"/>
        <Class IRI="http://purl.org/obo/owl/DOID#DOID_8602"/>
    </SubClassOf>
    <SubClassOf>
        <Class IRI="http://purl.org/obo/owl/DOID#DOID_9135"/>
        <Class IRI="http://purl.org/obo/owl/DOID#DOID_8564"/>
    </SubClassOf>
    <SubClassOf>
        <Class IRI="http://purl.org/obo/owl/DOID#DOID_9144"/>
        <Class IRI="http://purl.org/obo/owl/DOID#DOID_8814"/>
    </SubClassOf>
    <SubClassOf>
        <Class IRI="http://purl.org/obo/owl/DOID#DOID_9149"/>
        <Class IRI="http://purl.org/obo/owl/DOID#DOID_3680"/>
    </SubClassOf>
    <SubClassOf>
        <Class IRI="http://purl.org/obo/owl/DOID#DOID_9160"/>
        <Class IRI="http://purl.org/obo/owl/DOID#DOID_8533"/>
    </SubClassOf>
    <SubClassOf>
        <Class IRI="http://purl.org/obo/owl/DOID#DOID_9168"/>
        <Class IRI="http://purl.org/obo/owl/DOID#DOID_8557"/>
    </SubClassOf>
    <SubClassOf>
        <Class IRI="http://purl.org/obo/owl/DOID#DOID_9173"/>
        <Class IRI="http://purl.org/obo/owl/DOID#DOID_8850"/>
    </SubClassOf>
    <SubClassOf>
        <Class IRI="http://purl.org/obo/owl/DOID#DOID_9188"/>
        <Class IRI="http://purl.org/obo/owl/DOID#DOID_3680"/>
    </SubClassOf>
    <SubClassOf>
        <Class IRI="http://purl.org/obo/owl/DOID#DOID_9197"/>
        <Class IRI="http://purl.org/obo/owl/DOID#DOID_8814"/>
    </SubClassOf>
    <SubClassOf>
        <Class IRI="http://purl.org/obo/owl/DOID#DOID_9229"/>
        <Class IRI="http://purl.org/obo/owl/DOID#DOID_8814"/>
    </SubClassOf>
    <SubClassOf>
        <Class IRI="http://purl.org/obo/owl/DOID#DOID_9235"/>
        <Class IRI="http://purl.org/obo/owl/DOID#DOID_8533"/>
    </SubClassOf>
    <SubClassOf>
        <Class IRI="http://purl.org/obo/owl/FMA#FMA_5034"/>
        <Class IRI="http://purl.obolibrary.org/obo/OBI_0100015"/>
    </SubClassOf>
    <SubClassOf>
        <Class IRI="http://purl.org/obo/owl/FMA#FMA_5034"/>
        <ObjectExactCardinality cardinality="1">
            <ObjectProperty IRI="http://www.obofoundry.org/ro/ro.owl#contained_in"/>
            <Class IRI="http://purl.obolibrary.org/obo/OBI_0000093"/>
        </ObjectExactCardinality>
    </SubClassOf>
    <SubClassOf>
        <Class IRI="http://www.ifomis.org/bfo/1.1#Entity"/>
        <Class abbreviatedIRI="owl:Thing"/>
    </SubClassOf>
    <SubClassOf>
        <Class IRI="http://www.ifomis.org/bfo/1.1/snap#Continuant"/>
        <Class IRI="http://www.ifomis.org/bfo/1.1#Entity"/>
    </SubClassOf>
    <SubClassOf>
        <Class IRI="http://www.ifomis.org/bfo/1.1/snap#DependentContinuant"/>
        <Class IRI="http://www.ifomis.org/bfo/1.1/snap#Continuant"/>
    </SubClassOf>
    <SubClassOf>
        <Class IRI="http://www.ifomis.org/bfo/1.1/snap#Disposition"/>
        <Class IRI="http://www.ifomis.org/bfo/1.1/snap#RealizableEntity"/>
    </SubClassOf>
    <SubClassOf>
        <Class IRI="http://www.ifomis.org/bfo/1.1/snap#GenericallyDependentContinuant"/>
        <Class IRI="http://www.ifomis.org/bfo/1.1/snap#DependentContinuant"/>
    </SubClassOf>
    <SubClassOf>
        <Class IRI="http://www.ifomis.org/bfo/1.1/snap#IndependentContinuant"/>
        <Class IRI="http://www.ifomis.org/bfo/1.1/snap#Continuant"/>
    </SubClassOf>
    <SubClassOf>
        <Class IRI="http://www.ifomis.org/bfo/1.1/snap#MaterialEntity"/>
        <Class IRI="http://www.ifomis.org/bfo/1.1/snap#IndependentContinuant"/>
    </SubClassOf>
    <SubClassOf>
        <Class IRI="http://www.ifomis.org/bfo/1.1/snap#RealizableEntity"/>
        <Class IRI="http://www.ifomis.org/bfo/1.1/snap#SpecificallyDependentContinuant"/>
    </SubClassOf>
    <SubClassOf>
        <Class IRI="http://www.ifomis.org/bfo/1.1/snap#Role"/>
        <Class IRI="http://www.ifomis.org/bfo/1.1/snap#RealizableEntity"/>
    </SubClassOf>
    <SubClassOf>
        <Class IRI="http://www.ifomis.org/bfo/1.1/snap#SpecificallyDependentContinuant"/>
        <Class IRI="http://www.ifomis.org/bfo/1.1/snap#DependentContinuant"/>
    </SubClassOf>
    <SubClassOf>
        <Class IRI="http://www.ifomis.org/bfo/1.1/span#Occurrent"/>
        <Class IRI="http://www.ifomis.org/bfo/1.1#Entity"/>
    </SubClassOf>
    <SubClassOf>
        <Class IRI="http://www.ifomis.org/bfo/1.1/span#ProcessualEntity"/>
        <Class IRI="http://www.ifomis.org/bfo/1.1/span#Occurrent"/>
    </SubClassOf>
    <DisjointClasses>
        <Class IRI="#lymph_node_bone_infiltration"/>
        <Class IRI="#lymph_node_carotid_infiltration"/>
    </DisjointClasses>
    <SubObjectPropertyOf>
        <ObjectProperty IRI="http://www.obofoundry.org/ro/ro.owl#agent_in"/>
        <ObjectProperty IRI="http://www.obofoundry.org/ro/ro.owl#participates_in"/>
    </SubObjectPropertyOf>
    <SubObjectPropertyOf>
        <ObjectProperty IRI="http://www.obofoundry.org/ro/ro.owl#has_agent"/>
        <ObjectProperty IRI="http://www.obofoundry.org/ro/ro.owl#has_participant"/>
    </SubObjectPropertyOf>
    <SubObjectPropertyOf>
        <ObjectProperty IRI="http://www.obofoundry.org/ro/ro.owl#has_improper_part"/>
        <ObjectProperty IRI="http://www.geneontology.org/formats/oboInOwl#ObsoleteProperty"/>
    </SubObjectPropertyOf>
    <SubObjectPropertyOf>
        <ObjectProperty IRI="http://www.obofoundry.org/ro/ro.owl#has_improper_part"/>
        <ObjectProperty IRI="http://www.obofoundry.org/ro/ro.owl#has_part"/>
    </SubObjectPropertyOf>
    <SubObjectPropertyOf>
        <ObjectProperty IRI="http://www.obofoundry.org/ro/ro.owl#has_integral_part"/>
        <ObjectProperty IRI="http://www.obofoundry.org/ro/ro.owl#has_part"/>
    </SubObjectPropertyOf>
    <SubObjectPropertyOf>
        <ObjectProperty IRI="http://www.obofoundry.org/ro/ro.owl#has_proper_part"/>
        <ObjectProperty IRI="http://www.obofoundry.org/ro/ro.owl#has_part"/>
    </SubObjectPropertyOf>
    <SubObjectPropertyOf>
        <ObjectProperty IRI="http://www.obofoundry.org/ro/ro.owl#improper_part_of"/>
        <ObjectProperty IRI="http://www.geneontology.org/formats/oboInOwl#ObsoleteProperty"/>
    </SubObjectPropertyOf>
    <SubObjectPropertyOf>
        <ObjectProperty IRI="http://www.obofoundry.org/ro/ro.owl#improper_part_of"/>
        <ObjectProperty IRI="http://www.obofoundry.org/ro/ro.owl#part_of"/>
    </SubObjectPropertyOf>
    <SubObjectPropertyOf>
        <ObjectProperty IRI="http://www.obofoundry.org/ro/ro.owl#integral_part_of"/>
        <ObjectProperty IRI="http://www.obofoundry.org/ro/ro.owl#part_of"/>
    </SubObjectPropertyOf>
    <SubObjectPropertyOf>
        <ObjectProperty IRI="http://www.obofoundry.org/ro/ro.owl#proper_part_of"/>
        <ObjectProperty IRI="http://www.obofoundry.org/ro/ro.owl#part_of"/>
    </SubObjectPropertyOf>
    <SubObjectPropertyOf>
        <ObjectProperty IRI="http://www.obofoundry.org/ro/ro.owl#relationship"/>
        <ObjectProperty IRI="http://www.geneontology.org/formats/oboInOwl#ObsoleteProperty"/>
    </SubObjectPropertyOf>
    <SubObjectPropertyOf>
        <ObjectProperty IRI="http://www.obofoundry.org/ro/ro.owl#transformed_into"/>
        <ObjectProperty IRI="http://www.geneontology.org/formats/oboInOwl#ObsoleteProperty"/>
    </SubObjectPropertyOf>
    <InverseObjectProperties>
        <ObjectProperty IRI="http://www.obofoundry.org/ro/ro.owl#agent_in"/>
        <ObjectProperty IRI="http://www.obofoundry.org/ro/ro.owl#has_agent"/>
    </InverseObjectProperties>
    <InverseObjectProperties>
        <ObjectProperty IRI="http://www.obofoundry.org/ro/ro.owl#contained_in"/>
        <ObjectProperty IRI="http://www.obofoundry.org/ro/ro.owl#contains"/>
    </InverseObjectProperties>
    <InverseObjectProperties>
        <ObjectProperty IRI="http://www.obofoundry.org/ro/ro.owl#derived_into"/>
        <ObjectProperty IRI="http://www.obofoundry.org/ro/ro.owl#derives_from"/>
    </InverseObjectProperties>
    <InverseObjectProperties>
        <ObjectProperty IRI="http://www.obofoundry.org/ro/ro.owl#has_improper_part"/>
        <ObjectProperty IRI="http://www.obofoundry.org/ro/ro.owl#improper_part_of"/>
    </InverseObjectProperties>
    <InverseObjectProperties>
        <ObjectProperty IRI="http://www.obofoundry.org/ro/ro.owl#has_integral_part"/>
        <ObjectProperty IRI="http://www.obofoundry.org/ro/ro.owl#integral_part_of"/>
    </InverseObjectProperties>
    <InverseObjectProperties>
        <ObjectProperty IRI="http://www.obofoundry.org/ro/ro.owl#has_part"/>
        <ObjectProperty IRI="http://www.obofoundry.org/ro/ro.owl#part_of"/>
    </InverseObjectProperties>
    <InverseObjectProperties>
        <ObjectProperty IRI="http://www.obofoundry.org/ro/ro.owl#has_participant"/>
        <ObjectProperty IRI="http://www.obofoundry.org/ro/ro.owl#participates_in"/>
    </InverseObjectProperties>
    <InverseObjectProperties>
        <ObjectProperty IRI="http://www.obofoundry.org/ro/ro.owl#has_proper_part"/>
        <ObjectProperty IRI="http://www.obofoundry.org/ro/ro.owl#proper_part_of"/>
    </InverseObjectProperties>
    <InverseObjectProperties>
        <ObjectProperty IRI="http://www.obofoundry.org/ro/ro.owl#located_in"/>
        <ObjectProperty IRI="http://www.obofoundry.org/ro/ro.owl#location_of"/>
    </InverseObjectProperties>
    <InverseObjectProperties>
        <ObjectProperty IRI="http://www.obofoundry.org/ro/ro.owl#preceded_by"/>
        <ObjectProperty IRI="http://www.obofoundry.org/ro/ro.owl#precedes"/>
    </InverseObjectProperties>
    <FunctionalObjectProperty>
        <ObjectProperty IRI="http://www.obofoundry.org/ro/ro.owl#inheres_in"/>
    </FunctionalObjectProperty>
    <TransitiveObjectProperty>
        <ObjectProperty IRI="http://www.obofoundry.org/ro/ro.owl#derived_into"/>
    </TransitiveObjectProperty>
    <TransitiveObjectProperty>
        <ObjectProperty IRI="http://www.obofoundry.org/ro/ro.owl#derives_from"/>
    </TransitiveObjectProperty>
    <TransitiveObjectProperty>
        <ObjectProperty IRI="http://www.obofoundry.org/ro/ro.owl#has_improper_part"/>
    </TransitiveObjectProperty>
    <TransitiveObjectProperty>
        <ObjectProperty IRI="http://www.obofoundry.org/ro/ro.owl#has_integral_part"/>
    </TransitiveObjectProperty>
    <TransitiveObjectProperty>
        <ObjectProperty IRI="http://www.obofoundry.org/ro/ro.owl#has_part"/>
    </TransitiveObjectProperty>
    <TransitiveObjectProperty>
        <ObjectProperty IRI="http://www.obofoundry.org/ro/ro.owl#has_proper_part"/>
    </TransitiveObjectProperty>
    <TransitiveObjectProperty>
        <ObjectProperty IRI="http://www.obofoundry.org/ro/ro.owl#improper_part_of"/>
    </TransitiveObjectProperty>
    <TransitiveObjectProperty>
        <ObjectProperty IRI="http://www.obofoundry.org/ro/ro.owl#integral_part_of"/>
    </TransitiveObjectProperty>
    <TransitiveObjectProperty>
        <ObjectProperty IRI="http://www.obofoundry.org/ro/ro.owl#located_in"/>
    </TransitiveObjectProperty>
    <TransitiveObjectProperty>
        <ObjectProperty IRI="http://www.obofoundry.org/ro/ro.owl#location_of"/>
    </TransitiveObjectProperty>
    <TransitiveObjectProperty>
        <ObjectProperty IRI="http://www.obofoundry.org/ro/ro.owl#part_of"/>
    </TransitiveObjectProperty>
    <TransitiveObjectProperty>
        <ObjectProperty IRI="http://www.obofoundry.org/ro/ro.owl#preceded_by"/>
    </TransitiveObjectProperty>
    <TransitiveObjectProperty>
        <ObjectProperty IRI="http://www.obofoundry.org/ro/ro.owl#precedes"/>
    </TransitiveObjectProperty>
    <TransitiveObjectProperty>
        <ObjectProperty IRI="http://www.obofoundry.org/ro/ro.owl#proper_part_of"/>
    </TransitiveObjectProperty>
    <TransitiveObjectProperty>
        <ObjectProperty IRI="http://www.obofoundry.org/ro/ro.owl#transformation_of"/>
    </TransitiveObjectProperty>
    <ObjectPropertyDomain>
        <ObjectProperty IRI="http://purl.obolibrary.org/obo/IAO_0000136"/>
        <Class IRI="http://purl.obolibrary.org/obo/IAO_0000030"/>
    </ObjectPropertyDomain>
</Ontology>



<!-- Generated by the OWL API (version 4.2.8) https://github.com/owlcs/owlapi -->

