<?xml version="1.0"?>
<Ontology xmlns="http://www.w3.org/2002/07/owl#"
     xml:base="http://purl.obolibrary.org/obo/ngsonto.owl"
     xmlns:rdf="http://www.w3.org/1999/02/22-rdf-syntax-ns#"
     xmlns:xml="http://www.w3.org/XML/1998/namespace"
     xmlns:xsd="http://www.w3.org/2001/XMLSchema#"
     xmlns:rdfs="http://www.w3.org/2000/01/rdf-schema#"
     ontologyIRI="http://purl.obolibrary.org/obo/ngsonto.owl">
    <Prefix name="owl" IRI="http://www.w3.org/2002/07/owl#"/>
    <Prefix name="rdf" IRI="http://www.w3.org/1999/02/22-rdf-syntax-ns#"/>
    <Prefix name="xml" IRI="http://www.w3.org/XML/1998/namespace"/>
    <Prefix name="xsd" IRI="http://www.w3.org/2001/XMLSchema#"/>
    <Prefix name="rdfs" IRI="http://www.w3.org/2000/01/rdf-schema#"/>
    <Declaration>
        <Class IRI="http://purl.obolibrary.org/obo/OBI_0001305"/>
    </Declaration>
    <Declaration>
        <Class IRI="http://www.ifomis.org/bfo/1.1#Entity"/>
    </Declaration>
    <Declaration>
        <Class IRI="http://edamontology.org/operation_3218"/>
    </Declaration>
    <Declaration>
        <ObjectProperty IRI="http://purl.obolibrary.org/obo/RO_0002230"/>
    </Declaration>
    <Declaration>
        <ObjectProperty IRI="http://purl.obolibrary.org/obo/RO_0002233"/>
    </Declaration>
    <Declaration>
        <ObjectProperty IRI="http://purl.obolibrary.org/obo/RO_0002234"/>
    </Declaration>
    <Declaration>
        <DataProperty IRI="http://purl.obolibrary.org/obo/NGS_0000040"/>
    </Declaration>
    <Declaration>
        <DataProperty IRI="http://purl.obolibrary.org/obo/NGS_0000041"/>
    </Declaration>
    <Declaration>
        <DataProperty IRI="http://purl.obolibrary.org/obo/NGS_0000042"/>
    </Declaration>
    <Declaration>
        <DataProperty IRI="http://purl.obolibrary.org/obo/NGS_0000043"/>
    </Declaration>
    <Declaration>
        <Class IRI="http://www.ifomis.org/bfo/1.1/snap#Site"/>
    </Declaration>
    <Declaration>
        <DataProperty IRI="http://purl.obolibrary.org/obo/NGS_0000045"/>
    </Declaration>
    <Declaration>
        <Class IRI="http://www.ifomis.org/bfo/1.1/snap#DependentContinuant"/>
    </Declaration>
    <Declaration>
        <DataProperty IRI="http://purl.obolibrary.org/obo/NGS_0000046"/>
    </Declaration>
    <Declaration>
        <DataProperty IRI="http://purl.obolibrary.org/obo/NGS_0000047"/>
    </Declaration>
    <Declaration>
        <DataProperty IRI="http://purl.obolibrary.org/obo/NGS_0000048"/>
    </Declaration>
    <Declaration>
        <DataProperty IRI="http://purl.obolibrary.org/obo/NGS_0000049"/>
    </Declaration>
    <Declaration>
        <Class IRI="http://www.ifomis.org/bfo/1.1/snap#RealizableEntity"/>
    </Declaration>
    <Declaration>
        <Class IRI="http://purl.obolibrary.org/obo/NGS_0000075"/>
    </Declaration>
    <Declaration>
        <Class IRI="http://purl.obolibrary.org/obo/NGS_0000074"/>
    </Declaration>
    <Declaration>
        <Class IRI="http://purl.obolibrary.org/obo/NGS_0000073"/>
    </Declaration>
    <Declaration>
        <Class IRI="http://purl.obolibrary.org/obo/NGS_0000072"/>
    </Declaration>
    <Declaration>
        <Class IRI="http://purl.obolibrary.org/obo/NGS_0000071"/>
    </Declaration>
    <Declaration>
        <Class IRI="http://purl.obolibrary.org/obo/IAO_0000010"/>
    </Declaration>
    <Declaration>
        <Class IRI="http://purl.obolibrary.org/obo/NGS_0000070"/>
    </Declaration>
    <Declaration>
        <ObjectProperty IRI="http://purl.obolibrary.org/obo/NGS_0000076"/>
    </Declaration>
    <Declaration>
        <Class IRI="http://www.ifomis.org/bfo/1.1/snap#Role"/>
    </Declaration>
    <Declaration>
        <ObjectProperty IRI="http://purl.obolibrary.org/obo/NGS_0000077"/>
    </Declaration>
    <Declaration>
        <ObjectProperty IRI="http://purl.obolibrary.org/obo/NGS_0000078"/>
    </Declaration>
    <Declaration>
        <Class IRI="http://purl.obolibrary.org/obo/OBI_0000747"/>
    </Declaration>
    <Declaration>
        <Class IRI="http://www.ifomis.org/bfo/1.1/span#SpatiotemporalInstant"/>
    </Declaration>
    <Declaration>
        <Class IRI="http://purl.obolibrary.org/obo/OBI_0000626"/>
    </Declaration>
    <Declaration>
        <ObjectProperty IRI="http://purl.obolibrary.org/obo/NGS_0000079"/>
    </Declaration>
    <Declaration>
        <Class IRI="http://purl.obolibrary.org/obo/OBI_0000066"/>
    </Declaration>
    <Declaration>
        <Class IRI="http://www.ifomis.org/bfo/1.1/snap#Disposition"/>
    </Declaration>
    <Declaration>
        <DataProperty IRI="http://xmlns.com/foaf/0.1/mbox"/>
    </Declaration>
    <Declaration>
        <DataProperty IRI="http://purl.obolibrary.org/obo/NGS_0000051"/>
    </Declaration>
    <Declaration>
        <ObjectProperty IRI="http://purl.obolibrary.org/obo/RO_0002224"/>
    </Declaration>
    <Declaration>
        <DataProperty IRI="http://purl.obolibrary.org/obo/NGS_0000052"/>
    </Declaration>
    <Declaration>
        <DataProperty IRI="http://purl.obolibrary.org/obo/NGS_0000053"/>
    </Declaration>
    <Declaration>
        <DataProperty IRI="http://purl.obolibrary.org/obo/NGS_0000054"/>
    </Declaration>
    <Declaration>
        <DataProperty IRI="http://purl.obolibrary.org/obo/NGS_0000055"/>
    </Declaration>
    <Declaration>
        <Class IRI="http://www.ifomis.org/bfo/1.1/span#ProcessBoundary"/>
    </Declaration>
    <Declaration>
        <DataProperty IRI="http://purl.obolibrary.org/obo/NGS_0000056"/>
    </Declaration>
    <Declaration>
        <DataProperty IRI="http://purl.obolibrary.org/obo/NGS_0000057"/>
    </Declaration>
    <Declaration>
        <Class IRI="http://www.ifomis.org/bfo/1.1/snap#Continuant"/>
    </Declaration>
    <Declaration>
        <DataProperty IRI="http://purl.obolibrary.org/obo/NGS_0000058"/>
    </Declaration>
    <Declaration>
        <Class IRI="http://purl.obolibrary.org/obo/NGS_0000069"/>
    </Declaration>
    <Declaration>
        <DataProperty IRI="http://purl.obolibrary.org/obo/NGS_0000059"/>
    </Declaration>
    <Declaration>
        <Class IRI="http://www.ifomis.org/bfo/1.1/snap#IndependentContinuant"/>
    </Declaration>
    <Declaration>
        <Class IRI="http://purl.obolibrary.org/obo/NGS_0000068"/>
    </Declaration>
    <Declaration>
        <Class IRI="http://purl.obolibrary.org/obo/NGS_0000067"/>
    </Declaration>
    <Declaration>
        <Class IRI="http://purl.obolibrary.org/obo/NGS_0000066"/>
    </Declaration>
    <Declaration>
        <Class IRI="http://purl.obolibrary.org/obo/NGS_0000065"/>
    </Declaration>
    <Declaration>
        <Class IRI="http://purl.obolibrary.org/obo/NGS_0000064"/>
    </Declaration>
    <Declaration>
        <Class IRI="http://www.ifomis.org/bfo/1.1/snap#ObjectBoundary"/>
    </Declaration>
    <Declaration>
        <Class IRI="http://purl.obolibrary.org/obo/NGS_0000061"/>
    </Declaration>
    <Declaration>
        <Class IRI="http://www.ifomis.org/bfo/1.1/snap#ObjectAggregate"/>
    </Declaration>
    <Declaration>
        <Class IRI="http://www.ifomis.org/bfo/1.1/snap#ZeroDimensionalRegion"/>
    </Declaration>
    <Declaration>
        <Class IRI="http://www.ifomis.org/bfo/1.1/snap#FiatObjectPart"/>
    </Declaration>
    <Declaration>
        <Class IRI="http://www.ifomis.org/bfo/1.1/span#TemporalInterval"/>
    </Declaration>
    <Declaration>
        <Class IRI="http://purl.obolibrary.org/obo/OBI_0000471"/>
    </Declaration>
    <Declaration>
        <Class IRI="http://www.ifomis.org/bfo/1.1/snap#GenericallyDependentContinuant"/>
    </Declaration>
    <Declaration>
        <Class IRI="http://www.ifomis.org/bfo/1.1/snap#ThreeDimensionalRegion"/>
    </Declaration>
    <Declaration>
        <Class IRI="http://www.ifomis.org/bfo/1.1/snap#SpatialRegion"/>
    </Declaration>
    <Declaration>
        <Class IRI="http://purl.obolibrary.org/obo/OBI_0001051"/>
    </Declaration>
    <Declaration>
        <DataProperty IRI="http://purl.obolibrary.org/obo/NGS_0000024"/>
    </Declaration>
    <Declaration>
        <DataProperty IRI="http://purl.obolibrary.org/obo/NGS_0000025"/>
    </Declaration>
    <Declaration>
        <Class IRI="http://purl.obolibrary.org/obo/NCBITaxon_9606"/>
    </Declaration>
    <Declaration>
        <DataProperty IRI="http://purl.obolibrary.org/obo/NGS_0000028"/>
    </Declaration>
    <Declaration>
        <Class IRI="http://purl.obolibrary.org/obo/IAO_0000595"/>
    </Declaration>
    <Declaration>
        <Class IRI="http://www.ifomis.org/bfo/1.1/span#Process"/>
    </Declaration>
    <Declaration>
        <Class IRI="http://purl.obolibrary.org/obo/IAO_0000591"/>
    </Declaration>
    <Declaration>
        <Class IRI="http://purl.obolibrary.org/obo/NGS_0000090"/>
    </Declaration>
    <Declaration>
        <Class IRI="http://purl.obolibrary.org/obo/OBI_0001573"/>
    </Declaration>
    <Declaration>
        <ObjectProperty IRI="http://purl.obolibrary.org/obo/OBI_0001950"/>
    </Declaration>
    <Declaration>
        <Class IRI="http://purl.obolibrary.org/obo/OBI_0000245"/>
    </Declaration>
    <Declaration>
        <DataProperty IRI="http://purl.obolibrary.org/obo/NGS_0000030"/>
    </Declaration>
    <Declaration>
        <DataProperty IRI="http://purl.obolibrary.org/obo/NGS_0000031"/>
    </Declaration>
    <Declaration>
        <Class IRI="http://purl.obolibrary.org/obo/NGS_0000008"/>
    </Declaration>
    <Declaration>
        <DataProperty IRI="http://purl.obolibrary.org/obo/NGS_0000032"/>
    </Declaration>
    <Declaration>
        <Class IRI="http://purl.obolibrary.org/obo/NGS_0000007"/>
    </Declaration>
    <Declaration>
        <DataProperty IRI="http://purl.obolibrary.org/obo/NGS_0000033"/>
    </Declaration>
    <Declaration>
        <Class IRI="http://purl.obolibrary.org/obo/NGS_0000006"/>
    </Declaration>
    <Declaration>
        <DataProperty IRI="http://purl.obolibrary.org/obo/NGS_0000034"/>
    </Declaration>
    <Declaration>
        <Class IRI="http://purl.obolibrary.org/obo/IAO_0000104"/>
    </Declaration>
    <Declaration>
        <Class IRI="http://purl.obolibrary.org/obo/NGS_0000004"/>
    </Declaration>
    <Declaration>
        <Class IRI="http://purl.obolibrary.org/obo/NGS_0000003"/>
    </Declaration>
    <Declaration>
        <DataProperty IRI="http://purl.obolibrary.org/obo/NGS_0000038"/>
    </Declaration>
    <Declaration>
        <Class IRI="http://purl.obolibrary.org/obo/NGS_0000001"/>
    </Declaration>
    <Declaration>
        <Class IRI="http://purl.obolibrary.org/obo/NGS_0000088"/>
    </Declaration>
    <Declaration>
        <Class IRI="http://www.ifomis.org/bfo/1.1/span#TemporalInstant"/>
    </Declaration>
    <Declaration>
        <Class IRI="http://purl.obolibrary.org/obo/OBI_0400103"/>
    </Declaration>
    <Declaration>
        <ObjectProperty IRI="http://purl.obolibrary.org/obo/BFO_0000087"/>
    </Declaration>
    <Declaration>
        <ObjectProperty IRI="http://purl.obolibrary.org/obo/NGS_0000063"/>
    </Declaration>
    <Declaration>
        <ObjectProperty IRI="http://purl.obolibrary.org/obo/NGS_0000020"/>
    </Declaration>
    <Declaration>
        <ObjectProperty IRI="http://purl.obolibrary.org/obo/NGS_0000022"/>
    </Declaration>
    <Declaration>
        <ObjectProperty IRI="http://purl.obolibrary.org/obo/NGS_0000023"/>
    </Declaration>
    <Declaration>
        <Class IRI="http://www.ifomis.org/bfo/1.1/snap#Function"/>
    </Declaration>
    <Declaration>
        <Class IRI="http://www.ifomis.org/bfo/1.1/snap#SpecificallyDependentContinuant"/>
    </Declaration>
    <Declaration>
        <Class IRI="http://purl.obolibrary.org/obo/OBI_0000011"/>
    </Declaration>
    <Declaration>
        <Class IRI="http://www.ifomis.org/bfo/1.1/span#ProcessAggregate"/>
    </Declaration>
    <Declaration>
        <DataProperty IRI="http://purl.obolibrary.org/obo/NGS_0000080"/>
    </Declaration>
    <Declaration>
        <DataProperty IRI="http://purl.obolibrary.org/obo/NGS_0000081"/>
    </Declaration>
    <Declaration>
        <Class IRI="http://www.ifomis.org/bfo/1.1/snap#Quality"/>
    </Declaration>
    <Declaration>
        <Class IRI="http://purl.obolibrary.org/obo/OBI_0000257"/>
    </Declaration>
    <Declaration>
        <DataProperty IRI="http://purl.obolibrary.org/obo/NGS_0000084"/>
    </Declaration>
    <Declaration>
        <DataProperty IRI="http://purl.obolibrary.org/obo/NGS_0000085"/>
    </Declaration>
    <Declaration>
        <DataProperty IRI="http://purl.obolibrary.org/obo/NGS_0000086"/>
    </Declaration>
    <Declaration>
        <Class IRI="http://www.ifomis.org/bfo/1.1/snap#OneDimensionalRegion"/>
    </Declaration>
    <Declaration>
        <DataProperty IRI="http://purl.obolibrary.org/obo/NGS_0000087"/>
    </Declaration>
    <Declaration>
        <Class IRI="http://www.ifomis.org/bfo/1.1/snap#TwoDimensionalRegion"/>
    </Declaration>
    <Declaration>
        <DataProperty IRI="http://purl.obolibrary.org/obo/NGS_0000089"/>
    </Declaration>
    <Declaration>
        <Class IRI="http://www.ifomis.org/bfo/1.1/span#ProcessualEntity"/>
    </Declaration>
    <Declaration>
        <Class IRI="http://www.ifomis.org/bfo/1.1/snap#MaterialEntity"/>
    </Declaration>
    <Declaration>
        <Class IRI="http://www.ifomis.org/bfo/1.1/span#SpatiotemporalRegion"/>
    </Declaration>
    <Declaration>
        <Class IRI="http://www.ifomis.org/bfo/1.1/span#ScatteredSpatiotemporalRegion"/>
    </Declaration>
    <Declaration>
        <Class IRI="http://www.ifomis.org/bfo/1.1/snap#Object"/>
    </Declaration>
    <Declaration>
        <Class IRI="http://edamontology.org/operation_0310"/>
    </Declaration>
    <Declaration>
        <Class IRI="http://www.ifomis.org/bfo/1.1/span#ScatteredTemporalRegion"/>
    </Declaration>
    <Declaration>
        <Class IRI="http://www.ifomis.org/bfo/1.1/span#ConnectedSpatiotemporalRegion"/>
    </Declaration>
    <Declaration>
        <Class IRI="http://rest.phyloviz.net/ontology#Isolate"/>
    </Declaration>
    <Declaration>
        <Class IRI="http://purl.obolibrary.org/obo/SO_0000150"/>
    </Declaration>
    <Declaration>
        <Class IRI="http://purl.obolibrary.org/obo/OBI_0000272"/>
    </Declaration>
    <Declaration>
        <Class IRI="http://www.ifomis.org/bfo/1.1/span#ConnectedTemporalRegion"/>
    </Declaration>
    <Declaration>
        <Class IRI="http://www.ifomis.org/bfo/1.1/span#SpatiotemporalInterval"/>
    </Declaration>
    <Declaration>
        <Class IRI="http://purl.obolibrary.org/obo/OBI_0000435"/>
    </Declaration>
    <Declaration>
        <Class IRI="http://purl.obolibrary.org/obo/OBI_0000711"/>
    </Declaration>
    <Declaration>
        <ObjectProperty IRI="http://purl.obolibrary.org/obo/BFO_0000051"/>
    </Declaration>
    <Declaration>
        <Class IRI="http://edamontology.org/operation_0524"/>
    </Declaration>
    <Declaration>
        <Class IRI="http://edamontology.org/operation_0523"/>
    </Declaration>
    <Declaration>
        <Class IRI="http://edamontology.org/operation_0369"/>
    </Declaration>
    <Declaration>
        <Class IRI="http://www.ifomis.org/bfo/1.1/span#Occurrent"/>
    </Declaration>
    <Declaration>
        <ObjectProperty IRI="http://purl.obolibrary.org/obo/NGS_0000091"/>
    </Declaration>
    <Declaration>
        <Class IRI="http://purl.obolibrary.org/obo/SO_0000149"/>
    </Declaration>
    <Declaration>
        <Class IRI="http://www.ifomis.org/bfo/1.1/span#ProcessualContext"/>
    </Declaration>
    <Declaration>
        <Class IRI="http://purl.obolibrary.org/obo/OBI_0000968"/>
    </Declaration>
    <Declaration>
        <Class IRI="http://purl.org/dc/terms/Agent"/>
    </Declaration>
    <Declaration>
        <ObjectProperty IRI="http://purl.obolibrary.org/obo/NGS_0000015"/>
    </Declaration>
    <Declaration>
        <Class IRI="http://www.ifomis.org/bfo/1.1/span#FiatProcessPart"/>
    </Declaration>
    <Declaration>
        <Class IRI="http://edamontology.org/data_2527"/>
    </Declaration>
    <Declaration>
        <Class IRI="http://purl.obolibrary.org/obo/OBI_0500000"/>
    </Declaration>
    <Declaration>
        <Class IRI="http://purl.obolibrary.org/obo/OBI_0000202"/>
    </Declaration>
    <Declaration>
        <Class IRI="http://purl.obolibrary.org/obo/IAO_0000027"/>
    </Declaration>
    <Declaration>
        <Class IRI="http://www.ifomis.org/bfo/1.1/span#TemporalRegion"/>
    </Declaration>
    <Declaration>
        <Class IRI="http://rdf.ebi.ac.uk/terms/biosd/Sample"/>
    </Declaration>
    <EquivalentClasses>
        <Class IRI="http://www.ifomis.org/bfo/1.1#Entity"/>
        <ObjectUnionOf>
            <Class IRI="http://www.ifomis.org/bfo/1.1/snap#Continuant"/>
            <Class IRI="http://www.ifomis.org/bfo/1.1/span#Occurrent"/>
        </ObjectUnionOf>
    </EquivalentClasses>
    <EquivalentClasses>
        <Class IRI="http://www.ifomis.org/bfo/1.1/snap#Continuant"/>
        <ObjectUnionOf>
            <Class IRI="http://www.ifomis.org/bfo/1.1/snap#DependentContinuant"/>
            <Class IRI="http://www.ifomis.org/bfo/1.1/snap#IndependentContinuant"/>
            <Class IRI="http://www.ifomis.org/bfo/1.1/snap#SpatialRegion"/>
        </ObjectUnionOf>
    </EquivalentClasses>
    <EquivalentClasses>
        <Class IRI="http://www.ifomis.org/bfo/1.1/snap#DependentContinuant"/>
        <ObjectUnionOf>
            <Class IRI="http://www.ifomis.org/bfo/1.1/snap#GenericallyDependentContinuant"/>
            <Class IRI="http://www.ifomis.org/bfo/1.1/snap#SpecificallyDependentContinuant"/>
        </ObjectUnionOf>
    </EquivalentClasses>
    <EquivalentClasses>
        <Class IRI="http://www.ifomis.org/bfo/1.1/snap#IndependentContinuant"/>
        <ObjectUnionOf>
            <Class IRI="http://www.ifomis.org/bfo/1.1/snap#MaterialEntity"/>
            <Class IRI="http://www.ifomis.org/bfo/1.1/snap#ObjectBoundary"/>
            <Class IRI="http://www.ifomis.org/bfo/1.1/snap#Site"/>
        </ObjectUnionOf>
    </EquivalentClasses>
    <EquivalentClasses>
        <Class IRI="http://www.ifomis.org/bfo/1.1/snap#MaterialEntity"/>
        <ObjectUnionOf>
            <Class IRI="http://www.ifomis.org/bfo/1.1/snap#FiatObjectPart"/>
            <Class IRI="http://www.ifomis.org/bfo/1.1/snap#Object"/>
            <Class IRI="http://www.ifomis.org/bfo/1.1/snap#ObjectAggregate"/>
        </ObjectUnionOf>
    </EquivalentClasses>
    <EquivalentClasses>
        <Class IRI="http://www.ifomis.org/bfo/1.1/snap#SpatialRegion"/>
        <ObjectUnionOf>
            <Class IRI="http://www.ifomis.org/bfo/1.1/snap#OneDimensionalRegion"/>
            <Class IRI="http://www.ifomis.org/bfo/1.1/snap#ThreeDimensionalRegion"/>
            <Class IRI="http://www.ifomis.org/bfo/1.1/snap#TwoDimensionalRegion"/>
            <Class IRI="http://www.ifomis.org/bfo/1.1/snap#ZeroDimensionalRegion"/>
        </ObjectUnionOf>
    </EquivalentClasses>
    <EquivalentClasses>
        <Class IRI="http://www.ifomis.org/bfo/1.1/snap#SpecificallyDependentContinuant"/>
        <ObjectUnionOf>
            <Class IRI="http://www.ifomis.org/bfo/1.1/snap#Quality"/>
            <Class IRI="http://www.ifomis.org/bfo/1.1/snap#RealizableEntity"/>
        </ObjectUnionOf>
    </EquivalentClasses>
    <EquivalentClasses>
        <Class IRI="http://www.ifomis.org/bfo/1.1/span#ConnectedSpatiotemporalRegion"/>
        <ObjectUnionOf>
            <Class IRI="http://www.ifomis.org/bfo/1.1/span#SpatiotemporalInstant"/>
            <Class IRI="http://www.ifomis.org/bfo/1.1/span#SpatiotemporalInterval"/>
        </ObjectUnionOf>
    </EquivalentClasses>
    <EquivalentClasses>
        <Class IRI="http://www.ifomis.org/bfo/1.1/span#ConnectedTemporalRegion"/>
        <ObjectUnionOf>
            <Class IRI="http://www.ifomis.org/bfo/1.1/span#TemporalInstant"/>
            <Class IRI="http://www.ifomis.org/bfo/1.1/span#TemporalInterval"/>
        </ObjectUnionOf>
    </EquivalentClasses>
    <EquivalentClasses>
        <Class IRI="http://www.ifomis.org/bfo/1.1/span#Occurrent"/>
        <ObjectUnionOf>
            <Class IRI="http://www.ifomis.org/bfo/1.1/span#ProcessualEntity"/>
            <Class IRI="http://www.ifomis.org/bfo/1.1/span#SpatiotemporalRegion"/>
            <Class IRI="http://www.ifomis.org/bfo/1.1/span#TemporalRegion"/>
        </ObjectUnionOf>
    </EquivalentClasses>
    <EquivalentClasses>
        <Class IRI="http://www.ifomis.org/bfo/1.1/span#ProcessualEntity"/>
        <ObjectUnionOf>
            <Class IRI="http://www.ifomis.org/bfo/1.1/span#FiatProcessPart"/>
            <Class IRI="http://www.ifomis.org/bfo/1.1/span#Process"/>
            <Class IRI="http://www.ifomis.org/bfo/1.1/span#ProcessAggregate"/>
            <Class IRI="http://www.ifomis.org/bfo/1.1/span#ProcessBoundary"/>
            <Class IRI="http://www.ifomis.org/bfo/1.1/span#ProcessualContext"/>
        </ObjectUnionOf>
    </EquivalentClasses>
    <EquivalentClasses>
        <Class IRI="http://www.ifomis.org/bfo/1.1/span#SpatiotemporalRegion"/>
        <ObjectUnionOf>
            <Class IRI="http://www.ifomis.org/bfo/1.1/span#ConnectedSpatiotemporalRegion"/>
            <Class IRI="http://www.ifomis.org/bfo/1.1/span#ScatteredSpatiotemporalRegion"/>
        </ObjectUnionOf>
    </EquivalentClasses>
    <EquivalentClasses>
        <Class IRI="http://www.ifomis.org/bfo/1.1/span#TemporalRegion"/>
        <ObjectUnionOf>
            <Class IRI="http://www.ifomis.org/bfo/1.1/span#ConnectedTemporalRegion"/>
            <Class IRI="http://www.ifomis.org/bfo/1.1/span#ScatteredTemporalRegion"/>
        </ObjectUnionOf>
    </EquivalentClasses>
    <SubClassOf>
        <Class IRI="http://edamontology.org/data_2527"/>
        <Class IRI="http://purl.obolibrary.org/obo/IAO_0000027"/>
    </SubClassOf>
    <SubClassOf>
        <Class IRI="http://edamontology.org/data_2527"/>
        <DataSomeValuesFrom>
            <DataProperty IRI="http://purl.obolibrary.org/obo/NGS_0000041"/>
            <Datatype abbreviatedIRI="xsd:string"/>
        </DataSomeValuesFrom>
    </SubClassOf>
    <SubClassOf>
        <Class IRI="http://edamontology.org/data_2527"/>
        <DataSomeValuesFrom>
            <DataProperty IRI="http://purl.obolibrary.org/obo/NGS_0000042"/>
            <Datatype abbreviatedIRI="xsd:string"/>
        </DataSomeValuesFrom>
    </SubClassOf>
    <SubClassOf>
        <Class IRI="http://edamontology.org/operation_0310"/>
        <Class IRI="http://purl.obolibrary.org/obo/NGS_0000006"/>
    </SubClassOf>
    <SubClassOf>
        <Class IRI="http://edamontology.org/operation_0369"/>
        <Class IRI="http://purl.obolibrary.org/obo/NGS_0000007"/>
    </SubClassOf>
    <SubClassOf>
        <Class IRI="http://edamontology.org/operation_0523"/>
        <Class IRI="http://edamontology.org/operation_0310"/>
    </SubClassOf>
    <SubClassOf>
        <Class IRI="http://edamontology.org/operation_0524"/>
        <Class IRI="http://edamontology.org/operation_0310"/>
    </SubClassOf>
    <SubClassOf>
        <Class IRI="http://edamontology.org/operation_3218"/>
        <Class IRI="http://purl.obolibrary.org/obo/NGS_0000006"/>
    </SubClassOf>
    <SubClassOf>
        <Class IRI="http://purl.obolibrary.org/obo/IAO_0000010"/>
        <Class IRI="http://purl.obolibrary.org/obo/IAO_0000104"/>
    </SubClassOf>
    <SubClassOf>
        <Class IRI="http://purl.obolibrary.org/obo/IAO_0000010"/>
        <ObjectSomeValuesFrom>
            <ObjectProperty IRI="http://purl.obolibrary.org/obo/NGS_0000023"/>
            <Class IRI="http://purl.obolibrary.org/obo/IAO_0000010"/>
        </ObjectSomeValuesFrom>
    </SubClassOf>
    <SubClassOf>
        <Class IRI="http://purl.obolibrary.org/obo/IAO_0000010"/>
        <DataMaxCardinality cardinality="1">
            <DataProperty IRI="http://purl.obolibrary.org/obo/NGS_0000040"/>
            <Datatype abbreviatedIRI="xsd:string"/>
        </DataMaxCardinality>
    </SubClassOf>
    <SubClassOf>
        <Class IRI="http://purl.obolibrary.org/obo/IAO_0000010"/>
        <DataMaxCardinality cardinality="1">
            <DataProperty IRI="http://purl.obolibrary.org/obo/NGS_0000052"/>
            <Datatype abbreviatedIRI="xsd:string"/>
        </DataMaxCardinality>
    </SubClassOf>
    <SubClassOf>
        <Class IRI="http://purl.obolibrary.org/obo/IAO_0000027"/>
        <Class IRI="http://www.ifomis.org/bfo/1.1/snap#GenericallyDependentContinuant"/>
    </SubClassOf>
    <SubClassOf>
        <Class IRI="http://purl.obolibrary.org/obo/IAO_0000104"/>
        <Class IRI="http://www.ifomis.org/bfo/1.1/snap#GenericallyDependentContinuant"/>
    </SubClassOf>
    <SubClassOf>
        <Class IRI="http://purl.obolibrary.org/obo/IAO_0000591"/>
        <Class IRI="http://purl.obolibrary.org/obo/IAO_0000010"/>
    </SubClassOf>
    <SubClassOf>
        <Class IRI="http://purl.obolibrary.org/obo/IAO_0000591"/>
        <DataMaxCardinality cardinality="1">
            <DataProperty IRI="http://purl.obolibrary.org/obo/NGS_0000040"/>
            <Datatype abbreviatedIRI="xsd:string"/>
        </DataMaxCardinality>
    </SubClassOf>
    <SubClassOf>
        <Class IRI="http://purl.obolibrary.org/obo/IAO_0000595"/>
        <Class IRI="http://purl.obolibrary.org/obo/IAO_0000010"/>
    </SubClassOf>
    <SubClassOf>
        <Class IRI="http://purl.obolibrary.org/obo/IAO_0000595"/>
        <DataSomeValuesFrom>
            <DataProperty IRI="http://purl.obolibrary.org/obo/NGS_0000047"/>
            <Datatype abbreviatedIRI="xsd:string"/>
        </DataSomeValuesFrom>
    </SubClassOf>
    <SubClassOf>
        <Class IRI="http://purl.obolibrary.org/obo/IAO_0000595"/>
        <DataMaxCardinality cardinality="1">
            <DataProperty IRI="http://purl.obolibrary.org/obo/NGS_0000048"/>
            <Datatype abbreviatedIRI="xsd:string"/>
        </DataMaxCardinality>
    </SubClassOf>
    <SubClassOf>
        <Class IRI="http://purl.obolibrary.org/obo/NGS_0000001"/>
        <Class IRI="http://purl.obolibrary.org/obo/NGS_0000061"/>
    </SubClassOf>
    <SubClassOf>
        <Class IRI="http://purl.obolibrary.org/obo/NGS_0000003"/>
        <Class IRI="http://purl.obolibrary.org/obo/SO_0000150"/>
    </SubClassOf>
    <SubClassOf>
        <Class IRI="http://purl.obolibrary.org/obo/NGS_0000003"/>
        <DataSomeValuesFrom>
            <DataProperty IRI="http://purl.obolibrary.org/obo/NGS_0000058"/>
            <Datatype abbreviatedIRI="xsd:string"/>
        </DataSomeValuesFrom>
    </SubClassOf>
    <SubClassOf>
        <Class IRI="http://purl.obolibrary.org/obo/NGS_0000004"/>
        <Class IRI="http://purl.obolibrary.org/obo/SO_0000150"/>
    </SubClassOf>
    <SubClassOf>
        <Class IRI="http://purl.obolibrary.org/obo/NGS_0000004"/>
        <DataSomeValuesFrom>
            <DataProperty IRI="http://purl.obolibrary.org/obo/NGS_0000058"/>
            <Datatype abbreviatedIRI="xsd:string"/>
        </DataSomeValuesFrom>
    </SubClassOf>
    <SubClassOf>
        <Class IRI="http://purl.obolibrary.org/obo/NGS_0000006"/>
        <Class IRI="http://www.ifomis.org/bfo/1.1/span#Process"/>
    </SubClassOf>
    <SubClassOf>
        <Class IRI="http://purl.obolibrary.org/obo/NGS_0000006"/>
        <ObjectSomeValuesFrom>
            <ObjectProperty IRI="http://purl.obolibrary.org/obo/NGS_0000091"/>
            <Class IRI="http://purl.obolibrary.org/obo/OBI_0000272"/>
        </ObjectSomeValuesFrom>
    </SubClassOf>
    <SubClassOf>
        <Class IRI="http://purl.obolibrary.org/obo/NGS_0000006"/>
        <ObjectSomeValuesFrom>
            <ObjectProperty IRI="http://purl.obolibrary.org/obo/OBI_0001950"/>
            <Class IRI="http://purl.org/dc/terms/Agent"/>
        </ObjectSomeValuesFrom>
    </SubClassOf>
    <SubClassOf>
        <Class IRI="http://purl.obolibrary.org/obo/NGS_0000006"/>
        <ObjectSomeValuesFrom>
            <ObjectProperty IRI="http://purl.obolibrary.org/obo/RO_0002233"/>
            <Class IRI="http://purl.obolibrary.org/obo/NGS_0000061"/>
        </ObjectSomeValuesFrom>
    </SubClassOf>
    <SubClassOf>
        <Class IRI="http://purl.obolibrary.org/obo/NGS_0000006"/>
        <ObjectSomeValuesFrom>
            <ObjectProperty IRI="http://purl.obolibrary.org/obo/RO_0002234"/>
            <Class IRI="http://purl.obolibrary.org/obo/NGS_0000061"/>
        </ObjectSomeValuesFrom>
    </SubClassOf>
    <SubClassOf>
        <Class IRI="http://purl.obolibrary.org/obo/NGS_0000006"/>
        <DataMaxCardinality cardinality="1">
            <DataProperty IRI="http://purl.obolibrary.org/obo/NGS_0000080"/>
            <Datatype abbreviatedIRI="xsd:string"/>
        </DataMaxCardinality>
    </SubClassOf>
    <SubClassOf>
        <Class IRI="http://purl.obolibrary.org/obo/NGS_0000006"/>
        <DataMaxCardinality cardinality="1">
            <DataProperty IRI="http://purl.obolibrary.org/obo/NGS_0000081"/>
            <Datatype abbreviatedIRI="xsd:int"/>
        </DataMaxCardinality>
    </SubClassOf>
    <SubClassOf>
        <Class IRI="http://purl.obolibrary.org/obo/NGS_0000006"/>
        <DataMaxCardinality cardinality="1">
            <DataProperty IRI="http://purl.obolibrary.org/obo/NGS_0000089"/>
            <Datatype abbreviatedIRI="xsd:int"/>
        </DataMaxCardinality>
    </SubClassOf>
    <SubClassOf>
        <Class IRI="http://purl.obolibrary.org/obo/NGS_0000007"/>
        <Class IRI="http://purl.obolibrary.org/obo/NGS_0000006"/>
    </SubClassOf>
    <SubClassOf>
        <Class IRI="http://purl.obolibrary.org/obo/NGS_0000008"/>
        <Class IRI="http://purl.obolibrary.org/obo/NGS_0000007"/>
    </SubClassOf>
    <SubClassOf>
        <Class IRI="http://purl.obolibrary.org/obo/NGS_0000061"/>
        <Class IRI="http://www.ifomis.org/bfo/1.1/snap#MaterialEntity"/>
    </SubClassOf>
    <SubClassOf>
        <Class IRI="http://purl.obolibrary.org/obo/NGS_0000064"/>
        <Class IRI="http://purl.obolibrary.org/obo/OBI_0000272"/>
    </SubClassOf>
    <SubClassOf>
        <Class IRI="http://purl.obolibrary.org/obo/NGS_0000064"/>
        <ObjectUnionOf>
            <Class IRI="http://purl.obolibrary.org/obo/NGS_0000065"/>
            <Class IRI="http://purl.obolibrary.org/obo/NGS_0000066"/>
        </ObjectUnionOf>
    </SubClassOf>
    <SubClassOf>
        <Class IRI="http://purl.obolibrary.org/obo/NGS_0000064"/>
        <ObjectSomeValuesFrom>
            <ObjectProperty IRI="http://purl.obolibrary.org/obo/NGS_0000022"/>
            <Class IRI="http://edamontology.org/data_2527"/>
        </ObjectSomeValuesFrom>
    </SubClassOf>
    <SubClassOf>
        <Class IRI="http://purl.obolibrary.org/obo/NGS_0000064"/>
        <ObjectMaxCardinality cardinality="1">
            <ObjectProperty IRI="http://purl.obolibrary.org/obo/NGS_0000023"/>
            <Class IRI="http://purl.obolibrary.org/obo/IAO_0000010"/>
        </ObjectMaxCardinality>
    </SubClassOf>
    <SubClassOf>
        <Class IRI="http://purl.obolibrary.org/obo/NGS_0000064"/>
        <ObjectMaxCardinality cardinality="1">
            <ObjectProperty IRI="http://purl.obolibrary.org/obo/NGS_0000063"/>
            <Class IRI="http://purl.obolibrary.org/obo/IAO_0000591"/>
        </ObjectMaxCardinality>
    </SubClassOf>
    <SubClassOf>
        <Class IRI="http://purl.obolibrary.org/obo/NGS_0000065"/>
        <Class IRI="http://purl.obolibrary.org/obo/NGS_0000064"/>
    </SubClassOf>
    <SubClassOf>
        <Class IRI="http://purl.obolibrary.org/obo/NGS_0000066"/>
        <Class IRI="http://purl.obolibrary.org/obo/NGS_0000064"/>
    </SubClassOf>
    <SubClassOf>
        <Class IRI="http://purl.obolibrary.org/obo/NGS_0000067"/>
        <Class IRI="http://purl.obolibrary.org/obo/OBI_0000272"/>
    </SubClassOf>
    <SubClassOf>
        <Class IRI="http://purl.obolibrary.org/obo/NGS_0000067"/>
        <DataSomeValuesFrom>
            <DataProperty IRI="http://purl.obolibrary.org/obo/NGS_0000031"/>
            <Datatype abbreviatedIRI="xsd:string"/>
        </DataSomeValuesFrom>
    </SubClassOf>
    <SubClassOf>
        <Class IRI="http://purl.obolibrary.org/obo/NGS_0000067"/>
        <DataMaxCardinality cardinality="1">
            <DataProperty IRI="http://purl.obolibrary.org/obo/NGS_0000084"/>
            <Datatype abbreviatedIRI="xsd:string"/>
        </DataMaxCardinality>
    </SubClassOf>
    <SubClassOf>
        <Class IRI="http://purl.obolibrary.org/obo/NGS_0000068"/>
        <Class IRI="http://purl.obolibrary.org/obo/OBI_0000272"/>
    </SubClassOf>
    <SubClassOf>
        <Class IRI="http://purl.obolibrary.org/obo/NGS_0000068"/>
        <DataSomeValuesFrom>
            <DataProperty IRI="http://purl.obolibrary.org/obo/NGS_0000024"/>
            <Datatype abbreviatedIRI="xsd:string"/>
        </DataSomeValuesFrom>
    </SubClassOf>
    <SubClassOf>
        <Class IRI="http://purl.obolibrary.org/obo/NGS_0000068"/>
        <DataSomeValuesFrom>
            <DataProperty IRI="http://purl.obolibrary.org/obo/NGS_0000030"/>
            <Datatype abbreviatedIRI="xsd:string"/>
        </DataSomeValuesFrom>
    </SubClassOf>
    <SubClassOf>
        <Class IRI="http://purl.obolibrary.org/obo/NGS_0000068"/>
        <DataSomeValuesFrom>
            <DataProperty IRI="http://purl.obolibrary.org/obo/NGS_0000051"/>
            <Datatype abbreviatedIRI="xsd:string"/>
        </DataSomeValuesFrom>
    </SubClassOf>
    <SubClassOf>
        <Class IRI="http://purl.obolibrary.org/obo/NGS_0000068"/>
        <DataSomeValuesFrom>
            <DataProperty IRI="http://purl.obolibrary.org/obo/NGS_0000057"/>
            <Datatype abbreviatedIRI="xsd:string"/>
        </DataSomeValuesFrom>
    </SubClassOf>
    <SubClassOf>
        <Class IRI="http://purl.obolibrary.org/obo/NGS_0000068"/>
        <DataMaxCardinality cardinality="1">
            <DataProperty IRI="http://purl.obolibrary.org/obo/NGS_0000025"/>
            <Datatype abbreviatedIRI="xsd:string"/>
        </DataMaxCardinality>
    </SubClassOf>
    <SubClassOf>
        <Class IRI="http://purl.obolibrary.org/obo/NGS_0000068"/>
        <DataMaxCardinality cardinality="1">
            <DataProperty IRI="http://purl.obolibrary.org/obo/NGS_0000034"/>
            <Datatype abbreviatedIRI="xsd:string"/>
        </DataMaxCardinality>
    </SubClassOf>
    <SubClassOf>
        <Class IRI="http://purl.obolibrary.org/obo/NGS_0000068"/>
        <DataMaxCardinality cardinality="1">
            <DataProperty IRI="http://purl.obolibrary.org/obo/NGS_0000038"/>
            <Datatype abbreviatedIRI="xsd:string"/>
        </DataMaxCardinality>
    </SubClassOf>
    <SubClassOf>
        <Class IRI="http://purl.obolibrary.org/obo/NGS_0000068"/>
        <DataMaxCardinality cardinality="1">
            <DataProperty IRI="http://purl.obolibrary.org/obo/NGS_0000040"/>
            <Datatype abbreviatedIRI="xsd:string"/>
        </DataMaxCardinality>
    </SubClassOf>
    <SubClassOf>
        <Class IRI="http://purl.obolibrary.org/obo/NGS_0000068"/>
        <DataMaxCardinality cardinality="1">
            <DataProperty IRI="http://purl.obolibrary.org/obo/NGS_0000043"/>
            <Datatype abbreviatedIRI="xsd:long"/>
        </DataMaxCardinality>
    </SubClassOf>
    <SubClassOf>
        <Class IRI="http://purl.obolibrary.org/obo/NGS_0000068"/>
        <DataMaxCardinality cardinality="1">
            <DataProperty IRI="http://purl.obolibrary.org/obo/NGS_0000053"/>
            <Datatype abbreviatedIRI="xsd:string"/>
        </DataMaxCardinality>
    </SubClassOf>
    <SubClassOf>
        <Class IRI="http://purl.obolibrary.org/obo/NGS_0000069"/>
        <Class IRI="http://purl.obolibrary.org/obo/OBI_0000272"/>
    </SubClassOf>
    <SubClassOf>
        <Class IRI="http://purl.obolibrary.org/obo/NGS_0000069"/>
        <ObjectUnionOf>
            <Class IRI="http://purl.obolibrary.org/obo/NGS_0000070"/>
            <Class IRI="http://purl.obolibrary.org/obo/NGS_0000071"/>
        </ObjectUnionOf>
    </SubClassOf>
    <SubClassOf>
        <Class IRI="http://purl.obolibrary.org/obo/NGS_0000069"/>
        <ObjectSomeValuesFrom>
            <ObjectProperty IRI="http://purl.obolibrary.org/obo/NGS_0000022"/>
            <Class IRI="http://edamontology.org/data_2527"/>
        </ObjectSomeValuesFrom>
    </SubClassOf>
    <SubClassOf>
        <Class IRI="http://purl.obolibrary.org/obo/NGS_0000069"/>
        <ObjectMaxCardinality cardinality="1">
            <ObjectProperty IRI="http://purl.obolibrary.org/obo/NGS_0000023"/>
            <Class IRI="http://purl.obolibrary.org/obo/IAO_0000010"/>
        </ObjectMaxCardinality>
    </SubClassOf>
    <SubClassOf>
        <Class IRI="http://purl.obolibrary.org/obo/NGS_0000069"/>
        <ObjectMaxCardinality cardinality="1">
            <ObjectProperty IRI="http://purl.obolibrary.org/obo/NGS_0000063"/>
            <Class IRI="http://purl.obolibrary.org/obo/IAO_0000591"/>
        </ObjectMaxCardinality>
    </SubClassOf>
    <SubClassOf>
        <Class IRI="http://purl.obolibrary.org/obo/NGS_0000070"/>
        <Class IRI="http://purl.obolibrary.org/obo/NGS_0000069"/>
    </SubClassOf>
    <SubClassOf>
        <Class IRI="http://purl.obolibrary.org/obo/NGS_0000070"/>
        <DataMaxCardinality cardinality="1">
            <DataProperty IRI="http://purl.obolibrary.org/obo/NGS_0000046"/>
            <Datatype abbreviatedIRI="xsd:boolean"/>
        </DataMaxCardinality>
    </SubClassOf>
    <SubClassOf>
        <Class IRI="http://purl.obolibrary.org/obo/NGS_0000070"/>
        <DataMaxCardinality cardinality="1">
            <DataProperty IRI="http://purl.obolibrary.org/obo/NGS_0000049"/>
            <Datatype abbreviatedIRI="xsd:long"/>
        </DataMaxCardinality>
    </SubClassOf>
    <SubClassOf>
        <Class IRI="http://purl.obolibrary.org/obo/NGS_0000071"/>
        <Class IRI="http://purl.obolibrary.org/obo/NGS_0000069"/>
    </SubClassOf>
    <SubClassOf>
        <Class IRI="http://purl.obolibrary.org/obo/NGS_0000071"/>
        <DataSomeValuesFrom>
            <DataProperty IRI="http://purl.obolibrary.org/obo/NGS_0000045"/>
            <Datatype abbreviatedIRI="xsd:string"/>
        </DataSomeValuesFrom>
    </SubClassOf>
    <SubClassOf>
        <Class IRI="http://purl.obolibrary.org/obo/NGS_0000072"/>
        <Class IRI="http://purl.obolibrary.org/obo/OBI_0000272"/>
    </SubClassOf>
    <SubClassOf>
        <Class IRI="http://purl.obolibrary.org/obo/NGS_0000072"/>
        <ObjectSomeValuesFrom>
            <ObjectProperty IRI="http://purl.obolibrary.org/obo/NGS_0000022"/>
            <Class IRI="http://edamontology.org/data_2527"/>
        </ObjectSomeValuesFrom>
    </SubClassOf>
    <SubClassOf>
        <Class IRI="http://purl.obolibrary.org/obo/NGS_0000072"/>
        <ObjectMaxCardinality cardinality="1">
            <ObjectProperty IRI="http://purl.obolibrary.org/obo/NGS_0000020"/>
            <Class IRI="http://purl.obolibrary.org/obo/OBI_0400103"/>
        </ObjectMaxCardinality>
    </SubClassOf>
    <SubClassOf>
        <Class IRI="http://purl.obolibrary.org/obo/NGS_0000073"/>
        <Class IRI="http://www.ifomis.org/bfo/1.1/snap#Quality"/>
    </SubClassOf>
    <SubClassOf>
        <Class IRI="http://purl.obolibrary.org/obo/NGS_0000073"/>
        <DataMaxCardinality cardinality="1">
            <DataProperty IRI="http://purl.obolibrary.org/obo/NGS_0000081"/>
            <Datatype abbreviatedIRI="xsd:int"/>
        </DataMaxCardinality>
    </SubClassOf>
    <SubClassOf>
        <Class IRI="http://purl.obolibrary.org/obo/NGS_0000074"/>
        <Class IRI="http://purl.obolibrary.org/obo/NGS_0000073"/>
    </SubClassOf>
    <SubClassOf>
        <Class IRI="http://purl.obolibrary.org/obo/NGS_0000074"/>
        <ObjectMaxCardinality cardinality="1">
            <ObjectProperty IRI="http://purl.obolibrary.org/obo/NGS_0000079"/>
            <Class IRI="http://purl.obolibrary.org/obo/OBI_0500000"/>
        </ObjectMaxCardinality>
    </SubClassOf>
    <SubClassOf>
        <Class IRI="http://purl.obolibrary.org/obo/NGS_0000075"/>
        <Class IRI="http://purl.obolibrary.org/obo/NGS_0000073"/>
    </SubClassOf>
    <SubClassOf>
        <Class IRI="http://purl.obolibrary.org/obo/NGS_0000075"/>
        <ObjectMaxCardinality cardinality="1">
            <ObjectProperty IRI="http://purl.obolibrary.org/obo/NGS_0000077"/>
            <Class IRI="http://purl.obolibrary.org/obo/OBI_0000272"/>
        </ObjectMaxCardinality>
    </SubClassOf>
    <SubClassOf>
        <Class IRI="http://purl.obolibrary.org/obo/NGS_0000088"/>
        <Class IRI="http://purl.obolibrary.org/obo/OBI_0000272"/>
    </SubClassOf>
    <SubClassOf>
        <Class IRI="http://purl.obolibrary.org/obo/NGS_0000088"/>
        <ObjectUnionOf>
            <Class IRI="http://purl.obolibrary.org/obo/NGS_0000065"/>
            <Class IRI="http://purl.obolibrary.org/obo/NGS_0000066"/>
        </ObjectUnionOf>
    </SubClassOf>
    <SubClassOf>
        <Class IRI="http://purl.obolibrary.org/obo/NGS_0000088"/>
        <ObjectSomeValuesFrom>
            <ObjectProperty IRI="http://purl.obolibrary.org/obo/NGS_0000022"/>
            <Class IRI="http://edamontology.org/data_2527"/>
        </ObjectSomeValuesFrom>
    </SubClassOf>
    <SubClassOf>
        <Class IRI="http://purl.obolibrary.org/obo/NGS_0000088"/>
        <ObjectMaxCardinality cardinality="1">
            <ObjectProperty IRI="http://purl.obolibrary.org/obo/NGS_0000023"/>
            <Class IRI="http://purl.obolibrary.org/obo/IAO_0000010"/>
        </ObjectMaxCardinality>
    </SubClassOf>
    <SubClassOf>
        <Class IRI="http://purl.obolibrary.org/obo/NGS_0000088"/>
        <ObjectMaxCardinality cardinality="1">
            <ObjectProperty IRI="http://purl.obolibrary.org/obo/NGS_0000063"/>
            <Class IRI="http://purl.obolibrary.org/obo/IAO_0000591"/>
        </ObjectMaxCardinality>
    </SubClassOf>
    <SubClassOf>
        <Class IRI="http://purl.obolibrary.org/obo/NGS_0000090"/>
        <Class IRI="http://purl.obolibrary.org/obo/OBI_0000272"/>
    </SubClassOf>
    <SubClassOf>
        <Class IRI="http://purl.obolibrary.org/obo/NGS_0000090"/>
        <ObjectUnionOf>
            <Class IRI="http://purl.obolibrary.org/obo/NGS_0000065"/>
            <Class IRI="http://purl.obolibrary.org/obo/NGS_0000066"/>
        </ObjectUnionOf>
    </SubClassOf>
    <SubClassOf>
        <Class IRI="http://purl.obolibrary.org/obo/NGS_0000090"/>
        <ObjectSomeValuesFrom>
            <ObjectProperty IRI="http://purl.obolibrary.org/obo/NGS_0000022"/>
            <Class IRI="http://edamontology.org/data_2527"/>
        </ObjectSomeValuesFrom>
    </SubClassOf>
    <SubClassOf>
        <Class IRI="http://purl.obolibrary.org/obo/NGS_0000090"/>
        <ObjectMaxCardinality cardinality="1">
            <ObjectProperty IRI="http://purl.obolibrary.org/obo/NGS_0000023"/>
            <Class IRI="http://purl.obolibrary.org/obo/IAO_0000010"/>
        </ObjectMaxCardinality>
    </SubClassOf>
    <SubClassOf>
        <Class IRI="http://purl.obolibrary.org/obo/NGS_0000090"/>
        <ObjectMaxCardinality cardinality="1">
            <ObjectProperty IRI="http://purl.obolibrary.org/obo/NGS_0000063"/>
            <Class IRI="http://purl.obolibrary.org/obo/IAO_0000591"/>
        </ObjectMaxCardinality>
    </SubClassOf>
    <SubClassOf>
        <Class IRI="http://purl.obolibrary.org/obo/OBI_0000011"/>
        <Class IRI="http://www.ifomis.org/bfo/1.1/span#Process"/>
    </SubClassOf>
    <SubClassOf>
        <Class IRI="http://purl.obolibrary.org/obo/OBI_0000066"/>
        <Class IRI="http://purl.obolibrary.org/obo/OBI_0000011"/>
    </SubClassOf>
    <SubClassOf>
        <Class IRI="http://purl.obolibrary.org/obo/OBI_0000066"/>
        <ObjectSomeValuesFrom>
            <ObjectProperty IRI="http://purl.obolibrary.org/obo/BFO_0000051"/>
            <Class IRI="http://purl.obolibrary.org/obo/OBI_0000471"/>
        </ObjectSomeValuesFrom>
    </SubClassOf>
    <SubClassOf>
        <Class IRI="http://purl.obolibrary.org/obo/OBI_0000066"/>
        <ObjectSomeValuesFrom>
            <ObjectProperty IRI="http://purl.obolibrary.org/obo/NGS_0000015"/>
            <Class IRI="http://purl.org/dc/terms/Agent"/>
        </ObjectSomeValuesFrom>
    </SubClassOf>
    <SubClassOf>
        <Class IRI="http://purl.obolibrary.org/obo/OBI_0000066"/>
        <DataSomeValuesFrom>
            <DataProperty IRI="http://purl.obolibrary.org/obo/NGS_0000053"/>
            <Datatype abbreviatedIRI="xsd:string"/>
        </DataSomeValuesFrom>
    </SubClassOf>
    <SubClassOf>
        <Class IRI="http://purl.obolibrary.org/obo/OBI_0000066"/>
        <DataSomeValuesFrom>
            <DataProperty IRI="http://purl.obolibrary.org/obo/NGS_0000056"/>
            <Datatype abbreviatedIRI="xsd:string"/>
        </DataSomeValuesFrom>
    </SubClassOf>
    <SubClassOf>
        <Class IRI="http://purl.obolibrary.org/obo/OBI_0000066"/>
        <DataMaxCardinality cardinality="1">
            <DataProperty IRI="http://purl.obolibrary.org/obo/NGS_0000054"/>
            <Datatype abbreviatedIRI="xsd:string"/>
        </DataMaxCardinality>
    </SubClassOf>
    <SubClassOf>
        <Class IRI="http://purl.obolibrary.org/obo/OBI_0000066"/>
        <DataMaxCardinality cardinality="1">
            <DataProperty IRI="http://purl.obolibrary.org/obo/NGS_0000055"/>
            <Datatype abbreviatedIRI="xsd:string"/>
        </DataMaxCardinality>
    </SubClassOf>
    <SubClassOf>
        <Class IRI="http://purl.obolibrary.org/obo/OBI_0000066"/>
        <DataMaxCardinality cardinality="1">
            <DataProperty IRI="http://purl.obolibrary.org/obo/NGS_0000080"/>
            <Datatype abbreviatedIRI="xsd:string"/>
        </DataMaxCardinality>
    </SubClassOf>
    <SubClassOf>
        <Class IRI="http://purl.obolibrary.org/obo/OBI_0000257"/>
        <Class IRI="http://purl.obolibrary.org/obo/NGS_0000006"/>
    </SubClassOf>
    <SubClassOf>
        <Class IRI="http://purl.obolibrary.org/obo/OBI_0000272"/>
        <Class IRI="http://purl.obolibrary.org/obo/IAO_0000104"/>
    </SubClassOf>
    <SubClassOf>
        <Class IRI="http://purl.obolibrary.org/obo/OBI_0000272"/>
        <DataMaxCardinality cardinality="1">
            <DataProperty IRI="http://purl.obolibrary.org/obo/NGS_0000040"/>
            <Datatype abbreviatedIRI="xsd:string"/>
        </DataMaxCardinality>
    </SubClassOf>
    <SubClassOf>
        <Class IRI="http://purl.obolibrary.org/obo/OBI_0000435"/>
        <Class IRI="http://purl.obolibrary.org/obo/NGS_0000006"/>
    </SubClassOf>
    <SubClassOf>
        <Class IRI="http://purl.obolibrary.org/obo/OBI_0000471"/>
        <Class IRI="http://www.ifomis.org/bfo/1.1/span#Process"/>
    </SubClassOf>
    <SubClassOf>
        <Class IRI="http://purl.obolibrary.org/obo/OBI_0000471"/>
        <ObjectSomeValuesFrom>
            <ObjectProperty IRI="http://purl.obolibrary.org/obo/BFO_0000051"/>
            <Class IRI="http://purl.obolibrary.org/obo/NGS_0000006"/>
        </ObjectSomeValuesFrom>
    </SubClassOf>
    <SubClassOf>
        <Class IRI="http://purl.obolibrary.org/obo/OBI_0000471"/>
        <ObjectSomeValuesFrom>
            <ObjectProperty IRI="http://purl.obolibrary.org/obo/NGS_0000015"/>
            <Class IRI="http://purl.org/dc/terms/Agent"/>
        </ObjectSomeValuesFrom>
    </SubClassOf>
    <SubClassOf>
        <Class IRI="http://purl.obolibrary.org/obo/OBI_0000471"/>
        <ObjectSomeValuesFrom>
            <ObjectProperty IRI="http://purl.obolibrary.org/obo/NGS_0000076"/>
            <Class IRI="http://purl.obolibrary.org/obo/NGS_0000074"/>
        </ObjectSomeValuesFrom>
    </SubClassOf>
    <SubClassOf>
        <Class IRI="http://purl.obolibrary.org/obo/OBI_0000626"/>
        <Class IRI="http://purl.obolibrary.org/obo/NGS_0000006"/>
    </SubClassOf>
    <SubClassOf>
        <Class IRI="http://purl.obolibrary.org/obo/OBI_0000626"/>
        <ObjectMaxCardinality cardinality="1">
            <ObjectProperty IRI="http://purl.obolibrary.org/obo/OBI_0001950"/>
            <Class IRI="http://purl.obolibrary.org/obo/OBI_0400103"/>
        </ObjectMaxCardinality>
    </SubClassOf>
    <SubClassOf>
        <Class IRI="http://purl.obolibrary.org/obo/OBI_0000711"/>
        <Class IRI="http://purl.obolibrary.org/obo/NGS_0000006"/>
    </SubClassOf>
    <SubClassOf>
        <Class IRI="http://purl.obolibrary.org/obo/OBI_0000747"/>
        <Class IRI="http://purl.obolibrary.org/obo/NGS_0000061"/>
    </SubClassOf>
    <SubClassOf>
        <Class IRI="http://purl.obolibrary.org/obo/OBI_0001051"/>
        <Class IRI="http://purl.obolibrary.org/obo/NGS_0000061"/>
    </SubClassOf>
    <SubClassOf>
        <Class IRI="http://purl.obolibrary.org/obo/OBI_0001051"/>
        <DataSomeValuesFrom>
            <DataProperty IRI="http://purl.obolibrary.org/obo/NGS_0000028"/>
            <Datatype abbreviatedIRI="xsd:string"/>
        </DataSomeValuesFrom>
    </SubClassOf>
    <SubClassOf>
        <Class IRI="http://purl.obolibrary.org/obo/OBI_0001051"/>
        <DataMaxCardinality cardinality="1">
            <DataProperty IRI="http://purl.obolibrary.org/obo/NGS_0000025"/>
            <Datatype abbreviatedIRI="xsd:string"/>
        </DataMaxCardinality>
    </SubClassOf>
    <SubClassOf>
        <Class IRI="http://purl.obolibrary.org/obo/OBI_0001305"/>
        <Class IRI="http://purl.obolibrary.org/obo/NGS_0000061"/>
    </SubClassOf>
    <SubClassOf>
        <Class IRI="http://purl.obolibrary.org/obo/OBI_0001573"/>
        <Class IRI="http://purl.obolibrary.org/obo/NGS_0000061"/>
    </SubClassOf>
    <SubClassOf>
        <Class IRI="http://purl.obolibrary.org/obo/OBI_0001573"/>
        <DataMaxCardinality cardinality="1">
            <DataProperty IRI="http://purl.obolibrary.org/obo/NGS_0000032"/>
            <Datatype abbreviatedIRI="xsd:string"/>
        </DataMaxCardinality>
    </SubClassOf>
    <SubClassOf>
        <Class IRI="http://purl.obolibrary.org/obo/OBI_0001573"/>
        <DataMaxCardinality cardinality="1">
            <DataProperty IRI="http://purl.obolibrary.org/obo/NGS_0000033"/>
            <Datatype abbreviatedIRI="xsd:string"/>
        </DataMaxCardinality>
    </SubClassOf>
    <SubClassOf>
        <Class IRI="http://purl.obolibrary.org/obo/OBI_0400103"/>
        <Class IRI="http://www.ifomis.org/bfo/1.1/snap#MaterialEntity"/>
    </SubClassOf>
    <SubClassOf>
        <Class IRI="http://purl.obolibrary.org/obo/OBI_0400103"/>
        <ObjectSomeValuesFrom>
            <ObjectProperty IRI="http://purl.obolibrary.org/obo/NGS_0000015"/>
            <Class IRI="http://purl.org/dc/terms/Agent"/>
        </ObjectSomeValuesFrom>
    </SubClassOf>
    <SubClassOf>
        <Class IRI="http://purl.obolibrary.org/obo/OBI_0400103"/>
        <DataMaxCardinality cardinality="1">
            <DataProperty IRI="http://purl.obolibrary.org/obo/NGS_0000040"/>
            <Datatype abbreviatedIRI="xsd:string"/>
        </DataMaxCardinality>
    </SubClassOf>
    <SubClassOf>
        <Class IRI="http://purl.obolibrary.org/obo/OBI_0400103"/>
        <DataMaxCardinality cardinality="1">
            <DataProperty IRI="http://purl.obolibrary.org/obo/NGS_0000052"/>
            <Datatype abbreviatedIRI="xsd:string"/>
        </DataMaxCardinality>
    </SubClassOf>
    <SubClassOf>
        <Class IRI="http://purl.obolibrary.org/obo/OBI_0400103"/>
        <DataMaxCardinality cardinality="1">
            <DataProperty IRI="http://purl.obolibrary.org/obo/NGS_0000059"/>
            <Datatype abbreviatedIRI="xsd:string"/>
        </DataMaxCardinality>
    </SubClassOf>
    <SubClassOf>
        <Class IRI="http://purl.obolibrary.org/obo/OBI_0500000"/>
        <Class IRI="http://purl.obolibrary.org/obo/IAO_0000104"/>
    </SubClassOf>
    <SubClassOf>
        <Class IRI="http://purl.obolibrary.org/obo/OBI_0500000"/>
        <ObjectMaxCardinality cardinality="1">
            <ObjectProperty IRI="http://purl.obolibrary.org/obo/NGS_0000078"/>
            <Class IRI="http://purl.obolibrary.org/obo/NGS_0000075"/>
        </ObjectMaxCardinality>
    </SubClassOf>
    <SubClassOf>
        <Class IRI="http://purl.obolibrary.org/obo/SO_0000149"/>
        <Class IRI="http://purl.obolibrary.org/obo/NGS_0000061"/>
    </SubClassOf>
    <SubClassOf>
        <Class IRI="http://purl.obolibrary.org/obo/SO_0000149"/>
        <DataSomeValuesFrom>
            <DataProperty IRI="http://purl.obolibrary.org/obo/NGS_0000058"/>
            <Datatype abbreviatedIRI="xsd:string"/>
        </DataSomeValuesFrom>
    </SubClassOf>
    <SubClassOf>
        <Class IRI="http://purl.obolibrary.org/obo/SO_0000149"/>
        <DataMaxCardinality cardinality="1">
            <DataProperty IRI="http://purl.obolibrary.org/obo/NGS_0000032"/>
            <Datatype abbreviatedIRI="xsd:string"/>
        </DataMaxCardinality>
    </SubClassOf>
    <SubClassOf>
        <Class IRI="http://purl.obolibrary.org/obo/SO_0000149"/>
        <DataMaxCardinality cardinality="1">
            <DataProperty IRI="http://purl.obolibrary.org/obo/NGS_0000033"/>
            <Datatype abbreviatedIRI="xsd:string"/>
        </DataMaxCardinality>
    </SubClassOf>
    <SubClassOf>
        <Class IRI="http://purl.obolibrary.org/obo/SO_0000150"/>
        <Class IRI="http://purl.obolibrary.org/obo/NGS_0000061"/>
    </SubClassOf>
    <SubClassOf>
        <Class IRI="http://purl.obolibrary.org/obo/SO_0000150"/>
        <DataSomeValuesFrom>
            <DataProperty IRI="http://purl.obolibrary.org/obo/NGS_0000032"/>
            <Datatype abbreviatedIRI="xsd:string"/>
        </DataSomeValuesFrom>
    </SubClassOf>
    <SubClassOf>
        <Class IRI="http://purl.obolibrary.org/obo/SO_0000150"/>
        <DataMaxCardinality cardinality="1">
            <DataProperty IRI="http://purl.obolibrary.org/obo/NGS_0000033"/>
            <Datatype abbreviatedIRI="xsd:string"/>
        </DataMaxCardinality>
    </SubClassOf>
    <SubClassOf>
        <Class IRI="http://purl.org/dc/terms/Agent"/>
        <DataSomeValuesFrom>
            <DataProperty IRI="http://purl.obolibrary.org/obo/NGS_0000085"/>
            <Datatype abbreviatedIRI="xsd:anyURI"/>
        </DataSomeValuesFrom>
    </SubClassOf>
    <SubClassOf>
        <Class IRI="http://purl.org/dc/terms/Agent"/>
        <DataSomeValuesFrom>
            <DataProperty IRI="http://purl.obolibrary.org/obo/NGS_0000086"/>
            <Datatype abbreviatedIRI="xsd:anyURI"/>
        </DataSomeValuesFrom>
    </SubClassOf>
    <SubClassOf>
        <Class IRI="http://purl.org/dc/terms/Agent"/>
        <DataSomeValuesFrom>
            <DataProperty IRI="http://purl.obolibrary.org/obo/NGS_0000087"/>
            <Datatype abbreviatedIRI="xsd:anyURI"/>
        </DataSomeValuesFrom>
    </SubClassOf>
    <SubClassOf>
        <Class IRI="http://purl.org/dc/terms/Agent"/>
        <DataSomeValuesFrom>
            <DataProperty IRI="http://xmlns.com/foaf/0.1/mbox"/>
            <Datatype abbreviatedIRI="xsd:anyURI"/>
        </DataSomeValuesFrom>
    </SubClassOf>
    <SubClassOf>
        <Class IRI="http://rdf.ebi.ac.uk/terms/biosd/Sample"/>
        <Class IRI="http://purl.obolibrary.org/obo/OBI_0000747"/>
    </SubClassOf>
    <SubClassOf>
        <Class IRI="http://rest.phyloviz.net/ontology#Isolate"/>
        <Class IRI="http://purl.obolibrary.org/obo/OBI_0000747"/>
    </SubClassOf>
    <SubClassOf>
        <Class IRI="http://www.ifomis.org/bfo/1.1/snap#Continuant"/>
        <Class IRI="http://www.ifomis.org/bfo/1.1#Entity"/>
    </SubClassOf>
    <SubClassOf>
        <Class IRI="http://www.ifomis.org/bfo/1.1/snap#DependentContinuant"/>
        <Class IRI="http://www.ifomis.org/bfo/1.1/snap#Continuant"/>
    </SubClassOf>
    <SubClassOf>
        <Class IRI="http://www.ifomis.org/bfo/1.1/snap#Disposition"/>
        <Class IRI="http://www.ifomis.org/bfo/1.1/snap#RealizableEntity"/>
    </SubClassOf>
    <SubClassOf>
        <Class IRI="http://www.ifomis.org/bfo/1.1/snap#FiatObjectPart"/>
        <Class IRI="http://www.ifomis.org/bfo/1.1/snap#MaterialEntity"/>
    </SubClassOf>
    <SubClassOf>
        <Class IRI="http://www.ifomis.org/bfo/1.1/snap#Function"/>
        <Class IRI="http://www.ifomis.org/bfo/1.1/snap#RealizableEntity"/>
    </SubClassOf>
    <SubClassOf>
        <Class IRI="http://www.ifomis.org/bfo/1.1/snap#GenericallyDependentContinuant"/>
        <Class IRI="http://www.ifomis.org/bfo/1.1/snap#DependentContinuant"/>
    </SubClassOf>
    <SubClassOf>
        <Class IRI="http://www.ifomis.org/bfo/1.1/snap#IndependentContinuant"/>
        <Class IRI="http://www.ifomis.org/bfo/1.1/snap#Continuant"/>
    </SubClassOf>
    <SubClassOf>
        <Class IRI="http://www.ifomis.org/bfo/1.1/snap#MaterialEntity"/>
        <Class IRI="http://www.ifomis.org/bfo/1.1/snap#IndependentContinuant"/>
    </SubClassOf>
    <SubClassOf>
        <Class IRI="http://www.ifomis.org/bfo/1.1/snap#Object"/>
        <Class IRI="http://www.ifomis.org/bfo/1.1/snap#MaterialEntity"/>
    </SubClassOf>
    <SubClassOf>
        <Class IRI="http://www.ifomis.org/bfo/1.1/snap#ObjectAggregate"/>
        <Class IRI="http://www.ifomis.org/bfo/1.1/snap#MaterialEntity"/>
    </SubClassOf>
    <SubClassOf>
        <Class IRI="http://www.ifomis.org/bfo/1.1/snap#ObjectBoundary"/>
        <Class IRI="http://www.ifomis.org/bfo/1.1/snap#IndependentContinuant"/>
    </SubClassOf>
    <SubClassOf>
        <Class IRI="http://www.ifomis.org/bfo/1.1/snap#OneDimensionalRegion"/>
        <Class IRI="http://www.ifomis.org/bfo/1.1/snap#SpatialRegion"/>
    </SubClassOf>
    <SubClassOf>
        <Class IRI="http://www.ifomis.org/bfo/1.1/snap#Quality"/>
        <Class IRI="http://www.ifomis.org/bfo/1.1/snap#SpecificallyDependentContinuant"/>
    </SubClassOf>
    <SubClassOf>
        <Class IRI="http://www.ifomis.org/bfo/1.1/snap#RealizableEntity"/>
        <Class IRI="http://www.ifomis.org/bfo/1.1/snap#SpecificallyDependentContinuant"/>
    </SubClassOf>
    <SubClassOf>
        <Class IRI="http://www.ifomis.org/bfo/1.1/snap#Role"/>
        <Class IRI="http://www.ifomis.org/bfo/1.1/snap#RealizableEntity"/>
    </SubClassOf>
    <SubClassOf>
        <Class IRI="http://www.ifomis.org/bfo/1.1/snap#Site"/>
        <Class IRI="http://www.ifomis.org/bfo/1.1/snap#IndependentContinuant"/>
    </SubClassOf>
    <SubClassOf>
        <Class IRI="http://www.ifomis.org/bfo/1.1/snap#SpatialRegion"/>
        <Class IRI="http://www.ifomis.org/bfo/1.1/snap#Continuant"/>
    </SubClassOf>
    <SubClassOf>
        <Class IRI="http://www.ifomis.org/bfo/1.1/snap#SpecificallyDependentContinuant"/>
        <Class IRI="http://www.ifomis.org/bfo/1.1/snap#DependentContinuant"/>
    </SubClassOf>
    <SubClassOf>
        <Class IRI="http://www.ifomis.org/bfo/1.1/snap#ThreeDimensionalRegion"/>
        <Class IRI="http://www.ifomis.org/bfo/1.1/snap#SpatialRegion"/>
    </SubClassOf>
    <SubClassOf>
        <Class IRI="http://www.ifomis.org/bfo/1.1/snap#TwoDimensionalRegion"/>
        <Class IRI="http://www.ifomis.org/bfo/1.1/snap#SpatialRegion"/>
    </SubClassOf>
    <SubClassOf>
        <Class IRI="http://www.ifomis.org/bfo/1.1/snap#ZeroDimensionalRegion"/>
        <Class IRI="http://www.ifomis.org/bfo/1.1/snap#SpatialRegion"/>
    </SubClassOf>
    <SubClassOf>
        <Class IRI="http://www.ifomis.org/bfo/1.1/span#ConnectedSpatiotemporalRegion"/>
        <Class IRI="http://www.ifomis.org/bfo/1.1/span#SpatiotemporalRegion"/>
    </SubClassOf>
    <SubClassOf>
        <Class IRI="http://www.ifomis.org/bfo/1.1/span#ConnectedTemporalRegion"/>
        <Class IRI="http://www.ifomis.org/bfo/1.1/span#TemporalRegion"/>
    </SubClassOf>
    <SubClassOf>
        <Class IRI="http://www.ifomis.org/bfo/1.1/span#FiatProcessPart"/>
        <Class IRI="http://www.ifomis.org/bfo/1.1/span#ProcessualEntity"/>
    </SubClassOf>
    <SubClassOf>
        <Class IRI="http://www.ifomis.org/bfo/1.1/span#Occurrent"/>
        <Class IRI="http://www.ifomis.org/bfo/1.1#Entity"/>
    </SubClassOf>
    <SubClassOf>
        <Class IRI="http://www.ifomis.org/bfo/1.1/span#Process"/>
        <Class IRI="http://www.ifomis.org/bfo/1.1/span#ProcessualEntity"/>
    </SubClassOf>
    <SubClassOf>
        <Class IRI="http://www.ifomis.org/bfo/1.1/span#ProcessAggregate"/>
        <Class IRI="http://www.ifomis.org/bfo/1.1/span#ProcessualEntity"/>
    </SubClassOf>
    <SubClassOf>
        <Class IRI="http://www.ifomis.org/bfo/1.1/span#ProcessBoundary"/>
        <Class IRI="http://www.ifomis.org/bfo/1.1/span#ProcessualEntity"/>
    </SubClassOf>
    <SubClassOf>
        <Class IRI="http://www.ifomis.org/bfo/1.1/span#ProcessualContext"/>
        <Class IRI="http://www.ifomis.org/bfo/1.1/span#ProcessualEntity"/>
    </SubClassOf>
    <SubClassOf>
        <Class IRI="http://www.ifomis.org/bfo/1.1/span#ProcessualEntity"/>
        <Class IRI="http://www.ifomis.org/bfo/1.1/span#Occurrent"/>
    </SubClassOf>
    <SubClassOf>
        <Class IRI="http://www.ifomis.org/bfo/1.1/span#ScatteredSpatiotemporalRegion"/>
        <Class IRI="http://www.ifomis.org/bfo/1.1/span#SpatiotemporalRegion"/>
    </SubClassOf>
    <SubClassOf>
        <Class IRI="http://www.ifomis.org/bfo/1.1/span#ScatteredTemporalRegion"/>
        <Class IRI="http://www.ifomis.org/bfo/1.1/span#TemporalRegion"/>
    </SubClassOf>
    <SubClassOf>
        <Class IRI="http://www.ifomis.org/bfo/1.1/span#SpatiotemporalInstant"/>
        <Class IRI="http://www.ifomis.org/bfo/1.1/span#ConnectedSpatiotemporalRegion"/>
    </SubClassOf>
    <SubClassOf>
        <Class IRI="http://www.ifomis.org/bfo/1.1/span#SpatiotemporalInterval"/>
        <Class IRI="http://www.ifomis.org/bfo/1.1/span#ConnectedSpatiotemporalRegion"/>
    </SubClassOf>
    <SubClassOf>
        <Class IRI="http://www.ifomis.org/bfo/1.1/span#SpatiotemporalRegion"/>
        <Class IRI="http://www.ifomis.org/bfo/1.1/span#Occurrent"/>
    </SubClassOf>
    <SubClassOf>
        <Class IRI="http://www.ifomis.org/bfo/1.1/span#TemporalInstant"/>
        <Class IRI="http://www.ifomis.org/bfo/1.1/span#ConnectedTemporalRegion"/>
    </SubClassOf>
    <SubClassOf>
        <Class IRI="http://www.ifomis.org/bfo/1.1/span#TemporalInterval"/>
        <Class IRI="http://www.ifomis.org/bfo/1.1/span#ConnectedTemporalRegion"/>
    </SubClassOf>
    <SubClassOf>
        <Class IRI="http://www.ifomis.org/bfo/1.1/span#TemporalRegion"/>
        <Class IRI="http://www.ifomis.org/bfo/1.1/span#Occurrent"/>
    </SubClassOf>
    <DisjointClasses>
        <Class IRI="http://purl.obolibrary.org/obo/NGS_0000065"/>
        <Class IRI="http://purl.obolibrary.org/obo/NGS_0000066"/>
    </DisjointClasses>
    <DisjointClasses>
        <Class IRI="http://purl.obolibrary.org/obo/NGS_0000068"/>
        <Class IRI="http://purl.obolibrary.org/obo/OBI_0400103"/>
    </DisjointClasses>
    <DisjointClasses>
        <Class IRI="http://purl.obolibrary.org/obo/NGS_0000070"/>
        <Class IRI="http://purl.obolibrary.org/obo/NGS_0000071"/>
    </DisjointClasses>
    <DisjointClasses>
        <Class IRI="http://www.ifomis.org/bfo/1.1/snap#Continuant"/>
        <Class IRI="http://www.ifomis.org/bfo/1.1/span#Occurrent"/>
    </DisjointClasses>
    <DisjointClasses>
        <Class IRI="http://www.ifomis.org/bfo/1.1/snap#DependentContinuant"/>
        <Class IRI="http://www.ifomis.org/bfo/1.1/snap#IndependentContinuant"/>
    </DisjointClasses>
    <DisjointClasses>
        <Class IRI="http://www.ifomis.org/bfo/1.1/snap#DependentContinuant"/>
        <Class IRI="http://www.ifomis.org/bfo/1.1/snap#SpatialRegion"/>
    </DisjointClasses>
    <DisjointClasses>
        <Class IRI="http://www.ifomis.org/bfo/1.1/snap#Disposition"/>
        <Class IRI="http://www.ifomis.org/bfo/1.1/snap#Function"/>
    </DisjointClasses>
    <DisjointClasses>
        <Class IRI="http://www.ifomis.org/bfo/1.1/snap#Disposition"/>
        <Class IRI="http://www.ifomis.org/bfo/1.1/snap#Role"/>
    </DisjointClasses>
    <DisjointClasses>
        <Class IRI="http://www.ifomis.org/bfo/1.1/snap#FiatObjectPart"/>
        <Class IRI="http://www.ifomis.org/bfo/1.1/snap#Object"/>
    </DisjointClasses>
    <DisjointClasses>
        <Class IRI="http://www.ifomis.org/bfo/1.1/snap#FiatObjectPart"/>
        <Class IRI="http://www.ifomis.org/bfo/1.1/snap#ObjectAggregate"/>
    </DisjointClasses>
    <DisjointClasses>
        <Class IRI="http://www.ifomis.org/bfo/1.1/snap#FiatObjectPart"/>
        <Class IRI="http://www.ifomis.org/bfo/1.1/snap#ObjectBoundary"/>
    </DisjointClasses>
    <DisjointClasses>
        <Class IRI="http://www.ifomis.org/bfo/1.1/snap#FiatObjectPart"/>
        <Class IRI="http://www.ifomis.org/bfo/1.1/snap#Site"/>
    </DisjointClasses>
    <DisjointClasses>
        <Class IRI="http://www.ifomis.org/bfo/1.1/snap#Function"/>
        <Class IRI="http://www.ifomis.org/bfo/1.1/snap#Role"/>
    </DisjointClasses>
    <DisjointClasses>
        <Class IRI="http://www.ifomis.org/bfo/1.1/snap#GenericallyDependentContinuant"/>
        <Class IRI="http://www.ifomis.org/bfo/1.1/snap#SpecificallyDependentContinuant"/>
    </DisjointClasses>
    <DisjointClasses>
        <Class IRI="http://www.ifomis.org/bfo/1.1/snap#IndependentContinuant"/>
        <Class IRI="http://www.ifomis.org/bfo/1.1/snap#SpatialRegion"/>
    </DisjointClasses>
    <DisjointClasses>
        <Class IRI="http://www.ifomis.org/bfo/1.1/snap#MaterialEntity"/>
        <Class IRI="http://www.ifomis.org/bfo/1.1/snap#ObjectBoundary"/>
    </DisjointClasses>
    <DisjointClasses>
        <Class IRI="http://www.ifomis.org/bfo/1.1/snap#MaterialEntity"/>
        <Class IRI="http://www.ifomis.org/bfo/1.1/snap#Site"/>
    </DisjointClasses>
    <DisjointClasses>
        <Class IRI="http://www.ifomis.org/bfo/1.1/snap#Object"/>
        <Class IRI="http://www.ifomis.org/bfo/1.1/snap#ObjectAggregate"/>
    </DisjointClasses>
    <DisjointClasses>
        <Class IRI="http://www.ifomis.org/bfo/1.1/snap#Object"/>
        <Class IRI="http://www.ifomis.org/bfo/1.1/snap#ObjectBoundary"/>
    </DisjointClasses>
    <DisjointClasses>
        <Class IRI="http://www.ifomis.org/bfo/1.1/snap#Object"/>
        <Class IRI="http://www.ifomis.org/bfo/1.1/snap#Site"/>
    </DisjointClasses>
    <DisjointClasses>
        <Class IRI="http://www.ifomis.org/bfo/1.1/snap#ObjectAggregate"/>
        <Class IRI="http://www.ifomis.org/bfo/1.1/snap#ObjectBoundary"/>
    </DisjointClasses>
    <DisjointClasses>
        <Class IRI="http://www.ifomis.org/bfo/1.1/snap#ObjectAggregate"/>
        <Class IRI="http://www.ifomis.org/bfo/1.1/snap#Site"/>
    </DisjointClasses>
    <DisjointClasses>
        <Class IRI="http://www.ifomis.org/bfo/1.1/snap#ObjectBoundary"/>
        <Class IRI="http://www.ifomis.org/bfo/1.1/snap#Site"/>
    </DisjointClasses>
    <DisjointClasses>
        <Class IRI="http://www.ifomis.org/bfo/1.1/snap#OneDimensionalRegion"/>
        <Class IRI="http://www.ifomis.org/bfo/1.1/snap#ThreeDimensionalRegion"/>
    </DisjointClasses>
    <DisjointClasses>
        <Class IRI="http://www.ifomis.org/bfo/1.1/snap#OneDimensionalRegion"/>
        <Class IRI="http://www.ifomis.org/bfo/1.1/snap#TwoDimensionalRegion"/>
    </DisjointClasses>
    <DisjointClasses>
        <Class IRI="http://www.ifomis.org/bfo/1.1/snap#OneDimensionalRegion"/>
        <Class IRI="http://www.ifomis.org/bfo/1.1/snap#ZeroDimensionalRegion"/>
    </DisjointClasses>
    <DisjointClasses>
        <Class IRI="http://www.ifomis.org/bfo/1.1/snap#Quality"/>
        <Class IRI="http://www.ifomis.org/bfo/1.1/snap#RealizableEntity"/>
    </DisjointClasses>
    <DisjointClasses>
        <Class IRI="http://www.ifomis.org/bfo/1.1/snap#ThreeDimensionalRegion"/>
        <Class IRI="http://www.ifomis.org/bfo/1.1/snap#TwoDimensionalRegion"/>
    </DisjointClasses>
    <DisjointClasses>
        <Class IRI="http://www.ifomis.org/bfo/1.1/snap#ThreeDimensionalRegion"/>
        <Class IRI="http://www.ifomis.org/bfo/1.1/snap#ZeroDimensionalRegion"/>
    </DisjointClasses>
    <DisjointClasses>
        <Class IRI="http://www.ifomis.org/bfo/1.1/snap#TwoDimensionalRegion"/>
        <Class IRI="http://www.ifomis.org/bfo/1.1/snap#ZeroDimensionalRegion"/>
    </DisjointClasses>
    <DisjointClasses>
        <Class IRI="http://www.ifomis.org/bfo/1.1/span#ConnectedSpatiotemporalRegion"/>
        <Class IRI="http://www.ifomis.org/bfo/1.1/span#ScatteredSpatiotemporalRegion"/>
    </DisjointClasses>
    <DisjointClasses>
        <Class IRI="http://www.ifomis.org/bfo/1.1/span#ConnectedTemporalRegion"/>
        <Class IRI="http://www.ifomis.org/bfo/1.1/span#ScatteredTemporalRegion"/>
    </DisjointClasses>
    <DisjointClasses>
        <Class IRI="http://www.ifomis.org/bfo/1.1/span#FiatProcessPart"/>
        <Class IRI="http://www.ifomis.org/bfo/1.1/span#Process"/>
    </DisjointClasses>
    <DisjointClasses>
        <Class IRI="http://www.ifomis.org/bfo/1.1/span#FiatProcessPart"/>
        <Class IRI="http://www.ifomis.org/bfo/1.1/span#ProcessAggregate"/>
    </DisjointClasses>
    <DisjointClasses>
        <Class IRI="http://www.ifomis.org/bfo/1.1/span#FiatProcessPart"/>
        <Class IRI="http://www.ifomis.org/bfo/1.1/span#ProcessBoundary"/>
    </DisjointClasses>
    <DisjointClasses>
        <Class IRI="http://www.ifomis.org/bfo/1.1/span#FiatProcessPart"/>
        <Class IRI="http://www.ifomis.org/bfo/1.1/span#ProcessualContext"/>
    </DisjointClasses>
    <DisjointClasses>
        <Class IRI="http://www.ifomis.org/bfo/1.1/span#Process"/>
        <Class IRI="http://www.ifomis.org/bfo/1.1/span#ProcessAggregate"/>
    </DisjointClasses>
    <DisjointClasses>
        <Class IRI="http://www.ifomis.org/bfo/1.1/span#Process"/>
        <Class IRI="http://www.ifomis.org/bfo/1.1/span#ProcessBoundary"/>
    </DisjointClasses>
    <DisjointClasses>
        <Class IRI="http://www.ifomis.org/bfo/1.1/span#Process"/>
        <Class IRI="http://www.ifomis.org/bfo/1.1/span#ProcessualContext"/>
    </DisjointClasses>
    <DisjointClasses>
        <Class IRI="http://www.ifomis.org/bfo/1.1/span#ProcessAggregate"/>
        <Class IRI="http://www.ifomis.org/bfo/1.1/span#ProcessBoundary"/>
    </DisjointClasses>
    <DisjointClasses>
        <Class IRI="http://www.ifomis.org/bfo/1.1/span#ProcessAggregate"/>
        <Class IRI="http://www.ifomis.org/bfo/1.1/span#ProcessualContext"/>
    </DisjointClasses>
    <DisjointClasses>
        <Class IRI="http://www.ifomis.org/bfo/1.1/span#ProcessBoundary"/>
        <Class IRI="http://www.ifomis.org/bfo/1.1/span#ProcessualContext"/>
    </DisjointClasses>
    <DisjointClasses>
        <Class IRI="http://www.ifomis.org/bfo/1.1/span#ProcessualEntity"/>
        <Class IRI="http://www.ifomis.org/bfo/1.1/span#SpatiotemporalRegion"/>
    </DisjointClasses>
    <DisjointClasses>
        <Class IRI="http://www.ifomis.org/bfo/1.1/span#ProcessualEntity"/>
        <Class IRI="http://www.ifomis.org/bfo/1.1/span#TemporalRegion"/>
    </DisjointClasses>
    <DisjointClasses>
        <Class IRI="http://www.ifomis.org/bfo/1.1/span#SpatiotemporalInstant"/>
        <Class IRI="http://www.ifomis.org/bfo/1.1/span#SpatiotemporalInterval"/>
    </DisjointClasses>
    <DisjointClasses>
        <Class IRI="http://www.ifomis.org/bfo/1.1/span#SpatiotemporalRegion"/>
        <Class IRI="http://www.ifomis.org/bfo/1.1/span#TemporalRegion"/>
    </DisjointClasses>
    <DisjointClasses>
        <Class IRI="http://www.ifomis.org/bfo/1.1/span#TemporalInstant"/>
        <Class IRI="http://www.ifomis.org/bfo/1.1/span#TemporalInterval"/>
    </DisjointClasses>
    <TransitiveObjectProperty>
        <ObjectProperty IRI="http://purl.obolibrary.org/obo/BFO_0000051"/>
    </TransitiveObjectProperty>
    <TransitiveObjectProperty>
        <ObjectProperty IRI="http://purl.obolibrary.org/obo/RO_0002224"/>
    </TransitiveObjectProperty>
    <TransitiveObjectProperty>
        <ObjectProperty IRI="http://purl.obolibrary.org/obo/RO_0002230"/>
    </TransitiveObjectProperty>
    <ObjectPropertyDomain>
        <ObjectProperty IRI="http://purl.obolibrary.org/obo/BFO_0000051"/>
        <ObjectUnionOf>
            <Class IRI="http://purl.obolibrary.org/obo/OBI_0000066"/>
            <Class IRI="http://purl.obolibrary.org/obo/OBI_0000471"/>
        </ObjectUnionOf>
    </ObjectPropertyDomain>
    <ObjectPropertyDomain>
        <ObjectProperty IRI="http://purl.obolibrary.org/obo/NGS_0000015"/>
        <ObjectUnionOf>
            <Class IRI="http://purl.obolibrary.org/obo/OBI_0000066"/>
            <Class IRI="http://purl.obolibrary.org/obo/OBI_0000471"/>
            <Class IRI="http://purl.obolibrary.org/obo/OBI_0400103"/>
        </ObjectUnionOf>
    </ObjectPropertyDomain>
    <ObjectPropertyDomain>
        <ObjectProperty IRI="http://purl.obolibrary.org/obo/NGS_0000020"/>
        <Class IRI="http://purl.obolibrary.org/obo/NGS_0000072"/>
    </ObjectPropertyDomain>
    <ObjectPropertyDomain>
        <ObjectProperty IRI="http://purl.obolibrary.org/obo/NGS_0000022"/>
        <ObjectUnionOf>
            <Class IRI="http://purl.obolibrary.org/obo/NGS_0000064"/>
            <Class IRI="http://purl.obolibrary.org/obo/NGS_0000069"/>
            <Class IRI="http://purl.obolibrary.org/obo/NGS_0000072"/>
        </ObjectUnionOf>
    </ObjectPropertyDomain>
    <ObjectPropertyDomain>
        <ObjectProperty IRI="http://purl.obolibrary.org/obo/NGS_0000023"/>
        <ObjectUnionOf>
            <Class IRI="http://purl.obolibrary.org/obo/NGS_0000064"/>
            <Class IRI="http://purl.obolibrary.org/obo/NGS_0000069"/>
        </ObjectUnionOf>
    </ObjectPropertyDomain>
    <ObjectPropertyDomain>
        <ObjectProperty IRI="http://purl.obolibrary.org/obo/NGS_0000063"/>
        <ObjectUnionOf>
            <Class IRI="http://purl.obolibrary.org/obo/NGS_0000064"/>
            <Class IRI="http://purl.obolibrary.org/obo/NGS_0000069"/>
        </ObjectUnionOf>
    </ObjectPropertyDomain>
    <ObjectPropertyDomain>
        <ObjectProperty IRI="http://purl.obolibrary.org/obo/NGS_0000076"/>
        <Class IRI="http://purl.obolibrary.org/obo/OBI_0000471"/>
    </ObjectPropertyDomain>
    <ObjectPropertyDomain>
        <ObjectProperty IRI="http://purl.obolibrary.org/obo/NGS_0000077"/>
        <Class IRI="http://purl.obolibrary.org/obo/NGS_0000075"/>
    </ObjectPropertyDomain>
    <ObjectPropertyDomain>
        <ObjectProperty IRI="http://purl.obolibrary.org/obo/NGS_0000078"/>
        <Class IRI="http://purl.obolibrary.org/obo/OBI_0500000"/>
    </ObjectPropertyDomain>
    <ObjectPropertyDomain>
        <ObjectProperty IRI="http://purl.obolibrary.org/obo/NGS_0000079"/>
        <Class IRI="http://purl.obolibrary.org/obo/NGS_0000074"/>
    </ObjectPropertyDomain>
    <ObjectPropertyDomain>
        <ObjectProperty IRI="http://purl.obolibrary.org/obo/NGS_0000091"/>
        <Class IRI="http://purl.obolibrary.org/obo/NGS_0000006"/>
    </ObjectPropertyDomain>
    <ObjectPropertyDomain>
        <ObjectProperty IRI="http://purl.obolibrary.org/obo/OBI_0001950"/>
        <Class IRI="http://purl.obolibrary.org/obo/OBI_0000011"/>
    </ObjectPropertyDomain>
    <ObjectPropertyDomain>
        <ObjectProperty IRI="http://purl.obolibrary.org/obo/RO_0002233"/>
        <Class IRI="http://purl.obolibrary.org/obo/NGS_0000006"/>
    </ObjectPropertyDomain>
    <ObjectPropertyDomain>
        <ObjectProperty IRI="http://purl.obolibrary.org/obo/RO_0002234"/>
        <Class IRI="http://purl.obolibrary.org/obo/NGS_0000006"/>
    </ObjectPropertyDomain>
    <ObjectPropertyRange>
        <ObjectProperty IRI="http://purl.obolibrary.org/obo/BFO_0000051"/>
        <ObjectUnionOf>
            <Class IRI="http://purl.obolibrary.org/obo/NGS_0000006"/>
            <Class IRI="http://purl.obolibrary.org/obo/OBI_0000471"/>
        </ObjectUnionOf>
    </ObjectPropertyRange>
    <ObjectPropertyRange>
        <ObjectProperty IRI="http://purl.obolibrary.org/obo/NGS_0000015"/>
        <Class IRI="http://purl.org/dc/terms/Agent"/>
    </ObjectPropertyRange>
    <ObjectPropertyRange>
        <ObjectProperty IRI="http://purl.obolibrary.org/obo/NGS_0000020"/>
        <Class IRI="http://purl.obolibrary.org/obo/OBI_0400103"/>
    </ObjectPropertyRange>
    <ObjectPropertyRange>
        <ObjectProperty IRI="http://purl.obolibrary.org/obo/NGS_0000022"/>
        <Class IRI="http://edamontology.org/data_2527"/>
    </ObjectPropertyRange>
    <ObjectPropertyRange>
        <ObjectProperty IRI="http://purl.obolibrary.org/obo/NGS_0000023"/>
        <Class IRI="http://purl.obolibrary.org/obo/IAO_0000010"/>
    </ObjectPropertyRange>
    <ObjectPropertyRange>
        <ObjectProperty IRI="http://purl.obolibrary.org/obo/NGS_0000063"/>
        <Class IRI="http://purl.obolibrary.org/obo/IAO_0000591"/>
    </ObjectPropertyRange>
    <ObjectPropertyRange>
        <ObjectProperty IRI="http://purl.obolibrary.org/obo/NGS_0000076"/>
        <Class IRI="http://purl.obolibrary.org/obo/NGS_0000074"/>
    </ObjectPropertyRange>
    <ObjectPropertyRange>
        <ObjectProperty IRI="http://purl.obolibrary.org/obo/NGS_0000077"/>
        <Class IRI="http://purl.obolibrary.org/obo/OBI_0000272"/>
    </ObjectPropertyRange>
    <ObjectPropertyRange>
        <ObjectProperty IRI="http://purl.obolibrary.org/obo/NGS_0000078"/>
        <Class IRI="http://purl.obolibrary.org/obo/NGS_0000075"/>
    </ObjectPropertyRange>
    <ObjectPropertyRange>
        <ObjectProperty IRI="http://purl.obolibrary.org/obo/NGS_0000079"/>
        <Class IRI="http://purl.obolibrary.org/obo/OBI_0500000"/>
    </ObjectPropertyRange>
    <ObjectPropertyRange>
        <ObjectProperty IRI="http://purl.obolibrary.org/obo/NGS_0000091"/>
        <Class IRI="http://purl.obolibrary.org/obo/OBI_0000272"/>
    </ObjectPropertyRange>
    <ObjectPropertyRange>
        <ObjectProperty IRI="http://purl.obolibrary.org/obo/OBI_0001950"/>
        <ObjectIntersectionOf>
            <ObjectUnionOf>
                <Class IRI="http://purl.obolibrary.org/obo/NCBITaxon_9606"/>
                <Class IRI="http://purl.obolibrary.org/obo/OBI_0000245"/>
                <Class IRI="http://purl.obolibrary.org/obo/OBI_0000968"/>
            </ObjectUnionOf>
            <ObjectSomeValuesFrom>
                <ObjectProperty IRI="http://purl.obolibrary.org/obo/BFO_0000087"/>
                <Class IRI="http://purl.obolibrary.org/obo/OBI_0000202"/>
            </ObjectSomeValuesFrom>
        </ObjectIntersectionOf>
    </ObjectPropertyRange>
    <ObjectPropertyRange>
        <ObjectProperty IRI="http://purl.obolibrary.org/obo/RO_0002233"/>
        <Class IRI="http://purl.obolibrary.org/obo/NGS_0000061"/>
    </ObjectPropertyRange>
    <ObjectPropertyRange>
        <ObjectProperty IRI="http://purl.obolibrary.org/obo/RO_0002234"/>
        <Class IRI="http://purl.obolibrary.org/obo/NGS_0000061"/>
    </ObjectPropertyRange>
    <SubObjectPropertyOf>
        <ObjectPropertyChain>
            <ObjectProperty IRI="http://purl.obolibrary.org/obo/RO_0002224"/>
            <ObjectProperty IRI="http://purl.obolibrary.org/obo/RO_0002233"/>
        </ObjectPropertyChain>
        <ObjectProperty IRI="http://purl.obolibrary.org/obo/RO_0002233"/>
    </SubObjectPropertyOf>
    <SubObjectPropertyOf>
        <ObjectPropertyChain>
            <ObjectProperty IRI="http://purl.obolibrary.org/obo/RO_0002230"/>
            <ObjectProperty IRI="http://purl.obolibrary.org/obo/RO_0002234"/>
        </ObjectPropertyChain>
        <ObjectProperty IRI="http://purl.obolibrary.org/obo/RO_0002234"/>
    </SubObjectPropertyOf>
</Ontology>



<!-- Generated by the OWL API (version 4.2.8) https://github.com/owlcs/owlapi -->

